"gene","module","kME"
"HSPA1B",4,NA
"HSPA1A",4,NA
"LARS2",1,NA
"GM24270",1,NA
"GM23935",1,NA
"TTR",9,NA
"GM15564",1,NA
"GM24187",1,NA
"A2M",2,NA
"ATF3",4,NA
"SPP1",2,NA
"GM25911",1,NA
"HMOX1",1,NA
"MSR1",2,NA
"MMP3",2,NA
"CCL9",2,NA
"HSPB1",4,NA
"CD14",2,NA
"IL1RN",2,NA
"CCL2",2,NA
"RNY1",5,NA
"SERPINA3N",2,NA
"CCL4",2,NA
"GM15124",4,NA
"TTLL13",4,NA
"FLNC",2,NA
"TNC",2,NA
"TGM1",2,NA
"LILRB4",2,NA
"DNAJB1",4,NA
"MMP12",2,NA
"CCL12",2,NA
"GPR84",2,NA
"STC2",1,NA
"EMP1",2,NA
"RNY3",5,NA
"ADAM8",2,NA
"GM10800",5,NA
"LGALS3",2,NA
"TLR2",2,NA
"CHAC1",1,NA
"SERPINE1",2,NA
"CCL3",2,NA
"PTX3",2,NA
"ADAMTS9",2,NA
"FOS",12,NA
"HSPH1",1,NA
"C3AR1",2,NA
"THBS1",2,NA
"SOCS3",2,NA
"AY036118",1,NA
"CD44",3,NA
"ADAMTS1",2,NA
"GP49A",2,NA
"ESR1",1,NA
"GM24245",1,NA
"OSMR",2,NA
"LRRC32",4,NA
"TIMP1",2,NA
"GFAP",2,NA
"TGFBI",2,NA
"CYBB",2,NA
"C5AR1",2,NA
"ADORA2A",11,NA
"CXCL1",2,NA
"NEAT1",2,NA
"4930562C15RIK",1,NA
"F5",9,NA
"SLC10A6",2,NA
"JUN",4,NA
"PDE6B",1,NA
"LIF",2,NA
"SESN2",1,NA
"NPAS4",4,NA
"TRH",8,NA
"GPR35",2,NA
"TNFRSF12A",2,NA
"LCN2",2,NA
"PRLR",9,NA
"CAPG",2,NA
"ICAM1",2,NA
"PLIN2",2,NA
"SERPINH1",1,NA
"SELE",2,NA
"SIX4",1,NA
"CDHR1",13,NA
"RRAD",4,NA
"VIM",2,NA
"MS4A6D",2,NA
"MAK",1,NA
"GM25541",5,NA
"CD72",2,NA
"DRD2",11,NA
"PLAUR",2,NA
"BAIAP3",8,NA
"PIEZO1",1,NA
"IL6",2,NA
"GADD45G",4,NA
"GADD45B",4,NA
"SLC15A3",2,NA
"PRG4",3,NA
"GEM",4,NA
"GPR101",8,NA
"PLEK",2,NA
"CD93",2,NA
"GM25835",5,NA
"ANXA2",2,NA
"CLIC6",9,NA
"KL",9,NA
"LRRC10B",11,NA
"RNU12",5,NA
"GM24525",5,NA
"BAG3",4,NA
"GM22270",5,NA
"NPTX2",1,NA
"GM25776",5,NA
"TMEM72",9,NA
"SMTNL2",1,NA
"IL11",2,NA
"TNFRSF1A",2,NA
"TRIB3",1,NA
"GM25107",5,NA
"GM22058",5,NA
"EGR2",12,NA
"CYP1B1",2,NA
"LPL",2,NA
"SLC4A5",9,NA
"MORC4",1,NA
"NTS",8,NA
"MSN",2,NA
"CSF2RB",2,NA
"DMBX1",1,NA
"GM25117",5,NA
"VAULTRC5",5,NA
"OXT",8,NA
"GM25394",5,NA
"SCARNA3A",5,NA
"IGF2BP2",2,NA
"CYR61",2,NA
"CCL6",2,NA
"HSPE1",1,NA
"COL5A3",1,NA
"GM25788",5,NA
"GDF15",2,NA
"PARP3",2,NA
"MAP3K14",1,NA
"DAB2",2,NA
"TMEM252",2,NA
"HSPD1",1,NA
"LOXHD1",1,NA
"SRGN",2,NA
"GM10801",5,NA
"CCL11",2,NA
"EDA2R",2,NA
"CTLA2A",2,NA
"GM23624",5,NA
"NES",2,NA
"C4B",2,NA
"KLK6",2,NA
"IGSF1",8,NA
"ITGA5",2,NA
"CXADR",1,NA
"C3",2,NA
"FOLR1",9,NA
"DUSP2",4,NA
"1600002K03RIK",1,NA
"S100A9",2,NA
"FOSB",12,NA
"GM23245",5,NA
"GM22422",5,NA
"USPL1",1,NA
"CTSC",2,NA
"GM24044",5,NA
"SPHK1",2,NA
"PLAU",2,NA
"SNORA21",5,NA
"GM24616",5,NA
"WISP1",1,NA
"MVP",2,NA
"CCL7",2,NA
"GM26493",5,NA
"SNORD15A",5,NA
"PENK",11,NA
"GM23238",5,NA
"PPP1R15A",4,NA
"SNORA34",5,NA
"RHOJ",2,NA
"GM25129",5,NA
"EIF4EBP1",1,NA
"1500015O10RIK",9,NA
"LRRN4CL",1,NA
"IFITM3",2,NA
"TLR1",2,NA
"TM4SF1",2,NA
"CEBPD",2,NA
"STRA6",2,NA
"PROCR",2,NA
"CD109",1,NA
"GM23502",5,NA
"P2RY12",1,NA
"RGS9",11,NA
"ZFP408",1,NA
"AW551984",8,NA
"SERPINA9",11,NA
"CXCL10",2,NA
"GM22767",5,NA
"GBP2",2,NA
"DEFB42",4,NA
"NFIL3",4,NA
"GM22154",5,NA
"CDH5",2,NA
"ADCY7",1,NA
"9430008C03RIK",1,NA
"GM26397",5,NA
"1810032O08RIK",1,NA
"STEAP4",2,NA
"SBNO2",2,NA
"AQP1",9,NA
"DNAH11",13,NA
"MFRP",9,NA
"HSPG2",2,NA
"RNU11",5,NA
"GM10634",4,NA
"EDN1",2,NA
"GM22748",5,NA
"FRMD7",13,NA
"TAGLN2",2,NA
"SLC5A7",11,NA
"GM24233",5,NA
"SCN5A",8,NA
"TAC1",11,NA
"GM26165",5,NA
"ANGPTL4",2,NA
"FAM186B",4,NA
"MICALCL",1,NA
"IRS4",8,NA
"AKAP12",2,NA
"ADAMTS4",2,NA
"SH3RF2",11,NA
"GM22486",5,NA
"SLC14A1",2,NA
"CALB2",8,NA
"CSF2RB2",2,NA
"SLC5A3",4,NA
"SNORA68",5,NA
"GM24727",5,NA
"MAFF",2,NA
"8430408G22RIK",12,NA
"PMAIP1",1,NA
"CAPN11",0,NA
"GJB2",2,NA
"GM22362",5,NA
"PAPPA",2,NA
"AVP",8,NA
"DLK1",8,NA
"UCN2",2,NA
"CCR5",2,NA
"ZFP516",4,NA
"MT2",1,NA
"A3GALT2",1,NA
"GLIPR2",2,NA
"CDR2",1,NA
"CXCL16",2,NA
"STBD1",1,NA
"SYNDIG1L",11,NA
"GM24455",5,NA
"GTSE1",1,NA
"ECEL1",8,NA
"NUMB",1,NA
"IL33",2,NA
"GM25820",5,NA
"CD300LD",2,NA
"BAZ1A",2,NA
"TEX15",1,NA
"WDR95",2,NA
"NLRC5",2,NA
"RGS16",4,NA
"SLC11A1",2,NA
"NFKB2",2,NA
"FCGR1",2,NA
"GM22519",5,NA
"SNORA31",5,NA
"GM25291",5,NA
"DUOX1",4,NA
"FZD5",4,NA
"ARC",1,NA
"SELPLG",3,NA
"KLF10",4,NA
"ADCY4",2,NA
"CDK6",2,NA
"2410131K14RIK",1,NA
"NAIP2",2,NA
"CD244",2,NA
"CD180",2,NA
"MTHFD2",1,NA
"GM23971",5,NA
"GPR156",1,NA
"GM26035",5,NA
"BTC",2,NA
"G530011O06RIK",2,NA
"ALDH1A2",2,NA
"DIO2",7,NA
"CD68",2,NA
"MS4A6C",2,NA
"GM24146",5,NA
"CSRNP1",4,NA
"CH25H",2,NA
"DNAJA1",1,NA
"IL4RA",2,NA
"ECSCR",2,NA
"TTN",4,NA
"SLC7A11",2,NA
"OMP",13,NA
"TUBB6",2,NA
"GM23639",5,NA
"SGMS2",9,NA
"PTPN6",2,NA
"ARID5A",4,NA
"VWF",2,NA
"CLCF1",2,NA
"CCR1",2,NA
"HBEGF",2,NA
"GM25492",5,NA
"PROS1",2,NA
"MT-ATP6",3,NA
"CLDN2",9,NA
"B3GNT3",1,NA
"NGFR",2,NA
"IL1B",2,NA
"RDH10",2,NA
"COL4A1",2,NA
"GM10382",4,NA
"IFI30",2,NA
"GABRQ",8,NA
"ITM2A",1,NA
"INSM2",1,NA
"LCP1",2,NA
"NDST4",8,NA
"GM23442",5,NA
"CDKN1A",1,NA
"GM25822",5,NA
"CD53",2,NA
"5430435G22RIK",2,NA
"CHAT",11,NA
"FCGR4",2,NA
"CLIC1",2,NA
"GPR6",11,NA
"MAGEL2",4,NA
"CYYR1",2,NA
"CLEC5A",2,NA
"CSF1",2,NA
"USP36",1,NA
"TLR13",2,NA
"ENTPD8",1,NA
"RNF213",2,NA
"RFPL4",1,NA
"RCE1",1,NA
"EGR4",3,NA
"ICOSL",1,NA
"GM22786",5,NA
"MUC2",2,NA
"LYZ2",2,NA
"TNF",1,NA
"PARP14",2,NA
"TH",13,NA
"TGM2",2,NA
"AMOTL2",4,NA
"CECR2",4,NA
"1110002E22RIK",4,NA
"NFKBIZ",4,NA
"GM23973",5,NA
"XLR3B",4,NA
"NOS3",2,NA
"SLFN2",2,NA
"NR4A2",2,NA
"PTGS2",1,NA
"UBC",1,NA
"SNORA7A",5,NA
"PLTP",1,NA
"SNORA78",5,NA
"PPP1R3G",1,NA
"HK3",2,NA
"FCGR2B",2,NA
"AGT",8,NA
"APOD",2,NA
"GM12141",1,NA
"ARHGAP36",8,NA
"S100A8",2,NA
"GM10855",6,NA
"RHCG",4,NA
"IGHM",3,NA
"REST",1,NA
"GUCY2C",1,NA
"GM14443",1,NA
"1700011H14RIK",1,NA
"GPR149",11,NA
"NFKBID",4,NA
"LPAR2",4,NA
"MYOC",3,NA
"CD4",11,NA
"TMEM119",2,NA
"FOXO6",4,NA
"GM25848",5,NA
"ARRDC4",4,NA
"1700016P03RIK",4,NA
"MIR1949",5,NA
"APOBEC1",2,NA
"IGFBP7",2,NA
"SAPCD2",1,NA
"ASPG",2,NA
"GM15425",1,NA
"GM23346",5,NA
"TEKT4",8,NA
"MT-CO2",3,NA
"GM15726",2,NA
"MMP19",2,NA
"ABI3BP",3,NA
"EPHA1",4,NA
"GM11974",1,NA
"POSTN",2,NA
"ERBB3",10,NA
"RSAD2",2,NA
"NR4A3",3,NA
"GM16310",4,NA
"GJB1",2,NA
"GM25813",5,NA
"OGN",1,NA
"PLEKHO2",2,NA
"MED26",1,NA
"FAM167A",4,NA
"NR4A1",1,NA
"NLRP3",2,NA
"NUAK2",2,NA
"GALNT15",4,NA
"GH",4,NA
"OCA2",9,NA
"ANGPT2",2,NA
"RECQL4",1,NA
"STK40",1,NA
"DUSP16",4,NA
"COL1A1",9,NA
"CD63",2,NA
"ATP10D",4,NA
"GM24447",5,NA
"DUSP1",12,NA
"GBP3",1,NA
"ADCY10",2,NA
"CXCL2",2,NA
"ZFP597",1,NA
"RASL11B",4,NA
"GPNMB",1,NA
"PLAGL2",1,NA
"CDH23",1,NA
"DGKK",8,NA
"APOLD1",1,NA
"GPR17",2,NA
"GBP7",2,NA
"GM25791",5,NA
"DNAH17",1,NA
"SOSTDC1",9,NA
"PLA2G4A",2,NA
"CDH1",4,NA
"EMILIN1",1,NA
"TNPO1",1,NA
"GLDN",1,NA
"IFI204",2,NA
"PHF13",4,NA
"BDKRB2",4,NA
"FAM83H",4,NA
"KLF4",2,NA
"EGR1",3,NA
"ITGAX",2,NA
"GM22973",3,NA
"CYTH4",2,NA
"COL8A2",9,NA
"EMCN",2,NA
"THBD",2,NA
"SFRP4",4,NA
"CREB5",4,NA
"DYSF",2,NA
"EPHA2",2,NA
"PTGES",2,NA
"SLCO2A1",1,NA
"A730049H05RIK",2,NA
"UCP2",2,NA
"MARVELD2",4,NA
"GM26461",5,NA
"DUOX2",1,NA
"ARL5C",1,NA
"SNORD8",5,NA
"ITGB2",2,NA
"RGS1",2,NA
"LY6A",2,NA
"NTSR1",3,NA
"SCRT2",1,NA
"PTBP1",2,NA
"FAM107B",2,NA
"HCAR2",2,NA
"PIGM",1,NA
"ADAMTSL3",2,NA
"1700007B14RIK",1,NA
"SDC1",4,NA
"RGS9BP",1,NA
"GM24514",5,NA
"FAM115C",1,NA
"MEX3A",1,NA
"RNF125",2,NA
"PYCARD",2,NA
"FCER1G",2,NA
"VIPR2",13,NA
"SNORD118",5,NA
"ZFP36",2,NA
"DCN",2,NA
"IL31RA",4,NA
"CISH",4,NA
"IRF9",2,NA
"AIM1L",4,NA
"SLC2A5",1,NA
"SOX11",1,NA
"ANO2",1,NA
"PRKCD",8,NA
"RHBDF2",2,NA
"FGL2",2,NA
"VAV1",2,NA
"GPR88",11,NA
"RARA",4,NA
"PLSCR2",1,NA
"FAM129A",1,NA
"GTF2IRD1",1,NA
"HCK",2,NA
"XDH",12,NA
"MT-ATP8",1,NA
"MT-CO3",5,NA
"LITAF",2,NA
"ARPC1B",2,NA
"NTRK1",11,NA
"SOX9",2,NA
"SLC30A1",4,NA
"NCKAP1L",2,NA
"PLIN4",10,NA
"DDX20",1,NA
"MILR1",2,NA
"CDKN2AIP",1,NA
"CCDC86",4,NA
"IER2",4,NA
"FIBIN",1,NA
"CLEC7A",2,NA
"WNT10B",1,NA
"ENPP2",9,NA
"TAP1",2,NA
"SNORA47",5,NA
"GNL3",1,NA
"PIK3AP1",2,NA
"KDR",2,NA
"PRTN3",1,NA
"SNORA33",5,NA
"MYC",2,NA
"MSLN",2,NA
"TNFAIP6",4,NA
"BCOR",4,NA
"4932418E24RIK",11,NA
"GM15737",2,NA
"ARL4D",12,NA
"CCDC117",1,NA
"3110035E14RIK",2,NA
"SWT1",1,NA
"TMEM106A",4,NA
"FMOD",3,NA
"ENG",2,NA
"AMIGO3",4,NA
"CEBPB",1,NA
"SLCO1A4",12,NA
"TGIF1",2,NA
"GM26316",5,NA
"CD86",2,NA
"MLPH",2,NA
"CDC25A",1,NA
"XIRP1",2,NA
"2410006H16RIK",1,NA
"GM10557",1,NA
"TXNRD1",1,NA
"SIGLECH",1,NA
"TUBA1C",2,NA
"SELP",2,NA
"MID1",5,NA
"GM11223",5,NA
"COL3A1",1,NA
"DNAJB4",1,NA
"FN1",2,NA
"NECAP2",1,NA
"PTPRC",2,NA
"RXRG",11,NA
"VPS37B",1,NA
"SNORA28",5,NA
"MS4A15",13,NA
"CYBA",2,NA
"GM13341",5,NA
"PPL",4,NA
"PLEKHH3",1,NA
"DUSP14",1,NA
"GNG4",3,NA
"ETV3",1,NA
"FHDC1",4,NA
"BIRC3",2,NA
"DOC2G",13,NA
"CP",2,NA
"TNFRSF1B",2,NA
"COL4A2",2,NA
"PABPC1L",2,NA
"FREM3",8,NA
"SDE2",1,NA
"TRIM16",2,NA
"5031410I06RIK",2,NA
"MYCN",4,NA
"NLRP5-PS",3,NA
"OASL2",2,NA
"TRIM30A",2,NA
"CD84",2,NA
"DNAJC25",1,NA
"PPARG",1,NA
"SHMT2",1,NA
"LRTM1",6,NA
"TRIM47",2,NA
"SCGB3A1",2,NA
"MS4A6B",2,NA
"SLC22A6",3,NA
"PBX3",13,NA
"FXYD5",2,NA
"ZFP574",4,NA
"BCL3",2,NA
"IGSF6",3,NA
"PAPPA2",3,NA
"GM10558",4,NA
"HK2",2,NA
"BCL6B",2,NA
"DACT1",4,NA
"KLF11",4,NA
"LRG1",2,NA
"SP8",13,NA
"BTG3",1,NA
"JUNB",12,NA
"STAT3",2,NA
"FGF5",4,NA
"SOX4",4,NA
"DRD1A",11,NA
"OTOF",3,NA
"UPP1",2,NA
"CD9",2,NA
"CENPA",1,NA
"PEG10",1,NA
"GM22179",5,NA
"CLDN1",9,NA
"COL8A1",9,NA
"GM23751",5,NA
"PECAM1",2,NA
"CD52",2,NA
"BTG2",4,NA
"LYVE1",2,NA
"ARSJ",1,NA
"DNAJA4",1,NA
"GGTA1",2,NA
"ATP8B1",2,NA
"PARD6B",1,NA
"DLL1",4,NA
"TMED8",1,NA
"TRPV4",3,NA
"MRPS6",1,NA
"MYL9",3,NA
"BST2",2,NA
"VMN1R55",1,NA
"CD36",2,NA
"CTLA2B",2,NA
"GAS2L3",4,NA
"DNAH12",2,NA
"MMRN2",2,NA
"DDIT3",1,NA
"BBC3",1,NA
"WWTR1",2,NA
"LAMA1",9,NA
"CDT1",4,NA
"RAC2",1,NA
"DCAF10",1,NA
"INHBB",4,NA
"CBFA2T3",1,NA
"P2RY2",2,NA
"PLK5",3,NA
"FAM19A1",1,NA
"GM10115",6,NA
"ASB4",9,NA
"HAP1",8,NA
"GM13339",2,NA
"PSRC1",4,NA
"DNAH10",1,NA
"VMN2R-PS54",4,NA
"ZFP52",4,NA
"ZBTB42",4,NA
"CLEC4D",2,NA
"DUSP10",2,NA
"SLC16A4",7,NA
"GM13340",5,NA
"CERS3",1,NA
"CD74",3,NA
"JADE3",1,NA
"CD24A",4,NA
"ZFAND2A",1,NA
"RAD54L",4,NA
"NAB2",4,NA
"TSC22D3",2,NA
"MT1",1,NA
"APBB1IP",2,NA
"HPX",1,NA
"GM26205",5,NA
"SCARA5",2,NA
"IL13RA1",2,NA
"FERMT3",2,NA
"HS3ST4",3,NA
"TRF",2,NA
"DSP",9,NA
"FGR",2,NA
"TNFSF8",1,NA
"NUAK1",1,NA
"BAMBI",12,NA
"ARNTL",1,NA
"RPPH1",7,NA
"RCOR1",1,NA
"VMN1R56",1,NA
"GM13889",4,NA
"PDPN",2,NA
"LYPD1",3,NA
"KIF24",1,NA
"AVPR1A",2,NA
"SPTY2D1",1,NA
"SERPING1",2,NA
"TMC4",1,NA
"SLAMF9",1,NA
"NPY2R",8,NA
"TRIM17",4,NA
"CTGF",11,NA
"NDN",3,NA
"KIF2C",1,NA
"TLR4",2,NA
"AI607873",2,NA
"FKBP5",9,NA
"TXNIP",4,NA
"CCNL1",4,NA
"LTBP2",2,NA
"BC018473",1,NA
"CYB5R1",1,NA
"ALDH1L2",1,NA
"ZBTB1",4,NA
"NCF4",2,NA
"DENND3",4,NA
"DEDD2",1,NA
"ABCA9",2,NA
"ABCA4",9,NA
"ADAMTS19",13,NA
"PRKAB2",1,NA
"PRRG4",1,NA
"MT-TP",4,NA
"DMKN",1,NA
"GM694",2,NA
"RND3",4,NA
"ACVRL1",2,NA
"KIF23",4,NA
"KCNE2",3,NA
"P2RY6",2,NA
"DIO3",3,NA
"VMN2R1",1,NA
"1700064H15RIK",4,NA
"ALKBH1",3,NA
"CD28",1,NA
"ELOVL1",2,NA
"SPAG5",1,NA
"GM20491",6,NA
"LAT2",2,NA
"PODXL",2,NA
"BC005561",3,NA
"FAM187A",1,NA
"CCKBR",1,NA
"GALNT6",2,NA
"HMCN2",1,NA
"LCP2",2,NA
"CD274",2,NA
"NOD2",2,NA
"CAMKK2",3,NA
"KIF26A",4,NA
"CCNB1",4,NA
"PROKR2",4,NA
"TWISTNB",1,NA
"SLC35D3",11,NA
"ELF4",2,NA
"TACR1",11,NA
"GM9989",2,NA
"N6AMT2",4,NA
"HBB-BT",1,NA
"CHORDC1",1,NA
"CBLN4",3,NA
"NLRP2",1,NA
"NREP",1,NA
"KCTD15",1,NA
"PLCE1",2,NA
"RMRP",5,NA
"TMEM173",2,NA
"IRF8",2,NA
"STEAP3",2,NA
"GM6483",1,NA
"CLDN5",1,NA
"SPI1",2,NA
"DACH1",11,NA
"SAMD3",4,NA
"DSE",1,NA
"MYL4",3,NA
"UHRF1",2,NA
"PTGDS",9,NA
"SLC19A2",1,NA
"FLNA",2,NA
"GM15342",4,NA
"GM1979",2,NA
"PSPH",1,NA
"4933423P22RIK",7,NA
"PTPRO",8,NA
"DDX21",1,NA
"CXX1C",3,NA
"SLC10A4",11,NA
"FZD2",3,NA
"GM15319",1,NA
"RAB20",2,NA
"SSFA2",4,NA
"ARHGAP11A",3,NA
"SLFN8",3,NA
"AEBP1",4,NA
"DDX39",1,NA
"CCDC184",4,NA
"GMEB2",1,NA
"REM2",6,NA
"CCL17",1,NA
"PLK3",4,NA
"ZIM1",3,NA
"4930578C19RIK",2,NA
"IFIT1",2,NA
"PDP1",1,NA
"LIPG",4,NA
"HCLS1",2,NA
"TAS2R135",4,NA
"ALDH18A1",1,NA
"SLC13A4",3,NA
"SIGLEC1",2,NA
"UTP14B",4,NA
"JAG1",2,NA
"LOX",2,NA
"PPP1R15B",1,NA
"GDF5",4,NA
"SNORA30",5,NA
"AHNAK",2,NA
"PPAN",4,NA
"LGR5",13,NA
"LBP",3,NA
"EHD2",2,NA
"FCRLS",2,NA
"CHD7",2,NA
"COQ10B",1,NA
"COL10A1",4,NA
"4921534H16RIK",7,NA
"GM7452",7,NA
"CYP3A57",1,NA
"MYO15",2,NA
"PGR15L",4,NA
"EFNB1",4,NA
"MOB1A",1,NA
"ITIH3",8,NA
"S1PR2",4,NA
"JMJD6",1,NA
"B3GNT7",4,NA
"OPALIN",1,NA
"PTPN1",1,NA
"GM2639",6,NA
"TRAM2",2,NA
"CSRNP2",1,NA
"BTBD17",1,NA
"ZCCHC12",8,NA
"RPRM",3,NA
"GM16185",7,NA
"UBOX5",1,NA
"NID1",2,NA
"GM14636",10,NA
"HSP90AA1",1,NA
"STX1A",3,NA
"MAPKAPK2",4,NA
"CCND2",1,NA
"EFNA1",4,NA
"FYB",2,NA
"AMMECR1L",1,NA
"BEND4",1,NA
"RARG",4,NA
"DLL4",4,NA
"ZFP143",1,NA
"PISD-PS1",2,NA
"NEDD9",4,NA
"DENND2C",4,NA
"SLC25A13",0,NA
"KRT18",9,NA
"TPM4",2,NA
"9330020H09RIK",1,NA
"PTRF",1,NA
"XKR7",4,NA
"SIAH2",4,NA
"MX2",1,NA
"LDLR",1,NA
"SPEER4A",2,NA
"MFSD2B",7,NA
"DSC3",2,NA
"PIRB",2,NA
"C1QL2",8,NA
"BACH2",4,NA
"DIRAS2",2,NA
"KCNJ2",4,NA
"GLI1",2,NA
"ROBO4",2,NA
"HTR2C",11,NA
"KLF6",4,NA
"GLCE",1,NA
"CASR",8,NA
"GBP6",2,NA
"ZIC1",8,NA
"MYH7",3,NA
"RASL10A",3,NA
"SLC22A8",4,NA
"SEC14L5",2,NA
"CALCRL",3,NA
"2310058D17RIK",4,NA
"LYN",2,NA
"GM13833",7,NA
"FAM228A",6,NA
"IL1A",2,NA
"SLC16A10",4,NA
"RNU3A",5,NA
"ANXA4",2,NA
"PDE4C",4,NA
"GM16041",3,NA
"CX3CR1",12,NA
"KLHL13",11,NA
"AEN",1,NA
"GM13493",5,NA
"ZC3HAV1",2,NA
"ZFP110",1,NA
"TRIM72",2,NA
"KLF8",4,NA
"SLC7A10",1,NA
"APOBEC3",2,NA
"ZFP623",1,NA
"ITGAM",6,NA
"1700123L14RIK",6,NA
"1810011O10RIK",1,NA
"SHE",2,NA
"2310014L17RIK",4,NA
"ATAD2",1,NA
"IGFBP3",2,NA
"STAG3",1,NA
"1110008P14RIK",3,NA
"MEGF6",8,NA
"CCDC158",1,NA
"TUFT1",4,NA
"ARMC7",1,NA
"PDK4",4,NA
"KCNA5",13,NA
"SCN4B",11,NA
"GM5862",2,NA
"FIBCD1",3,NA
"RPL12",1,NA
"RXFP1",1,NA
"PCP4",3,NA
"GM22488",5,NA
"B630005N14RIK",1,NA
"NOTCH1",2,NA
"SULT1A1",6,NA
"STMN3",3,NA
"FLT4",2,NA
"COL7A1",2,NA
"FES",2,NA
"ANKRD63",3,NA
"GJC2",1,NA
"HIST1H4H",3,NA
"GM12346",1,NA
"CADPS2",2,NA
"PKN3",2,NA
"ALPK3",1,NA
"RHOF",1,NA
"PIM3",4,NA
"GPR3",12,NA
"ATXN1L",1,NA
"MT-ND4",3,NA
"MMP14",2,NA
"ERICH6",3,NA
"MYO1F",2,NA
"SLC7A1",1,NA
"VIPR1",1,NA
"MOB1B",1,NA
"ITPKA",3,NA
"GM11870",2,NA
"WDR86",9,NA
"RUNX1",2,NA
"GRM4",3,NA
"BLNK",1,NA
"GM11611",7,NA
"SLC37A2",3,NA
"PHYKPL",4,NA
"2810459M11RIK",4,NA
"MYOF",2,NA
"TRAF6",1,NA
"MYH3",1,NA
"SPRY1",4,NA
"PEAR1",3,NA
"BEND3",1,NA
"RBM24",1,NA
"KIF21B",4,NA
"SLC8B1",2,NA
"ARRDC2",3,NA
"CHIL3",2,NA
"SLC16A1",4,NA
"NEU4",3,NA
"NDRG1",3,NA
"SNORA23",5,NA
"SLC2A4RG-PS",10,NA
"GM10710",8,NA
"SMAD1",1,NA
"CACNG5",13,NA
"KLHL6",2,NA
"CDON",1,NA
"TPPP3",3,NA
"GM12940",10,NA
"RGS14",3,NA
"GM15606",6,NA
"TRIM43C",1,NA
"SNX30",1,NA
"MYRF",2,NA
"GM13050",5,NA
"USP53",1,NA
"ADAMTS15",12,NA
"RFX2",4,NA
"NAA50",1,NA
"CXCL12",1,NA
"IRGM1",4,NA
"CDSN",3,NA
"HSPA9",1,NA
"TNFAIP3",2,NA
"PXDC1",2,NA
"FAM115E",1,NA
"CXCR4",4,NA
"N4BP2",1,NA
"GM20642",7,NA
"CAR12",9,NA
"GPR183",2,NA
"GPRC5C",6,NA
"FAM111A",2,NA
"PKP2",1,NA
"RELB",4,NA
"PTGIR",2,NA
"CPEB4",1,NA
"MUC5B",4,NA
"ERLIN1",1,NA
"MTHFR",1,NA
"SSTR2",6,NA
"GM340",1,NA
"NGB",3,NA
"C730034F03RIK",1,NA
"1810041L15RIK",4,NA
"BAIAP2L1",7,NA
"CTSZ",2,NA
"DDIT4",6,NA
"C2CD4C",3,NA
"KCTD18",1,NA
"AOX3",1,NA
"CD300LF",3,NA
"LONRF3",1,NA
"PSD4",2,NA
"ABCB1B",2,NA
"LGR6",4,NA
"LPIN3",4,NA
"LUM",2,NA
"GTPBP4",1,NA
"GM26448",5,NA
"KIRREL2",3,NA
"SNORA74A",5,NA
"2410016O06RIK",4,NA
"SPINT1",2,NA
"HS6ST3",1,NA
"GM24336",5,NA
"GM21975",2,NA
"KDELR3",7,NA
"EDN3",4,NA
"CRYBB1",1,NA
"TUBB3",3,NA
"GPR153",3,NA
"AI480526",10,NA
"FAM129B",4,NA
"CEBPA",4,NA
"MT-ND3",3,NA
"ATP2C2",10,NA
"EIF2S2",1,NA
"ELOVL7",3,NA
"ID3",2,NA
"TMCC3",4,NA
"GM26387",5,NA
"SERPINB2",1,NA
"ASAP3",2,NA
"F2RL3",4,NA
"STEAP1",9,NA
"SAT1",2,NA
"ETS1",2,NA
"GM14540",6,NA
"IGSF9",4,NA
"TLN1",2,NA
"MCM3",2,NA
"GM14372",7,NA
"METTL7A1",4,NA
"GM13157",1,NA
"RPL3-PS2",5,NA
"NPC1L1",1,NA
"1110038B12RIK",1,NA
"C77080",1,NA
"OTX2",9,NA
"GALR1",8,NA
"PPP1R14A",3,NA
"OSGIN1",2,NA
"DBPHT2",1,NA
"WNT9B",4,NA
"RNF165",2,NA
"B3GNT5",4,NA
"CCDC36",1,NA
"GM10222",1,NA
"BC046401",6,NA
"HSPA5",1,NA
"NUP210L",2,NA
"LOXL2",2,NA
"NFATC2",4,NA
"COL6A4",1,NA
"SIK1",12,NA
"STX11",2,NA
"GM11738",1,NA
"THRSP",3,NA
"MDGA1",2,NA
"HSPA12B",2,NA
"SOAT2",2,NA
"NIFK",1,NA
"SRRM4OS",7,NA
"AMMECR1",1,NA
"SLC2A12",9,NA
"PDE10A",11,NA
"AQP9",3,NA
"FMO2",3,NA
"KDM7A",1,NA
"GDNF",6,NA
"THBS4",6,NA
"VAT1L",11,NA
"LATS1",1,NA
"PGGT1B",1,NA
"STIP1",1,NA
"CTNNAL1",4,NA
"ZC3H12C",1,NA
"F13A1",2,NA
"MREG",1,NA
"TAF1D",3,NA
"GM15609",4,NA
"PKD1L2",2,NA
"PER2",2,NA
"CNP",3,NA
"KCNJ13",9,NA
"SMIM17",3,NA
"4930480K15RIK",6,NA
"GM5067",2,NA
"SDC4",2,NA
"FAM196B",4,NA
"GM16060",3,NA
"GM15487",5,NA
"TRA2B",1,NA
"PAPD5",1,NA
"OTUD1",1,NA
"SLC25A25",1,NA
"NOL4L",1,NA
"TMEM74BOS",1,NA
"TLE3",1,NA
"SLC38A5",6,NA
"SLFN10-PS",2,NA
"COL1A2",9,NA
"TGFA",2,NA
"EAF1",1,NA
"SNED1",3,NA
"GM17137",7,NA
"MEIS1",13,NA
"GM2420",3,NA
"TUBA4A",3,NA
"MIR17HG",2,NA
"ICAM2",2,NA
"TNXB",2,NA
"CYS1",1,NA
"SMNDC1",1,NA
"IRF5",2,NA
"PTPRB",1,NA
"FXYD7",1,NA
"AQP5",1,NA
"TPCN2",2,NA
"SPEER4B",7,NA
"CEACAM1",2,NA
"RNF19A",1,NA
"POLR3F",1,NA
"CYP26B1",3,NA
"MCTP2",4,NA
"MUC6",2,NA
"CNKSR1",1,NA
"FXR1",1,NA
"GM15414",6,NA
"MTBP",3,NA
"GM20515",2,NA
"MYD88",2,NA
"DNM3OS",7,NA
"MFSD2A",9,NA
"DES",1,NA
"GPR37",1,NA
"HPCAL1",3,NA
"HCRTR2",4,NA
"GM15813",6,NA
"SLC16A13",4,NA
"GABRR2",1,NA
"PDE3A",2,NA
"EOMES",13,NA
"SH2D3C",4,NA
"TEAD4",2,NA
"NUP43",3,NA
"ELMSAN1",4,NA
"USP18",2,NA
"STAB1",2,NA
"FAM179A",2,NA
"4931429I11RIK",1,NA
"MOG",3,NA
"MLF1",4,NA
"SYTL4",8,NA
"MALL",2,NA
"GM7347",2,NA
"CFP",1,NA
"BMF",3,NA
"TIPARP",12,NA
"MOXD1",1,NA
"IKBKE",2,NA
"NXF7",1,NA
"GM14421",1,NA
"TRMT44",1,NA
"GNG7",11,NA
"AI606181",1,NA
"F630028O10RIK",2,NA
"RASGRP2",11,NA
"TRIM25",2,NA
"SAMD4",4,NA
"C4A",2,NA
"MDFIC",3,NA
"BC030499",6,NA
"FAM163B",3,NA
"POLG2",2,NA
"MAPKAPK3",2,NA
"GIMAP8",3,NA
"CLIC4",2,NA
"AOX1",1,NA
"TYROBP",2,NA
"RPS27L",1,NA
"PLK-PS1",1,NA
"PCSK2OS2",3,NA
"HAPLN2",2,NA
"FAT4",4,NA
"DOCK8",2,NA
"MYNN",1,NA
"CAR13",3,NA
"GPR182",1,NA
"ZFP281",4,NA
"C8B",4,NA
"SWAP70",2,NA
"DACH2",1,NA
"SH3BP2",2,NA
"H2-K1",2,NA
"HBA-A1",1,NA
"MAFK",4,NA
"NR6A1",4,NA
"TEC",4,NA
"GPRC5A",4,NA
"HRH1",6,NA
"ABCC12",1,NA
"GM17024",3,NA
"KATNBL1",1,NA
"KDM6B",4,NA
"EPHX1",3,NA
"LRRC3",1,NA
"TYW5",1,NA
"GM26175",5,NA
"SLC6A13",9,NA
"SNORD13",3,NA
"SYNPO2",4,NA
"ALOX12B",2,NA
"IFITM1",2,NA
"GM11539",5,NA
"RAB39",4,NA
"A230004M16RIK",3,NA
"FDPS",3,NA
"HIST1H1E",3,NA
"HEATR9",2,NA
"IGSF3",1,NA
"RASD1",12,NA
"STMN1",3,NA
"COL2A1",3,NA
"GM9930",6,NA
"NPTXR",3,NA
"COL24A1",3,NA
"OAF",2,NA
"TUBA1A",3,NA
"COL11A1",2,NA
"CCDC81",1,NA
"FILIP1",4,NA
"TAGLN3",3,NA
"SPRY4",1,NA
"PLD4",3,NA
"DDX60",3,NA
"SALL3",6,NA
"GRASP",1,NA
"RIPK1",2,NA
"BLOC1S4",1,NA
"PPP1R13L",4,NA
"COL6A2",1,NA
"IFFO2",4,NA
"A730018C14RIK",1,NA
"GM15542",1,NA
"RPL38-PS2",5,NA
"FBXO42",1,NA
"IL1R1",2,NA
"UNC13A",3,NA
"ACAN",4,NA
"TBX18",3,NA
"FBLIM1",2,NA
"IFITM2",2,NA
"LTBR",2,NA
"TNFRSF18",6,NA
"ISLR2",3,NA
"MGST1",2,NA
"PCSK4",1,NA
"IFIT3",2,NA
"RBM47",2,NA
"ZKSCAN17",1,NA
"CTH",1,NA
"DUSP4",6,NA
"TMEM255A",8,NA
"OPRK1",6,NA
"COL18A1",2,NA
"NFAM1",2,NA
"PLSCR1",2,NA
"5530401A14RIK",6,NA
"TEAD1",3,NA
"SNX18",4,NA
"RPRML",3,NA
"LRRC25",2,NA
"TMEM132E",8,NA
"CD38",2,NA
"LEPR",2,NA
"GM14415",1,NA
"CCNO",4,NA
"SLC4A11",1,NA
"PCSK1",3,NA
"KCNQ1",7,NA
"FAM126B",1,NA
"1300017J02RIK",2,NA
"ONECUT2",4,NA
"DUSP11",1,NA
"SEC61A1",1,NA
"RIPK4",12,NA
"COL9A3",9,NA
"SLC6A12",1,NA
"RND1",4,NA
"TRIP10",4,NA
"PTPN12",1,NA
"GM12892",5,NA
"RBM39",1,NA
"ZBTB39",1,NA
"MOCOS",4,NA
"BAK1",1,NA
"GM11627",3,NA
"DAP",2,NA
"GAP43",3,NA
"RPL31-PS12",5,NA
"TESC",3,NA
"GUCY2G",3,NA
"DUSP6",6,NA
"CHUK",1,NA
"TRPM6",3,NA
"ADAMTSL4",2,NA
"CPA6",13,NA
"MTFP1",3,NA
"GM4604",5,NA
"SLC22A21",4,NA
"TUBB4A",3,NA
"BCAS3OS1",2,NA
"UACA",2,NA
"TGFB1",3,NA
"OACYL",2,NA
"PLCG2",2,NA
"FAM46C",9,NA
"LY9",2,NA
"VASP",2,NA
"IGF2",3,NA
"ASTN2",1,NA
"PPFIBP2",2,NA
"MARVELD3",4,NA
"NEXN",7,NA
"LYSMD3",4,NA
"IGSF21",3,NA
"FXYD4",1,NA
"NUPR1",1,NA
"ANTXR2",2,NA
"NUP62",1,NA
"CHST3",4,NA
"LIN9",1,NA
"HSF5",1,NA
"GM26315",5,NA
"4930419G24RIK",6,NA
"GBP5",2,NA
"NKTR",3,NA
"MICALL2",2,NA
"IQGAP1",2,NA
"STC1",2,NA
"DACT3",3,NA
"SRXN1",1,NA
"CRY1",1,NA
"RPL39-PS",5,NA
"BAHD1",1,NA
"PISD-PS2",2,NA
"FAM131A",3,NA
"B430306N03RIK",4,NA
"CNN1",4,NA
"PADI2",1,NA
"PARP9",2,NA
"ALDH8A1",1,NA
"MSLNL",1,NA
"PSMB8",2,NA
"XKR6",3,NA
"PPP1R18",2,NA
"SEMA4C",4,NA
"GRHL1",4,NA
"C1QL1",3,NA
"PIM1",2,NA
"GM13389",6,NA
"CLDN23",4,NA
"CALD1",2,NA
"GM11245",6,NA
"DDX58",2,NA
"ARHGAP28",2,NA
"AMY1",1,NA
"ARHGAP30",1,NA
"SEZ6",1,NA
"SPSB1",4,NA
"HIST1H2BB",4,NA
"SLCO1C1",1,NA
"SNAPC4",1,NA
"MYO1C",2,NA
"MT-ND2",3,NA
"ARMCX5",1,NA
"PPP1R1B",11,NA
"CACYBP",1,NA
"POLQ",7,NA
"RYK",1,NA
"BHLHE22",2,NA
"NHLRC3",1,NA
"F11R",6,NA
"PRKX",4,NA
"RASGEF1B",6,NA
"GM20469",6,NA
"TMEM88B",2,NA
"CDC14A",2,NA
"SYT6",13,NA
"GPR34",4,NA
"CFH",2,NA
"ANKRD13A",1,NA
"RDH5",3,NA
"GREB1",10,NA
"MAG",1,NA
"PER1",4,NA
"PLA1A",2,NA
"HN1L",2,NA
"KCNG1",2,NA
"GM12429",7,NA
"SORBS2OS",7,NA
"SPRTN",1,NA
"HTR2B",3,NA
"EMP3",2,NA
"CLSPN",9,NA
"OSGIN2",1,NA
"EDNRB",2,NA
"TRAF3",1,NA
"MX1",2,NA
"LSM11",1,NA
"IGFBPL1",13,NA
"ST14",2,NA
"PTGER4",7,NA
"GM22710",5,NA
"GPR26",1,NA
"GM13872",7,NA
"FIGN",1,NA
"GAS5",1,NA
"RASSF1",4,NA
"PELI1",1,NA
"MEX3D",4,NA
"FAS",4,NA
"ICAM5",3,NA
"ABCC10",10,NA
"NOP58",1,NA
"NKX3-1",6,NA
"RRH",4,NA
"ELK3",2,NA
"CFLAR",2,NA
"4933427I04RIK",1,NA
"TCHH",3,NA
"RAPGEF4OS3",7,NA
"TRAIP",12,NA
"SLC15A1",4,NA
"GBX1",8,NA
"GM9817",1,NA
"ARAP3",2,NA
"CDC42EP1",2,NA
"GLB1L2",4,NA
"BCAS1",6,NA
"PLLP",1,NA
"RN7SK",3,NA
"RBM12B1",3,NA
"ST8SIA2",4,NA
"HEATR2",4,NA
"ISLR",3,NA
"ITGA6",2,NA
"DRC7",9,NA
"LIN28B",1,NA
"DDR2",2,NA
"LMNA",4,NA
"GM15521",6,NA
"NEUROD6",3,NA
"ASIC4",11,NA
"PHLDA1",4,NA
"NID2",2,NA
"GM5607",8,NA
"ROBO3",3,NA
"LAMA4",2,NA
"GM3896",6,NA
"DOK2",2,NA
"FUT7",1,NA
"TLR7",7,NA
"IL18RAP",2,NA
"SNORA16A",5,NA
"SERPINA3G",1,NA
"HMGCS2",2,NA
"NWD2",4,NA
"ADM",2,NA
"RAB40C",1,NA
"6330403K07RIK",3,NA
"HELZ2",2,NA
"4921524J17RIK",1,NA
"SMAD7",4,NA
"3930402G23RIK",4,NA
"GZMM",4,NA
"TMSB10",5,NA
"KLHDC4",1,NA
"GM1821",5,NA
"KLHL1",1,NA
"RAD51AP2",3,NA
"GM7120",0,NA
"AB124611",3,NA
"ZMYM5",1,NA
"FZD8",4,NA
"FNDC3B",4,NA
"PDE1B",11,NA
"H3F3B",4,NA
"ADAMTS8",4,NA
"RASL2-9",1,NA
"PAWR",1,NA
"SPARC",8,NA
"CRABP2",1,NA
"SMAD6",1,NA
"GUCY2E",4,NA
"HRK",2,NA
"OSM",2,NA
"PHF12",1,NA
"HCN4",4,NA
"NOXA1",1,NA
"DNTTIP2",1,NA
"RCN3",1,NA
"TRHR",4,NA
"CIART",4,NA
"GM20705",6,NA
"SLC12A7",2,NA
"ADCY5",11,NA
"PRKRIP1",1,NA
"PLXNA4OS2",7,NA
"A730011C13RIK",4,NA
"EPHB4",2,NA
"MST1",7,NA
"MTF1",1,NA
"GM19932",3,NA
"GM12369",6,NA
"EIF1AD",1,NA
"ATP10A",4,NA
"CASP8",2,NA
"RTL1",4,NA
"PTCH2",4,NA
"UNC13C",11,NA
"IFRD1",3,NA
"VWA5A",2,NA
"BRIX1",1,NA
"BCL11B",2,NA
"SMC4",1,NA
"GM8129",5,NA
"NRGN",3,NA
"ID1",2,NA
"PDLIM4",2,NA
"MLKL",2,NA
"ADRA2C",3,NA
"TRIB1",2,NA
"NUP93",1,NA
"TUBA1B",3,NA
"HMGB2",4,NA
"GM6611",2,NA
"RABGGTB",1,NA
"NNAT",8,NA
"MCAM",2,NA
"ADRA2A",3,NA
"DEF6",4,NA
"FBXL14",1,NA
"PLK4",1,NA
"NPM3",1,NA
"RBM15",1,NA
"CD300LB",2,NA
"SLAMF8",2,NA
"GCNT1",2,NA
"GM10287",6,NA
"DIS3",1,NA
"ZFHX3",11,NA
"CAST",3,NA
"FERMT1",2,NA
"WFDC1",1,NA
"KLHDC7A",3,NA
"GABPB1",1,NA
"BTBD7",1,NA
"EZR",10,NA
"RNPC3",7,NA
"MMP21",2,NA
"FGD5",2,NA
"GM8855",6,NA
"A4GALT",3,NA
"2810468N07RIK",3,NA
"MTMR11",2,NA
"RSPO1",1,NA
"FKBP4",1,NA
"SIGIRR",2,NA
"UNC5B",1,NA
"ZFP777",1,NA
"NECAB2",8,NA
"MAP10",1,NA
"GABPA",1,NA
"ABCC3",2,NA
"GALNT9",3,NA
"MMP23",1,NA
"C230034O21RIK",4,NA
"IER3",2,NA
"GNAI3",1,NA
"GSE1",1,NA
"XIRP2",6,NA
"1810026J23RIK",1,NA
"ZBTB43",1,NA
"HMCN1",1,NA
"PHF21B",5,NA
"ENPP6",3,NA
"ANXA3",2,NA
"SLC7A5",1,NA
"TOB2",4,NA
"IL4I1",4,NA
"EDRF1",1,NA
"VEZF1",1,NA
"RS1",5,NA
"PAQR3",1,NA
"RANBP3L",4,NA
"RIPK3",2,NA
"DDC",0,NA
"MAMDC2",2,NA
"CILP2",4,NA
"GM16153",6,NA
"KLK9",2,NA
"ACRBP",2,NA
"PIK3R5",2,NA
"TCIRG1",2,NA
"ATP6AP1L",1,NA
"SHISA3",4,NA
"TST",3,NA
"C1QTNF4",3,NA
"MYO1G",2,NA
"FCGR3",2,NA
"SLFN4",2,NA
"AMOTL1",2,NA
"ZBTB33",1,NA
"MACROD2OS1",1,NA
"GM16347",10,NA
"CCNT1",1,NA
"MECOM",2,NA
"H2-Q4",2,NA
"PRELP",1,NA
"YTHDF2",1,NA
"ERO1L",1,NA
"BAZ2A",1,NA
"L1CAM",3,NA
"GSG1L",2,NA
"SDK2",3,NA
"GM10073",5,NA
"HSPB8",1,NA
"AJUBA",1,NA
"ACER2",1,NA
"EHD4",2,NA
"PLEKHG2",2,NA
"SERTAD1",1,NA
"GM5415",6,NA
"ACOT10",6,NA
"GM10136",5,NA
"IKZF4",1,NA
"CLDN11",6,NA
"ADAMTS2",9,NA
"GM16586",7,NA
"GM15535",6,NA
"ZBTB46",4,NA
"MIR27B",1,NA
"CMTM5",1,NA
"MMP9",2,NA
"AI413582",3,NA
"TMPRSS9",1,NA
"GPR133",1,NA
"PARD6G",1,NA
"PVRL2",4,NA
"DNMBP",4,NA
"CNTRL",7,NA
"CNN3",1,NA
"FAM83G",4,NA
"IGSF10",2,NA
"EQTN",10,NA
"SMOC2",4,NA
"GJA6",7,NA
"ZBTB10",4,NA
"NLRP6",4,NA
"ADAMTS5",2,NA
"MYCL",3,NA
"GM5844",1,NA
"IIGP1",2,NA
"EPC1",1,NA
"CFAP53",1,NA
"ZCCHC14",1,NA
"ITPKC",4,NA
"RUNX2",1,NA
"DOC2B",1,NA
"KY",2,NA
"1110007C09RIK",2,NA
"EGFL7",2,NA
"RASAL3",6,NA
"MCM10",4,NA
"YRDC",1,NA
"GM4793",4,NA
"A530016L24RIK",1,NA
"TRIM35",1,NA
"SH3TC1",2,NA
"PRC1",7,NA
"COL25A1",1,NA
"TRIM56",2,NA
"AMZ1",3,NA
"GM10471",2,NA
"SLC8A2",3,NA
"AKIRIN1",1,NA
"ARID3C",1,NA
"SOX2",2,NA
"ISL1",11,NA
"GM16238",5,NA
"ESYT3",4,NA
"TNFRSF11A",2,NA
"4933413L06RIK",7,NA
"TENM1",1,NA
"DOCK2",2,NA
"ITIH2",2,NA
"ATG14",1,NA
"CCAR1",1,NA
"GM266",4,NA
"RPL9-PS7",5,NA
"RET",4,NA
"P4HA1",1,NA
"RPL19-PS4",5,NA
"GM12630",7,NA
"TNFRSF25",3,NA
"PCP4L1",11,NA
"GM8730",4,NA
"SPIN4",4,NA
"HIST1H1D",3,NA
"ZFP217",2,NA
"TUBB2A",3,NA
"GM12064",6,NA
"D16ERTD472E",4,NA
"GCC1",1,NA
"USP38",1,NA
"LRRC8E",4,NA
"INHBE",4,NA
"GM15513",7,NA
"APOBR",2,NA
"MYBBP1A",1,NA
"TNFRSF23",2,NA
"CCK",3,NA
"SLCO5A1",4,NA
"FAM222A",4,NA
"CHEK1",4,NA
"PXN",2,NA
"VWA5B1",4,NA
"RGS4",2,NA
"CACNA2D2",8,NA
"RAB32",1,NA
"LYAR",1,NA
"ZFP948",1,NA
"GM15344",4,NA
"RXFP3",4,NA
"GM17709",6,NA
"B4GALT1",4,NA
"GM14204",11,NA
"AU019823",1,NA
"DUSP15",3,NA
"GM14401",1,NA
"MAP4K5",1,NA
"CARS",1,NA
"SCN11A",1,NA
"SLITRK6",1,NA
"RNF122",2,NA
"NOP2",1,NA
"SLC18A1",4,NA
"USH1G",4,NA
"ZFP655",1,NA
"NOTCH4",6,NA
"PTBP3",1,NA
"CALCR",8,NA
"ELTD1",4,NA
"NRG2",4,NA
"IGFALS",2,NA
"CHRM5",8,NA
"TRPC7",8,NA
"CASC1",7,NA
"GM15601",3,NA
"SCN2B",3,NA
"SYT9",3,NA
"GLRA2",11,NA
"NMRK2",4,NA
"GM13459",5,NA
"TSPAN18",4,NA
"IGTP",2,NA
"GPR165",8,NA
"LAMP5",1,NA
"CARTPT",8,NA
"TINAGL1",1,NA
"EIF2AK2",2,NA
"TIRAP",2,NA
"IFI203",2,NA
"GM11750",2,NA
"FOXP3",7,NA
"HFM1",1,NA
"AGPAT2",4,NA
"WDR43",1,NA
"SEC24A",1,NA
"GM12103",3,NA
"NCALD",3,NA
"TRP53",1,NA
"COL22A1",1,NA
"FGFRL1",2,NA
"ZFP189",6,NA
"PRR5L",6,NA
"SCGN",13,NA
"RDH9",1,NA
"SLC28A1",1,NA
"RSL1D1",1,NA
"GPR115",1,NA
"ITGAD",2,NA
"CDCA4",1,NA
"ABCA8A",3,NA
"NR1D1",4,NA
"GM15916",6,NA
"ODF3",1,NA
"ANLN",1,NA
"KCNS2",2,NA
"STAC",4,NA
"GM15835",3,NA
"6820431F20RIK",1,NA
"CRH",1,NA
"RNF138",1,NA
"SNHG12",1,NA
"WNT3",4,NA
"GM17167",4,NA
"GM14630",5,NA
"C8A",1,NA
"PRKCG",3,NA
"SPDEF",4,NA
"ZFP105",1,NA
"MYO5C",5,NA
"LGALS1",2,NA
"GM22442",3,NA
"NECAB3",3,NA
"PRSS12",3,NA
"GM4787",2,NA
"KLHL29",1,NA
"NCF2",2,NA
"ZFP618",1,NA
"PCDHB12",3,NA
"UQCR11",3,NA
"GPR83",1,NA
"ASPHD1",3,NA
"SMIM3",4,NA
"PVALB",3,NA
"GM13361",6,NA
"CDC6",4,NA
"PCDH8",1,NA
"2610005L07RIK",1,NA
"SNCB",3,NA
"BC048546",4,NA
"CASS4",1,NA
"SLC47A1",1,NA
"POLE3",1,NA
"APAF1",1,NA
"MVD",1,NA
"ANKRD34A",1,NA
"PIK3CG",6,NA
"6330419J24RIK",3,NA
"COL16A1",2,NA
"THSD7B",1,NA
"RBM8A",1,NA
"RLF",1,NA
"RANBP6",1,NA
"ARG1",2,NA
"CHRNA2",4,NA
"GM11655",7,NA
"KLHDC8A",1,NA
"ARHGEF19",2,NA
"TGM3",12,NA
"SIS",1,NA
"DBF4",1,NA
"GM12404",4,NA
"SYT17",3,NA
"1700111E14RIK",3,NA
"NPR1",2,NA
"RAPGEF4OS2",7,NA
"OMD",5,NA
"DDX11",2,NA
"1700086L19RIK",1,NA
"SPSB4",4,NA
"PPAPDC1A",1,NA
"OLIG1",1,NA
"BEND7",4,NA
"DKKL1",3,NA
"GM15478",7,NA
"B230325K18RIK",7,NA
"1700022I11RIK",1,NA
"NELL1",3,NA
"ASPA",4,NA
"CEACAM2",3,NA
"PIWIL2",2,NA
"HIF3A",6,NA
"BACH1",4,NA
"CPNE4",2,NA
"CLCA1",4,NA
"NEB",2,NA
"MT-ND1",3,NA
"CNTNAP5A",1,NA
"RWDD4A",1,NA
"LINGO3",6,NA
"SENP1",1,NA
"CAMKV",3,NA
"RTP4",2,NA
"CD48",2,NA
"ST8SIA6",2,NA
"BTK",2,NA
"ASGR1",1,NA
"LMO3",3,NA
"PRR18",3,NA
"GM15577",6,NA
"NTNG2",3,NA
"GM5577",6,NA
"GPR179",2,NA
"CCDC3",1,NA
"ZFP85",4,NA
"LRP2",2,NA
"NRN1",2,NA
"CCDC176",5,NA
"FBLN5",1,NA
"KCNJ5",4,NA
"GM15828",6,NA
"MAP3K8",2,NA
"RAI14",2,NA
"HBA-A2",3,NA
"STMN2",3,NA
"PPP2R2COS",7,NA
"HBB-BS",1,NA
"RSPH4A",4,NA
"GM14827",5,NA
"JPH4",3,NA
"RAD54L2",1,NA
"HS3ST2",3,NA
"FKBP1B",1,NA
"FRMD6",1,NA
"GM13453",5,NA
"ZIK1",1,NA
"RHOC",2,NA
"ZBTB7C",9,NA
"REL",4,NA
"HAGHL",3,NA
"SLC38A2",1,NA
"PLCXD2",2,NA
"SAMSN1",2,NA
"KCNE4",2,NA
"FAM46A",4,NA
"NAA16",1,NA
"RBM12B2",1,NA
"FGD2",4,NA
"HIST3H2BA",7,NA
"GGT6",4,NA
"FTL1",2,NA
"GM17022",4,NA
"ARL14EP",1,NA
"KCNIP2",3,NA
"FAT2",4,NA
"SERPINA3M",2,NA
"NPSR1",4,NA
"A330102I10RIK",6,NA
"ANO6",2,NA
"FGFBP1",9,NA
"RASSF3",2,NA
"FNDC1",12,NA
"ESRRB",1,NA
"HIST2H2BB",1,NA
"GM13380",3,NA
"DNHD1",5,NA
"GM14399",10,NA
"SLC29A4",1,NA
"LRRC19",6,NA
"HIST1H4A",3,NA
"ANPEP",2,NA
"CSPG5",3,NA
"PLEKHF2",4,NA
"GFOD1",1,NA
"LPPR1",11,NA
"GRP",3,NA
"LIMS1",3,NA
"MUC1",2,NA
"GM16316",6,NA
"XAF1",2,NA
"GTF3C4",1,NA
"SLC22A3",1,NA
"RRP1B",10,NA
"GM10475",2,NA
"OAZ1-PS",5,NA
"AK4",2,NA
"SBK1",1,NA
"AAAS",3,NA
"NFKBIE",2,NA
"SNCA",2,NA
"GLB1L3",4,NA
"ERBB2IP",3,NA
"PKP3",2,NA
"DUSP5",4,NA
"D930015M05RIK",4,NA
"IRF7",2,NA
"GM12002",3,NA
"CD46",7,NA
"CLK4",1,NA
"TAB2",1,NA
"BSPRY",1,NA
"1700080N15RIK",6,NA
"PPP1R3B",2,NA
"ACTL6A",1,NA
"ZBTB6",1,NA
"ALPL",1,NA
"TMEM39A",4,NA
"RIMBP3",4,NA
"ING2",1,NA
"ARID4B",1,NA
"SERTAD2",4,NA
"EMX1",6,NA
"SNCAIP",5,NA
"SH2B3",4,NA
"ACTN2",11,NA
"ORC1",7,NA
"GOLGA7B",3,NA
"PGLYRP1",2,NA
"NPL",2,NA
"TSPO",2,NA
"EMILIN3",1,NA
"PTAFR",2,NA
"FGFR1OP",1,NA
"TNFRSF10B",2,NA
"B130006D01RIK",5,NA
"MDM2",1,NA
"PVR",2,NA
"GM14411",1,NA
"NEK10",3,NA
"PZP",1,NA
"GM20517",4,NA
"DTL",1,NA
"4632427E13RIK",3,NA
"CDH19",6,NA
"BCL2A1B",2,NA
"ATG4A",1,NA
"PLAT",4,NA
"ARAP1",2,NA
"2810408M09RIK",1,NA
"ATP5K",3,NA
"GM15834",3,NA
"SOWAHB",4,NA
"RAB3IL1",2,NA
"TACR3",4,NA
"PF4",2,NA
"OLFM2",3,NA
"GM13456",5,NA
"GM3294",4,NA
"INF2",1,NA
"KRT80",3,NA
"MALT1",2,NA
"BC027231",1,NA
"MRC1",2,NA
"CTSL",2,NA
"ST18",6,NA
"MGP",1,NA
"CASP2",1,NA
"GAR1",3,NA
"SOX8",3,NA
"GSDMD",2,NA
"ZFP185",3,NA
"SLC24A1",5,NA
"FEZF2",3,NA
"ERRFI1",4,NA
"DOCK1",2,NA
"SYNGR2",2,NA
"CX3CL1",3,NA
"FYTTD1",1,NA
"YOD1",1,NA
"MIER3",1,NA
"TSC22D2",1,NA
"SKIL",1,NA
"DDN",3,NA
"NRG3OS",10,NA
"SLC35G1",4,NA
"PRPF38B",1,NA
"ATP6V1G2",3,NA
"DUSP3",3,NA
"TRP53INP1",0,NA
"GM10309",7,NA
"ADAM12",2,NA
"GM9575",5,NA
"HTR4",11,NA
"UQCRQ",4,NA
"SLC39A2",6,NA
"DCC",1,NA
"RPS16",1,NA
"PRKD2",2,NA
"PMP22",4,NA
"ZFP57",5,NA
"C030013D06RIK",6,NA
"CALHM2",4,NA
"SHROOM4",2,NA
"ETF1",1,NA
"ZBED3",1,NA
"GRIN1OS",10,NA
"PNP",2,NA
"2810008D09RIK",10,NA
"PDGFB",4,NA
"TCP10A",4,NA
"TMCO4",3,NA
"GM17230",6,NA
"GM15704",4,NA
"MEI4",3,NA
"SLC6A11",8,NA
"ASPRV1",1,NA
"NXPH3",3,NA
"ADAM4",6,NA
"SLFN5",1,NA
"ZFP26",1,NA
"CCDC150",7,NA
"STRIP2",11,NA
"SLC22A4",2,NA
"HES1",12,NA
"ZBTB40",10,NA
"SHISA2",4,NA
"PLEKHH1",3,NA
"ATF4",1,NA
"PDE7B",1,NA
"GPX3",11,NA
"SLC17A6",3,NA
"ANGPTL3",5,NA
"AOC2",1,NA
"GM11839",7,NA
"COLEC12",3,NA
"IL17RB",1,NA
"C1RA",2,NA
"TLR3",2,NA
"FHOD1",2,NA
"SMOC1",3,NA
"RASL11A",4,NA
"TNN",1,NA
"ARHGAP6",8,NA
"ZFP36L1",2,NA
"SF3B4",1,NA
"RHOV",1,NA
"TRBC2",3,NA
"TCEAL5",3,NA
"SHISA4",3,NA
"PTN",3,NA
"AGO4",1,NA
"OVGP1",7,NA
"RAB37",8,NA
"2310047M10RIK",6,NA
"GPR123",3,NA
"GM17205",6,NA
"PAXBP1",7,NA
"LY6H",3,NA
"A430110L20RIK",3,NA
"CSF3",2,NA
"GM12289",3,NA
"SLC6A3",4,NA
"RCN1",1,NA
"LAX1",1,NA
"CHRNA10",13,NA
"PDLIM2",8,NA
"GM12231",5,NA
"THOC6",2,NA
"GNA15",2,NA
"SSTR5",2,NA
"FCGRT",3,NA
"OTUB2",1,NA
"HRCT1",1,NA
"GM10654",7,NA
"KIF20A",1,NA
"PRPF39",3,NA
"SH2D4B",1,NA
"UBQLN1",1,NA
"GSTP1",3,NA
"TEAD3",2,NA
"PRIMA1",2,NA
"FSD1",3,NA
"MBD6",10,NA
"TEX11",1,NA
"MAPK6",1,NA
"MAP3K1",2,NA
"MTCH1",3,NA
"FAM118A",1,NA
"TMBIM1",2,NA
"EFNB3",8,NA
"UGT1A6A",3,NA
"C1QB",2,NA
"RGCC",3,NA
"PSG16",1,NA
"DOK1",1,NA
"GSTP2",5,NA
"OLFML2B",1,NA
"TAF7L",4,NA
"CLCN1",1,NA
"1700060J05RIK",3,NA
"ARHGDIB",2,NA
"4632428N05RIK",3,NA
"UNC45A",1,NA
"BEX2",3,NA
"LYZL4",1,NA
"GSTA3",3,NA
"MR1",9,NA
"CASQ1",4,NA
"FNDC9",4,NA
"BHLHE41",4,NA
"PDRG1",1,NA
"TGFB2",3,NA
"HTR2A",1,NA
"ACCSL",1,NA
"GIMAP4",2,NA
"ACTR5",4,NA
"LAMC3",3,NA
"MT-ND4L",4,NA
"NXPE2",2,NA
"GPR150",1,NA
"ETNK2",4,NA
"ACR",4,NA
"SYNM",3,NA
"JUND",4,NA
"SEMA3B",9,NA
"GM14164",3,NA
"HEBP1",3,NA
"AI504432",1,NA
"AMPD3",2,NA
"BC021891",4,NA
"LZTS3",3,NA
"PARVB",2,NA
"CSRNP3",1,NA
"H2-BL",4,NA
"CTDSP2",1,NA
"GM17477",3,NA
"TRPM3",1,NA
"GM6548",2,NA
"GM11841",1,NA
"INSM1",4,NA
"SLC26A1",1,NA
"GM20696",6,NA
"SRSF2",6,NA
"SYNPR",3,NA
"GM17056",3,NA
"PFKL",3,NA
"VTN",3,NA
"TMEM154",2,NA
"CPN1",4,NA
"E2F3",1,NA
"MAML3",4,NA
"NTNG1",1,NA
"PARP16",4,NA
"ARSB",1,NA
"TDRD1",0,NA
"BC067074",9,NA
"EGR3",3,NA
"TGFB1I1",1,NA
"GM5822",5,NA
"NT5DC1",4,NA
"HIST1H4F",3,NA
"PHF10",1,NA
"TYRO3",3,NA
"NLRC4",4,NA
"SCNN1A",1,NA
"LDHA-PS2",3,NA
"9330158H04RIK",6,NA
"ZFP939",1,NA
"DCDC2B",9,NA
"PARP12",3,NA
"VSNL1",2,NA
"DDIT4L",5,NA
"TEAD2",6,NA
"ADAM17",2,NA
"ZYX",4,NA
"FXYD6",3,NA
"POPDC3",1,NA
"TTC9B",3,NA
"KCNH4",4,NA
"PQLC3",7,NA
"ZIC2",1,NA
"HBS1L",1,NA
"MYLIP",1,NA
"1500012F01RIK",1,NA
"HPDL",6,NA
"ZFP654",1,NA
"UHRF1BP1",1,NA
"TEK",6,NA
"PERP",4,NA
"ZFP410",1,NA
"SLC26A7",3,NA
"QTRTD1",1,NA
"SLC12A3",2,NA
"SLC23A1",5,NA
"GM12989",5,NA
"P2RY13",4,NA
"OLFML3",1,NA
"ZCCHC7",7,NA
"APEX2",6,NA
"ATP1A1",3,NA
"A230065H16RIK",8,NA
"SP7",11,NA
"KIRREL3OS",5,NA
"CCDC174",3,NA
"LGALS3BP",2,NA
"PLXND1",3,NA
"ORC4",1,NA
"RXFP2",4,NA
"1700024P16RIK",1,NA
"GM10156",5,NA
"SLC16A6",2,NA
"SBSPON",7,NA
"CALM3",3,NA
"PRPF40A",1,NA
"MTHFS",2,NA
"CCM2L",2,NA
"ZFP503",4,NA
"LIN7B",3,NA
"FLI1",2,NA
"JMJD1C",3,NA
"GPR126",3,NA
"CD200R1",5,NA
"GM23787",3,NA
"ARHGAP17",3,NA
"STAT1",2,NA
"FAM101A",4,NA
"GM15413",3,NA
"SLC39A14",3,NA
"NEUROD2",6,NA
"SMG8",1,NA
"COL11A2",3,NA
"UVSSA",10,NA
"S1PR1",12,NA
"EMILIN2",2,NA
"GPR146",4,NA
"SEPT6",2,NA
"CCNF",1,NA
"BUB1B",1,NA
"KLF2",2,NA
"RYBP",1,NA
"DRD4",4,NA
"LRRC29",3,NA
"KRT77",3,NA
"VASH2",4,NA
"KIF15",10,NA
"CRTC3",4,NA
"GCH1",2,NA
"ZBTB34",1,NA
"NDNL2",1,NA
"GPR151",2,NA
"KCTD11",2,NA
"RAMP3",3,NA
"PSTPIP2",4,NA
"IMPG2",2,NA
"ANGPTL6",3,NA
"APLN",1,NA
"RYR3",11,NA
"RELA",2,NA
"CPSF4L",6,NA
"TK1",2,NA
"TCP10B",1,NA
"SPRY2",1,NA
"PGF",4,NA
"SIRT1",1,NA
"IRF3",10,NA
"LURAP1L",4,NA
"1700084C01RIK",2,NA
"CDR1",4,NA
"DENND4C",4,NA
"GM24888",5,NA
"TARS",1,NA
"HCAR1",2,NA
"CACTIN",1,NA
"SYCP2",7,NA
"IARS",1,NA
"GM13052",3,NA
"LRRC75B",3,NA
"SYNJ2",6,NA
"PLXNB3",6,NA
"GM26384",5,NA
"IL1RAPL2",1,NA
"NFYA",1,NA
"GRWD1",1,NA
"H2-M10.2",3,NA
"STK32A",11,NA
"PRMT6",4,NA
"LAMA5",2,NA
"GM13608",3,NA
"INMT",3,NA
"HSPA8",1,NA
"CPSF4",10,NA
"GMPR",4,NA
"GPR116",2,NA
"TMEM98",0,NA
"IRAK3",3,NA
"TLN2",3,NA
"GM11273",5,NA
"FBXO30",3,NA
"GRHL2",4,NA
"SOX17",4,NA
"ABCA1",2,NA
"GM14150",5,NA
"NOG",3,NA
"EGF",2,NA
"GM15812",6,NA
"OTOP2",0,NA
"ANKRD61",2,NA
"ZFP759",4,NA
"GM1564",1,NA
"SIPA1",10,NA
"SCARNA10",2,NA
"GM15337",7,NA
"GALNTL6",1,NA
"CPNE3",1,NA
"CRY2",1,NA
"TMEM11",1,NA
"CCL27A",3,NA
"MMP28",4,NA
"SPSB2",4,NA
"FBXL8",1,NA
"SIM1",8,NA
"4930545L23RIK",6,NA
"TBX21",13,NA
"GNB4",3,NA
"SLC16A12",6,NA
"SERINC2",1,NA
"SERP1",1,NA
"ZAK",2,NA
"CTXN1",3,NA
"SETD8",1,NA
"NMBR",3,NA
"FTSJ3",1,NA
"HS3ST3B1",3,NA
"GM11478",5,NA
"F2RL2",3,NA
"DCP1A",1,NA
"RSBN1",1,NA
"MYO9B",3,NA
"TMA16",1,NA
"KPNA2",1,NA
"FGD3",2,NA
"GM10722",3,NA
"ZIC4",4,NA
"NEUROD1",6,NA
"RIOK3",1,NA
"RHBDF1",2,NA
"I830012O16RIK",2,NA
"TMEM158",11,NA
"DLX6",11,NA
"MEOX1",2,NA
"SLC7A7",2,NA
"USP11",1,NA
"YBX3",1,NA
"CD83",9,NA
"PAPL",8,NA
"AARS",1,NA
"NRSN2",8,NA
"CNIH3",3,NA
"PKD2L1",6,NA
"NAT14",3,NA
"COPRS",3,NA
"CRTAP",2,NA
"CRTC2",1,NA
"PAQR6",8,NA
"TCFL5",1,NA
"IMP4",1,NA
"ENHO",3,NA
"B4GALT2",3,NA
"GM5526",5,NA
"LY75",2,NA
"GM15426",1,NA
"ESYT1",2,NA
"MYO1E",2,NA
"CPNE7",3,NA
"RC3H1",1,NA
"4930570G19RIK",6,NA
"FAM189A2",4,NA
"BCORL1",4,NA
"FBN1",4,NA
"GM5529",5,NA
"GAMT",3,NA
"CWC25",4,NA
"DNAH6",9,NA
"MAP3K2",1,NA
"PLD3",3,NA
"PLCB1",2,NA
"LIMA1",2,NA
"ASPM",7,NA
"ADAMTSL2",3,NA
"SLC2A4",10,NA
"IRF1",2,NA
"TTC21A",9,NA
"1700029H14RIK",4,NA
"IER5",6,NA
"TRIB2",3,NA
"EIF5",1,NA
"C1QA",2,NA
"GM12123",7,NA
"DPF1",6,NA
"SEMA5A",1,NA
"TNFAIP2",2,NA
"GM13315",6,NA
"ZBTB2",4,NA
"DNA2",1,NA
"GM17195",7,NA
"TBXAS1",2,NA
"RENBP",2,NA
"PLP1",3,NA
"GM15965",7,NA
"FOSL2",12,NA
"SMC1B",4,NA
"CBX8",6,NA
"5031439G07RIK",1,NA
"PPARA",3,NA
"MAP3K11",4,NA
"PARK2",1,NA
"RDM1",3,NA
"HEG1",6,NA
"SEBOX",3,NA
"CFAP70",2,NA
"GM15998",4,NA
"TFPI",2,NA
"KLHL10",7,NA
"EPHB1",3,NA
"TAF15",3,NA
"2700094K13RIK",3,NA
"ENTPD1",2,NA
"BTN2A2",4,NA
"GM11490",7,NA
"CIDEA",4,NA
"KCNJ12",3,NA
"MOB3C",4,NA
"ATP2B4",2,NA
"PRKCH",9,NA
"FREM1",9,NA
"BICC1",2,NA
"4931413K12RIK",7,NA
"GM15663",7,NA
"5730508B09RIK",4,NA
"SVEP1",5,NA
"GM6265",3,NA
"H1FX",3,NA
"CCHCR1",2,NA
"NFXL1",1,NA
"PRND",1,NA
"GPATCH3",1,NA
"TSPAN4",2,NA
"IL1RAPL1",1,NA
"ARRDC3",4,NA
"PLCH2",3,NA
"MRPS2",1,NA
"JAK3",2,NA
"GIPC2",4,NA
"SLC41A3",3,NA
"GM16552",3,NA
"PHF19",1,NA
"YJEFN3",3,NA
"POLK",12,NA
"MBTD1",1,NA
"LRIG1",4,NA
"VEGFA",1,NA
"CAMK4",2,NA
"RETNLG",2,NA
"SOX21",5,NA
"ZFP711",1,NA
"ERMN",0,NA
"VMN2R84",6,NA
"ALK",1,NA
"GSTT1",3,NA
"FIGF",10,NA
"FLT1",2,NA
"ECHDC2",1,NA
"STK35",1,NA
"CNN2",6,NA
"ARSI",4,NA
"2610035D17RIK",1,NA
"ZFP658",4,NA
"DTNBOS",7,NA
"IPCEF1",2,NA
"ZFP605",1,NA
"ASB14",2,NA
"NDNF",4,NA
"CHODL",4,NA
"CD300LG",1,NA
"FAM83F",4,NA
"CLEC4E",2,NA
"HES5",3,NA
"MIR382",1,NA
"FKBPL",1,NA
"SMEK1",1,NA
"EFNA3",2,NA
"TEKT5",5,NA
"A830073O21RIK",9,NA
"MYH6",6,NA
"OLFR692",1,NA
"PHF11D",2,NA
"PCGF5",1,NA
"HIST1H3E",3,NA
"ANGPTL1",7,NA
"1600002H07RIK",1,NA
"4930539E08RIK",3,NA
"SCN3B",1,NA
"MYBPC3",5,NA
"ARHGEF33",3,NA
"IRG1",2,NA
"SOD3",2,NA
"SLC35E2",1,NA
"GM14776",10,NA
"RNF112",3,NA
"PEAK1",1,NA
"RPL36A-PS1",5,NA
"RAB26",3,NA
"9930012K11RIK",4,NA
"TGFBR2",2,NA
"MARCKSL1",3,NA
"NUP153",1,NA
"CEBPG",1,NA
"MXD4",3,NA
"SH3BP4",6,NA
"SLC13A3",3,NA
"AKR1B8",2,NA
"TAS1R3",2,NA
"STK32C",2,NA
"4930533I22RIK",4,NA
"AKAP5",2,NA
"BMI1",1,NA
"ADAM1A",7,NA
"ODC1",2,NA
"ZFP646",1,NA
"YTHDC1",1,NA
"GM10167",4,NA
"VSTM2L",3,NA
"SLC43A3",2,NA
"MPZL2",0,NA
"MPZL3",1,NA
"NR2F2",8,NA
"ASB6",1,NA
"CAMK1G",2,NA
"OVOL2",3,NA
"GSAP",2,NA
"SLC4A7",3,NA
"TLL1",4,NA
"CXX1A",3,NA
"GM5963",5,NA
"NR3C1",1,NA
"MET",12,NA
"SUSD2",1,NA
"SETP8",3,NA
"PPM1J",4,NA
"GMNC",9,NA
"ABCA12",3,NA
"WDR46",2,NA
"NRROS",3,NA
"PDIK1L",1,NA
"A630001G21RIK",2,NA
"PRKAR2B",1,NA
"GALNT3",4,NA
"ASIC1",3,NA
"PEX6",3,NA
"CBLN2",1,NA
"2810474O19RIK",1,NA
"UBA7",2,NA
"MYBPH",4,NA
"SMPDL3B",10,NA
"TWIST2",4,NA
"CD6",6,NA
"CCDC77",1,NA
"CPNE6",3,NA
"ABHD17A",3,NA
"PROX2",6,NA
"GM16226",7,NA
"AHSA2",1,NA
"LONRF1",1,NA
"CACNG8",3,NA
"TRCG1",1,NA
"COX7B",1,NA
"ALOXE3",4,NA
"ABHD14A",3,NA
"IL2RG",2,NA
"RBM12",4,NA
"HAVCR2",4,NA
"RAB42",4,NA
"ATP6V1E1",3,NA
"CALCOCO1",4,NA
"CORT",3,NA
"BHLHE40",6,NA
"ANKRD16",1,NA
"ATF5",1,NA
"GM14320",4,NA
"NOS1",8,NA
"PRRX1",2,NA
"S1PR3",2,NA
"GM12904",1,NA
"KCNV2",4,NA
"MTF2",1,NA
"HIST1H4I",3,NA
"WDR6",8,NA
"EPHA8",2,NA
"GM16575",4,NA
"NDRG3",3,NA
"EFHC1",2,NA
"DNAH3",4,NA
"TMEM163",2,NA
"GM14393",10,NA
"KCNH3",3,NA
"NEGR1",1,NA
"KRT2",8,NA
"GM12095",6,NA
"LRRC73",3,NA
"ANXA1",2,NA
"H3F3AOS",1,NA
"WNT9A",2,NA
"GM12680",1,NA
"FBLL1",3,NA
"CD248",1,NA
"RNF4",1,NA
"GM11653",3,NA
"GRRP1",2,NA
"DSG2",4,NA
"TUBB4B",3,NA
"RPE65",1,NA
"EFCAB6",1,NA
"GM15764",2,NA
"FHL3",2,NA
"KCTD5",1,NA
"BNC2",1,NA
"GM15594",4,NA
"FAM161A",5,NA
"KCNJ8",2,NA
"DNASE1L2",10,NA
"BCL6",4,NA
"METTL21C",2,NA
"STOX1",6,NA
"GM650",1,NA
"HIPK4",2,NA
"GM4750",5,NA
"PGM2L1",2,NA
"MARCH7",1,NA
"1700003D09RIK",4,NA
"BLOC1S2-PS",1,NA
"CCDC162",4,NA
"CALY",3,NA
"RASSF5",1,NA
"KCNE1L",8,NA
"GM10600",6,NA
"DBP",3,NA
"SRSF10",1,NA
"MALAT1",7,NA
"SAMD9L",4,NA
"NHLRC1",1,NA
"FAM20A",3,NA
"TPPP",2,NA
"METRNL",12,NA
"GM13090",4,NA
"GM15283",3,NA
"MED4",1,NA
"RBM38",4,NA
"AKNA",3,NA
"1700001L19RIK",1,NA
"SERPINF1",9,NA
"FOXO4",9,NA
"PAPLN",4,NA
"SLC35F5",1,NA
"YARS",1,NA
"GDPD2",8,NA
"GLIS3",1,NA
"RAB3C",2,NA
"MCHR1",6,NA
"GM17235",6,NA
"5430416O09RIK",2,NA
"FAT3",1,NA
"GM11263",5,NA
"SH3BP1",4,NA
"SCD4",1,NA
"C1QC",2,NA
"A330050F15RIK",1,NA
"ZBTB8B",4,NA
"MAGEE2",1,NA
"GM15893",6,NA
"POLH",1,NA
"BC002163",5,NA
"EPYC",9,NA
"6430550D23RIK",6,NA
"FGF13",2,NA
"SLC2A1",3,NA
"MRGPRE",1,NA
"MSL3L2",4,NA
"FGF11",11,NA
"LY6C1",2,NA
"SKP2",1,NA
"SVOPL",2,NA
"SEPT2",1,NA
"MPP7",9,NA
"HIVEP3",1,NA
"GM12070",0,NA
"FRAT1",3,NA
"GM20700",1,NA
"SLC25A47",1,NA
"COPS2",1,NA
"NELL2",3,NA
"SAFB2",2,NA
"ARHGAP9",2,NA
"SLC6A20A",4,NA
"GM3248",4,NA
"SIRT4",4,NA
"CAPZA1",1,NA
"CLK1",1,NA
"CNPPD1",1,NA
"TUBA8",6,NA
"SPATA2",1,NA
"MVK",3,NA
"SLFN3",2,NA
"TMEM204",4,NA
"ACKR2",6,NA
"GM15169",5,NA
"RILPL2",1,NA
"BACE2",6,NA
"LIN7C",1,NA
"TCEAL3",3,NA
"COG2",1,NA
"NMB",13,NA
"FGFBP3",6,NA
"DPP4",8,NA
"1700071M16RIK",2,NA
"DOT1L",7,NA
"LY86",2,NA
"1700007J10RIK",3,NA
"GM16364",2,NA
"HIGD1B",3,NA
"RAI1",1,NA
"DISC1",2,NA
"MIR1188",6,NA
"FLOT2",3,NA
"TNFAIP8L1",2,NA
"FBXL22",2,NA
"NPTX1",9,NA
"GM15721",3,NA
"KLC2",3,NA
"HAS2",2,NA
"CENPF",1,NA
"THUMPD3",1,NA
"SYNGR3",3,NA
"PCDH20",10,NA
"GM9754",7,NA
"TMEM44",3,NA
"ASS1",5,NA
"NFE2L2",2,NA
"ZSCAN25",1,NA
"TNFSF9",4,NA
"WNT4",2,NA
"KDM5A",1,NA
"GM12981",4,NA
"PHF5A",1,NA
"DOK5",3,NA
"FGF10",6,NA
"C920025E04RIK",1,NA
"CDH22",3,NA
"MEG3",6,NA
"4933411O13RIK",3,NA
"SEMA3G",2,NA
"FMNL3",2,NA
"GM25641",4,NA
"SERPINA3F",1,NA
"ZCCHC3",4,NA
"FAM132A",3,NA
"SPATS1",3,NA
"LIX1L",1,NA
"SULT4A1",3,NA
"2610020H08RIK",3,NA
"S100A6",2,NA
"USP43",4,NA
"GM13834",3,NA
"MME",11,NA
"GM12248",4,NA
"PPP4R2",1,NA
"SLC35C1",4,NA
"CEND1",3,NA
"MCL1",1,NA
"MAD2L2",2,NA
"5930412G12RIK",12,NA
"FAM46B",4,NA
"ARID5B",1,NA
"IRF2BPL",4,NA
"PCSK7",1,NA
"GM5389",5,NA
"GM1673",3,NA
"TRIM21",2,NA
"FANCA",4,NA
"CASQ2",2,NA
"IDI2",4,NA
"GM15910",2,NA
"FOXJ1",4,NA
"LPAR6",2,NA
"ITGA1",2,NA
"MAMDC4",1,NA
"LPXN",2,NA
"CLSTN3",3,NA
"GM13716",3,NA
"PDE12",1,NA
"ADRB1",6,NA
"B9D2",3,NA
"BEST1",2,NA
"GM20682",2,NA
"EXPH5",1,NA
"IFIH1",2,NA
"GM11652",7,NA
"KRT23",1,NA
"GM14412",1,NA
"SCARB1",4,NA
"TLR6",2,NA
"ACOT1",4,NA
"DLX1",3,NA
"1700121C08RIK",3,NA
"TCEAL6",3,NA
"PALLD",2,NA
"GM14446",4,NA
"ERF",4,NA
"MERTK",6,NA
"TFAM",1,NA
"SLC25A30",1,NA
"EGFLAM",2,NA
"CEP290",4,NA
"CEP76",1,NA
"PDLIM1",1,NA
"PROX1",2,NA
"CCBE1",4,NA
"TNIP2",3,NA
"HGF",1,NA
"LOXL1",2,NA
"RRBP1",2,NA
"S100A4",2,NA
"IKZF1",6,NA
"CTSK",7,NA
"LARP1B",5,NA
"GLT8D2",3,NA
"RCC1",10,NA
"FAM43B",6,NA
"DOCK10",2,NA
"MCM7",10,NA
"USHBP1",4,NA
"4930443O20RIK",4,NA
"MRPS21",3,NA
"KLK8",2,NA
"GM6863",5,NA
"ATP2A3",3,NA
"DUSP9",4,NA
"GALNT18",3,NA
"HIST1H4N",2,NA
"STK33",3,NA
"ZC3H12D",1,NA
"DRAM1",1,NA
"IFI44",6,NA
"CDKN1C",10,NA
"PTPRH",1,NA
"PPP2R2A",1,NA
"MT-CYTB",3,NA
"ANKK1",11,NA
"EDEM1",1,NA
"MAP3K6",5,NA
"SLAIN2",1,NA
"NAA38",3,NA
"ETV1",3,NA
"TRMT2B",1,NA
"NFATC1",2,NA
"AZIN2",3,NA
"4931422A03RIK",4,NA
"KRT8",9,NA
"CHST14",2,NA
"COL23A1",3,NA
"GM10010",1,NA
"RPH3A",3,NA
"GM16008",2,NA
"GM15751",2,NA
"2410004P03RIK",4,NA
"UGT8A",3,NA
"MGST3",3,NA
"GLP1R",8,NA
"NKPD1",4,NA
"STARD13",2,NA
"CDCA7",2,NA
"TMEM14A",1,NA
"PFPL",4,NA
"TMEM176A",2,NA
"9430016H08RIK",1,NA
"HIGD2A",3,NA
"SNRNP25",3,NA
"CABP1",3,NA
"VMN1R57",1,NA
"TMEM198",1,NA
"DPM1",4,NA
"GHSR",4,NA
"SCARNA2",3,NA
"DLX6OS1",1,NA
"NOXRED1",1,NA
"MYO3B",11,NA
"PHACTR4",2,NA
"FAM180A",4,NA
"GM12445",5,NA
"GM25395",2,NA
"NDUFS8",3,NA
"CHIC2",4,NA
"PLD1",6,NA
"NMRAL1",3,NA
"NOSTRIN",9,NA
"MEF2C",2,NA
"BARX2",2,NA
"TOMM40L",3,NA
"MPPED1",3,NA
"ZFP518A",1,NA
"BRPF1",1,NA
"TPX2",1,NA
"HAO1",4,NA
"GM10036",5,NA
"GM20404",6,NA
"BMP3",6,NA
"MCEE",1,NA
"SCPEP1",1,NA
"FA2H",3,NA
"FAM198A",3,NA
"SV2C",11,NA
"GM24899",1,NA
"NFKBIL1",1,NA
"ARHGAP29",2,NA
"LAIR1",7,NA
"FOXC1",1,NA
"ARHGDIG",3,NA
"NRADD",2,NA
"ZMIZ1OS1",4,NA
"ADNP",3,NA
"HAUS3",1,NA
"FBLN2",1,NA
"PRMT2",3,NA
"JAK2",1,NA
"GLP2R",11,NA
"MAPK7",4,NA
"NUP160",1,NA
"GPATCH8",1,NA
"SOX18",6,NA
"UBE2F",1,NA
"ROCK1",7,NA
"GPR45",1,NA
"FAR1OS",7,NA
"PNCK",3,NA
"9130024F11RIK",1,NA
"D730045A05RIK",7,NA
"GM13292",5,NA
"SLC39A4",3,NA
"ANO1",2,NA
"SOX7",2,NA
"THBS3",2,NA
"CDC27",1,NA
"PMF1",4,NA
"GM8822",5,NA
"1500009C09RIK",3,NA
"GM25219",7,NA
"SREK1",3,NA
"FNBP4",3,NA
"ALDOART2",5,NA
"AP1S3",4,NA
"DTX4",1,NA
"SLC1A5",2,NA
"RNF39",1,NA
"4933407K13RIK",2,NA
"ALDH1A3",3,NA
"PPP1R1A",3,NA
"AASS",1,NA
"4933407I08RIK",6,NA
"SPINK10",1,NA
"FLNB",2,NA
"GM17066",1,NA
"BCL2L11",4,NA
"ADAMTS7",2,NA
"MCM2",1,NA
"GM16618",0,NA
"TCF12",1,NA
"GM13680",5,NA
"HIST1H4J",1,NA
"INO80E",1,NA
"ST6GALNAC2",3,NA
"GJA4",1,NA
"IL1RL2",1,NA
"ORC2",1,NA
"GRM7",1,NA
"CSK",1,NA
"ZFP366",2,NA
"PHLDB2",2,NA
"PPP1R3D",4,NA
"LDLRAP1",3,NA
"NAA25",1,NA
"ETV5",3,NA
"TMEM151A",3,NA
"GM14279",5,NA
"CASP4",2,NA
"RAMP2",6,NA
"XPNPEP3",1,NA
"PTPN7",1,NA
"GPRIN3",1,NA
"FLOT1",3,NA
"BC017643",1,NA
"CALM2",2,NA
"WEE1",1,NA
"GM14377",7,NA
"ERAP1",2,NA
"1700028K03RIK",2,NA
"CCDC88B",1,NA
"TADA2B",1,NA
"RGS2",4,NA
"GLIS1",4,NA
"PNMA3",1,NA
"MRAP2",11,NA
"CCNJL",3,NA
"PTMS",3,NA
"GM12227",4,NA
"GM5898",7,NA
"GNMT",1,NA
"GM15423",6,NA
"HUNK",6,NA
"SAMD14",1,NA
"SRP54B",5,NA
"GRM3",1,NA
"QDPR",3,NA
"GM16576",4,NA
"HRASLS",1,NA
"ERMAP",2,NA
"SP9",13,NA
"PITPNM2OS1",7,NA
"EPHX3",4,NA
"TGIF2",3,NA
"KCNK13",4,NA
"DYRK1A",1,NA
"GLIPR1",2,NA
"GM22",1,NA
"POLN",1,NA
"COL4A4",3,NA
"LRRC8C",1,NA
"A230072E10RIK",4,NA
"LYZL4OS",4,NA
"FZD9",4,NA
"GM14020",2,NA
"H2-DMA",3,NA
"TUB",3,NA
"TMEM125",11,NA
"ENDOU",3,NA
"RHOD",3,NA
"GM8251",4,NA
"NDUFA13",3,NA
"MAB21L1",3,NA
"CTDSPL",1,NA
"LRRC23",0,NA
"ZFP607",2,NA
"1500009L16RIK",7,NA
"SARS",1,NA
"PCBD1",3,NA
"GPR87",3,NA
"NRARP",1,NA
"RARS",1,NA
"4933431E20RIK",3,NA
"SRSF11",1,NA
"9930111J21RIK2",6,NA
"ZFP932",4,NA
"SLC25A38",1,NA
"VIP",4,NA
"TNNI1",2,NA
"SCN10A",10,NA
"GTF2H1",1,NA
"CHGA",3,NA
"ZBTB7B",4,NA
"ZBTB16",3,NA
"MRPS12",3,NA
"BEND6",2,NA
"2310075C17RIK",3,NA
"BMP7",2,NA
"FAM196A",4,NA
"EPCAM",3,NA
"INSIG1",1,NA
"TNK2OS",7,NA
"SLCO2B1",4,NA
"ZMAT4",3,NA
"GM14123",4,NA
"MARCH4",2,NA
"DOC2A",3,NA
"GM14053",7,NA
"IRF2BP2",1,NA
"FNDC7",1,NA
"NTN5",3,NA
"KDELC1",2,NA
"P4HA2",4,NA
"ARSG",3,NA
"CCNE2",1,NA
"GPR98",2,NA
"GM11892",6,NA
"1700086D15RIK",5,NA
"ESR2",4,NA
"IQCK",4,NA
"TSPAN11",0,NA
"POMK",3,NA
"TBC1D15",1,NA
"OLFML1",1,NA
"SLC25A36",1,NA
"MLXIP",1,NA
"SLC17A7",3,NA
"GM16278",1,NA
"GM20548",7,NA
"4930404I05RIK",2,NA
"EFCAB5",1,NA
"PAPD7",1,NA
"MUL1",1,NA
"UBE2G2",1,NA
"ACAD10",2,NA
"CLDN15",1,NA
"IL18BP",2,NA
"CDHR2",4,NA
"FAM81A",3,NA
"MYH11",3,NA
"NEUROD4",9,NA
"MRVI1",3,NA
"GRIP1OS1",6,NA
"GM10069",1,NA
"DDIAS",1,NA
"PGM5",3,NA
"GM15810",3,NA
"MT-ND6",3,NA
"CSF2RA",2,NA
"MAGED2",1,NA
"HAX1",1,NA
"SCUBE1",2,NA
"CLEC14A",2,NA
"MAP2K3",2,NA
"TDP1",4,NA
"GM5621",5,NA
"PIK3R6",2,NA
"SPR",3,NA
"ALDOART1",5,NA
"H2-AA",7,NA
"MOB3A",2,NA
"FBRS",1,NA
"PBX4",1,NA
"CAPRIN2",7,NA
"HLCS",1,NA
"COCH",1,NA
"HSPB6",3,NA
"FRMD8",2,NA
"TMEM160",3,NA
"CAPN1",3,NA
"D030047H15RIK",5,NA
"SOX10",2,NA
"IL1R2",4,NA
"SLC7A6OS",1,NA
"GM12333",3,NA
"TYMS",2,NA
"CREBZF",1,NA
"GM12254",5,NA
"SOCS4",1,NA
"ACTL10",5,NA
"GM15178",2,NA
"DRD3",8,NA
"BASP1",3,NA
"TIE1",6,NA
"TMPRSS6",1,NA
"1110065P20RIK",3,NA
"CAMKK1",3,NA
"GM15688",2,NA
"CAR11",3,NA
"CFAP45",4,NA
"TSPAN17",3,NA
"SNRNP48",1,NA
"CD59A",11,NA
"LTBP4",1,NA
"TMEM128",1,NA
"BTBD16",2,NA
"9130020K20RIK",6,NA
"RNF217",4,NA
"ELMO3",10,NA
"FSTL1",2,NA
"LINGO1",3,NA
"TMTC3",12,NA
"SLC40A1",3,NA
"MGME1",1,NA
"TRP53I11",9,NA
"TBP",1,NA
"NIN",1,NA
"SLC44A5",8,NA
"NRG4",2,NA
"FBXO5",1,NA
"NKAIN3",8,NA
"GM13068",4,NA
"METTL16",1,NA
"OIT3",4,NA
"SYP",3,NA
"GM14172",7,NA
"SOX30",1,NA
"NUTM1",4,NA
"NEFL",2,NA
"NIPAL4",1,NA
"TACO1",3,NA
"TMC7",4,NA
"TIA1",10,NA
"ADGB",2,NA
"GM6096",7,NA
"WAS",2,NA
"ZFP119A",2,NA
"TMEM39B",1,NA
"CNTNAP3",1,NA
"STON1",4,NA
"STXBP3A",7,NA
"SERTAD4",6,NA
"CD97",2,NA
"RSPH9",1,NA
"RSRC2",1,NA
"CCDC141",4,NA
"RPL34-PS1",5,NA
"KIT",1,NA
"TPGS1",3,NA
"TNFSF15",1,NA
"CST7",2,NA
"PTPN14",3,NA
"DLK2",1,NA
"PIP5K1A",1,NA
"ISM2",1,NA
"4930439A04RIK",7,NA
"APOBEC4",4,NA
"F8A",1,NA
"PUS7",1,NA
"TMEM123",2,NA
"CPNE9",3,NA
"CEP57",1,NA
"TIFAB",12,NA
"COBLL1",2,NA
"CACNA2D3",1,NA
"KCNF1",2,NA
"UNC93B1",4,NA
"GM16365",2,NA
"SLC19A3",4,NA
"B230319C09RIK",7,NA
"MOV10",2,NA
"MIR128-1",6,NA
"GM3571",1,NA
"GM7816",1,NA
"FNBP1L",6,NA
"TSKU",1,NA
"LRRIQ1",2,NA
"PPAP2C",2,NA
"SFT2D1",1,NA
"TOR4A",2,NA
"KCNAB3",3,NA
"COA3",3,NA
"AMIGO2",8,NA
"ZFP937",2,NA
"SLC17A9",4,NA
"KCTD4",2,NA
"FAM199X",1,NA
"SPIDR",2,NA
"2410004B18RIK",6,NA
"GM12715",5,NA
"CAPN5",3,NA
"SHROOM3",4,NA
"ANKRD34B",6,NA
"SORL1",1,NA
"HIC1",4,NA
"TMEM176B",2,NA
"NCAM2",1,NA
"MPEG1",3,NA
"RAB3A",3,NA
"SERTM1",2,NA
"RBM34",1,NA
"CD163",2,NA
"SCARNA6",3,NA
"GPR160",4,NA
"ZFC3H1",5,NA
"CRHR2",2,NA
"FAT1",1,NA
"CARD9",2,NA
"RHOQ",4,NA
"PTPN2",3,NA
"PDYN",11,NA
"KCNA3",4,NA
"GM13854",6,NA
"XRCC2",6,NA
"MIR758",1,NA
"BRD1",1,NA
"C79798",13,NA
"MCCC1",6,NA
"ACP6",6,NA
"RAB11FIP1",5,NA
"ITPR3",2,NA
"FAM78A",10,NA
"SMEK2",1,NA
"FOXN2",4,NA
"CXXC5",6,NA
"PDE1C",11,NA
"D630023F18RIK",3,NA
"LGALS9",2,NA
"MED20",1,NA
"GM15624",6,NA
"CMKLR1",2,NA
"RTP1",9,NA
"TECTA",2,NA
"AHRR",9,NA
"GM10545",10,NA
"GM6767",5,NA
"GM5514",5,NA
"PLEKHD1",8,NA
"NOP14",1,NA
"BAX",1,NA
"ELN",3,NA
"KCND2",1,NA
"IGSF8",3,NA
"EPN3",2,NA
"SLC30A10",3,NA
"RASIP1",2,NA
"TAF7",1,NA
"ALDOB",4,NA
"SLC6A7",2,NA
"FBXO2",3,NA
"SCYL2",1,NA
"WSB2-PS",5,NA
"CTNNA3",6,NA
"RCOR2",6,NA
"PRSS35",5,NA
"TCF7L2",1,NA
"GM7331",5,NA
"RIBC1",2,NA
"EFCAB1",1,NA
"MAP1LC3A",3,NA
"SMDT1",3,NA
"4930527B05RIK",1,NA
"RAPGEFL1",3,NA
"LRP1B",1,NA
"RUNX2OS2",7,NA
"GCNT2",3,NA
"PHACTR3",3,NA
"SETD1A",1,NA
"SHB",9,NA
"OAS1B",2,NA
"GPR124",2,NA
"SYNB",1,NA
"GM12183",5,NA
"NDE1",6,NA
"CHN1OS3",6,NA
"ADNP2",1,NA
"SULT2B1",1,NA
"DNMT3L",1,NA
"GM15942",6,NA
"GRIP1OS2",6,NA
"FABP5",3,NA
"PVRL1",3,NA
"ZDHHC12",4,NA
"LY6E",4,NA
"SERP2",3,NA
"GIMAP5",7,NA
"UFSP1",1,NA
"SNIP1",1,NA
"IRF4",4,NA
"CFAP43",2,NA
"ZMAT5",3,NA
"PNPLA7",4,NA
"DMRT2",0,NA
"KCNN3",1,NA
"BCAS1OS2",2,NA
"EBF1",3,NA
"ISG15",2,NA
"FZD4",4,NA
"CRB2",1,NA
"CSNK1G1",1,NA
"GM12988",5,NA
"PRRX2",3,NA
"1500011K16RIK",4,NA
"BC007180",1,NA
"GM16222",1,NA
"HIST1H4M",2,NA
"L3MBTL1",1,NA
"ADAMTS10",1,NA
"GM13509",3,NA
"DYRK2",6,NA
"GM17214",2,NA
"NTF5",1,NA
"RILPL1",2,NA
"STARD6",2,NA
"GM16599",7,NA
"TLK2",1,NA
"NKX6-2",2,NA
"MTHFSL",6,NA
"RNF152",6,NA
"GM15997",1,NA
"ARL6IP6",1,NA
"ACVR1C",2,NA
"NAIP6",2,NA
"FAM43A",3,NA
"TMEM63A",3,NA
"PLA2R1",2,NA
"FOLR2",2,NA
"KLHL25",1,NA
"VMN2R85",6,NA
"UBE2H",1,NA
"TRIM65",1,NA
"GM24119",5,NA
"ITPRIPL1",9,NA
"NT5C1A",4,NA
"GM24693",5,NA
"NGFRAP1",3,NA
"PROSER2",3,NA
"ZFP639",1,NA
"ZP2",1,NA
"4931423N10RIK",4,NA
"TCEAL1",1,NA
"THOC3",1,NA
"MIF",3,NA
"EGFROS",3,NA
"MC5R",5,NA
"HIST1H4C",3,NA
"GM17615",3,NA
"SPTBN2",3,NA
"6430571L13RIK",13,NA
"CASP8AP2",1,NA
"NSDHL",3,NA
"MEX3B",1,NA
"NLRC3",2,NA
"EMC10",3,NA
"KATNAL2",1,NA
"RSPO3",3,NA
"FAP",8,NA
"GM13629",4,NA
"NUPL1",1,NA
"EDF1",3,NA
"PABPC4",1,NA
"IGLON5",9,NA
"SLC6A20B",7,NA
"SMIM5",2,NA
"TSPYL1",1,NA
"COL4A5",1,NA
"RLIM",1,NA
"CCNT2",1,NA
"COL5A1",4,NA
"GPRIN2",4,NA
"GM11714",2,NA
"LHX9",8,NA
"FAM60A",2,NA
"TM7SF2",4,NA
"CXCL5",3,NA
"CRISPLD2",0,NA
"ENPP1",12,NA
"MDH1",3,NA
"CARNS1",1,NA
"SLC3A2",1,NA
"CHRM4",4,NA
"RNF146",1,NA
"GM16580",1,NA
"PTK6",1,NA
"USP16",3,NA
"4932443L11RIK",4,NA
"GM14857",0,NA
"SCN1B",3,NA
"GM1976",2,NA
"NKAIN4",3,NA
"GRAMD1C",2,NA
"LCK",3,NA
"FOLH1",3,NA
"ADPGK",1,NA
"IFRD2",2,NA
"ZFP202",1,NA
"TRAT1",1,NA
"SNAP23",3,NA
"GM16299",3,NA
"RHOB",3,NA
"GM14429",1,NA
"TMEM232",10,NA
"ORAI1",2,NA
"MTMR12",1,NA
"FANCC",4,NA
"TAGLN",3,NA
"HYAL1",2,NA
"RPS3A3",5,NA
"2900011O08RIK",3,NA
"COX14",3,NA
"FBXL19",3,NA
"SLC25A24",2,NA
"RPS3A2",5,NA
"ATP8B2",4,NA
"TAB3",1,NA
"TBC1D31",7,NA
"POP1",10,NA
"ALOX5",2,NA
"MYCBP",3,NA
"MYO5B",3,NA
"GM2897",4,NA
"PNMAL2",3,NA
"ADAP1",3,NA
"KRT12",3,NA
"SSTR3",3,NA
"GM5141",1,NA
"TERF2IP",1,NA
"CKAP2",1,NA
"MT-ND5",3,NA
"FHL2",6,NA
"SAMD8",1,NA
"VWA1",2,NA
"ISOC1",13,NA
"CCDC32",3,NA
"GM2000",5,NA
"LRIF1",10,NA
"NRTN",5,NA
"SRF",1,NA
"SHKBP1",1,NA
"NOL12",1,NA
"ZFP958",1,NA
"TCAP",1,NA
"NARF",2,NA
"E230016K23RIK",1,NA
"FABP3",3,NA
"GNG13",7,NA
"LARP4",1,NA
"HS3ST5",3,NA
"DHX58",2,NA
"TMEM40",3,NA
"GM9385",5,NA
"GFPT2",2,NA
"CHEK2",3,NA
"MC4R",10,NA
"TMEM91",8,NA
"PPIC",2,NA
"GM15710",5,NA
"IRS2",3,NA
"PET100",3,NA
"TAOK3",1,NA
"KCNC4",3,NA
"A430105I19RIK",5,NA
"LPP",3,NA
"SEC24D",4,NA
"IQCC",4,NA
"AGPAT9",4,NA
"RORB",1,NA
"OPN3",12,NA
"GM13814",6,NA
"HIST1H4K",3,NA
"TAX1BP3",2,NA
"LPPR3",8,NA
"TSEN54",10,NA
"GM16315",5,NA
"B3GNT1",3,NA
"SPN",1,NA
"GM22204",4,NA
"ERG",2,NA
"WNT10A",6,NA
"ADAMTS12",4,NA
"TBRG4",1,NA
"UBXN4",1,NA
"SHC1",2,NA
"RBL1",6,NA
"GM6180",5,NA
"FGF12",2,NA
"SYK",2,NA
"ZDBF2",2,NA
"GM15265",7,NA
"ARF5",3,NA
"FGF9",6,NA
"ASXL3",4,NA
"COL6A1",4,NA
"3110082I17RIK",3,NA
"IKZF2",4,NA
"SLC1A4",1,NA
"GAS2L2",4,NA
"CHN1",2,NA
"TOX4",1,NA
"GM15787",2,NA
"RBMS3",2,NA
"LIN54",1,NA
"MCM6",2,NA
"AHCTF1",1,NA
"KLF16",6,NA
"SPAG16",9,NA
"TTYH2",8,NA
"SLC18A2",3,NA
"NLGN3",3,NA
"SERPINB1A",8,NA
"SPNS2",1,NA
"ALAS2",6,NA
"COX7A2",3,NA
"GM13543",5,NA
"GM17193",3,NA
"SPATA2L",2,NA
"GPR82",1,NA
"PHEX",0,NA
"ESRRG",3,NA
"ARL3",3,NA
"PPIL4",1,NA
"GM7707",7,NA
"SNCG",8,NA
"GPR65",2,NA
"NFKBIA",12,NA
"SRGAP1",3,NA
"ANKRD9",6,NA
"GM13919",2,NA
"ALDH1B1",3,NA
"NUFIP2",1,NA
"ITGA7",2,NA
"TBR1",2,NA
"LRGUK",1,NA
"NRF1",1,NA
"SGK1",12,NA
"TBC1D2",5,NA
"KLC3",5,NA
"DNAJB5",2,NA
"MIDN",1,NA
"QTRT1",1,NA
"CCR2",3,NA
"GM12312",2,NA
"TGFBR3L",10,NA
"IL16",3,NA
"SLC6A9",1,NA
"VCAN",6,NA
"NDUFB6",3,NA
"SPHK2",1,NA
"ZGLP1",1,NA
"COX6B1",3,NA
"BIN3",1,NA
"ECE2",8,NA
"SH3PXD2B",2,NA
"VAT1",8,NA
"MCEMP1",2,NA
"1190005I06RIK",3,NA
"SF3B5",3,NA
"KLF9",2,NA
"CCDC103",10,NA
"BCAR1",4,NA
"HNMT",1,NA
"LIPE",2,NA
"GM13547",1,NA
"GM22478",7,NA
"PGM1",4,NA
"HGH1",1,NA
"ZSCAN29",1,NA
"GM15774",4,NA
"IL21R",6,NA
"BHLHA15",1,NA
"MRPL14",4,NA
"IL1RAP",3,NA
"MXD3",3,NA
"MEDAG",1,NA
"APOE",3,NA
"CYP2D26",4,NA
"CCNJ",1,NA
"NSUN7",1,NA
"E130012A19RIK",6,NA
"RNFT2",3,NA
"CYP27A1",8,NA
"FAF2",1,NA
"SP100",6,NA
"ADA",2,NA
"KCNH7",1,NA
"GM13835",0,NA
"CCDC102A",6,NA
"SPON2",1,NA
"WTIP",1,NA
"TMEM86B",10,NA
"SEPT4",3,NA
"NEDD1",2,NA
"1700007K13RIK",1,NA
"NCKAP5",2,NA
"GM20699",6,NA
"CPLX3",3,NA
"A230006K03RIK",1,NA
"UMPS",1,NA
"GM13841",5,NA
"MLXIPL",6,NA
"GM11242",1,NA
"LSAMP",1,NA
"LRMP",4,NA
"SAMD12",1,NA
"RAD21L",1,NA
"CTSH",4,NA
"GPR161",1,NA
"PPP2R1B",1,NA
"SERPINF2",2,NA
"9430025C20RIK",6,NA
"NIPAL2",1,NA
"WNT11",4,NA
"ADCK5",10,NA
"BEX1",3,NA
"PHLDA3",1,NA
"A830080D01RIK",1,NA
"SNRPA1",1,NA
"FAM222B",1,NA
"NFRKB",1,NA
"GM17130",3,NA
"AU021092",4,NA
"SNRPN",3,NA
"HMGA1",2,NA
"SYT3",3,NA
"BTLA",3,NA
"IL6RA",2,NA
"BRINP3",1,NA
"PCYOX1L",4,NA
"FZD1",3,NA
"PGD",2,NA
"RNF2",1,NA
"GM15470",6,NA
"FOXO1",4,NA
"CD164L2",3,NA
"TREML2",3,NA
"SCML4",2,NA
"CD7",10,NA
"GM15789",7,NA
"SCN2A1",1,NA
"PIP5KL1",5,NA
"GM9493",5,NA
"H2-D1",2,NA
"AIM2",3,NA
"GABPB2",2,NA
"PON3",9,NA
"AIM1",2,NA
"YY1",1,NA
"ITGB1",3,NA
"PAK7",2,NA
"FTX",6,NA
"THEMIS2",3,NA
"BANP",9,NA
"CEP72",5,NA
"DDX18",10,NA
"PDZD4",3,NA
"GM7457",4,NA
"METTL2",1,NA
"CEP192",3,NA
"ATP1A4",4,NA
"HSD3B7",2,NA
"6030419C18RIK",3,NA
"PCSK9",2,NA
"NTSR2",3,NA
"IL20RB",7,NA
"FASTKD5",6,NA
"SLC24A3",3,NA
"PLOD1",6,NA
"GM4202",5,NA
"AFAP1L2",2,NA
"NAALADL1",5,NA
"PRORSD1",3,NA
"ARL4A",1,NA
"2410015M20RIK",3,NA
"OGFR",1,NA
"CSPG4",3,NA
"TBPL1",1,NA
"HKDC1",2,NA
"OSBPL1A",2,NA
"CDC42EP4",2,NA
"AA465934",1,NA
"1700001L05RIK",4,NA
"DDX41",1,NA
"IGFBP1",1,NA
"ASTE1",4,NA
"SEPSECS",1,NA
"RBM48",1,NA
"RTN4RL2",6,NA
"TENM2",1,NA
"AU040972",3,NA
"SPATA5L1",1,NA
"TRHDE",2,NA
"DDX3Y",1,NA
"GDF10",1,NA
"ZFP941",1,NA
"HMGN1",1,NA
"FBXO33",1,NA
"GM13344",1,NA
"KLF14",1,NA
"APBB1",3,NA
"MATK",3,NA
"CTXN3",13,NA
"LHFPL5",3,NA
"PLN",3,NA
"GADD45A",2,NA
"MBD1",1,NA
"AARS2",3,NA
"OBSCN",1,NA
"TAF3",1,NA
"ARSK",1,NA
"CLN5",4,NA
"2610203C20RIK",3,NA
"8030462N17RIK",1,NA
"HDAC5",1,NA
"HINT2",3,NA
"TMCO6",4,NA
"CCND1",1,NA
"KLHL40",1,NA
"9330162012RIK",0,NA
"HELLS",3,NA
"IRF6",1,NA
"GPAT2",5,NA
"IER5L",10,NA
"BMP1",10,NA
"SLC32A1",8,NA
"BCAM",6,NA
"ZFAND2B",1,NA
"SLC30A2",1,NA
"GM16295",3,NA
"CGNL1",2,NA
"HYDIN",3,NA
"RAB3B",3,NA
"TNNT1",4,NA
"GM9174",6,NA
"SCD3",5,NA
"DTD1",3,NA
"IL17D",3,NA
"ATP6V0E2",3,NA
"P2RX5",2,NA
"SMARCAD1",1,NA
"EIF2S3Y",7,NA
"TIMELESS",2,NA
"FSTL5",11,NA
"CYGB",3,NA
"CKMT2",7,NA
"ADCY8",12,NA
"TRAF3IP2",7,NA
"LENG8",6,NA
"MTR",6,NA
"HTR1D",5,NA
"GPRIN1",6,NA
"2900052L18RIK",4,NA
"POLE",10,NA
"FZD7",6,NA
"TRPV5",4,NA
"4930412M03RIK",7,NA
"ZFP446",4,NA
"BB365896",6,NA
"KCTD19",4,NA
"SLC7A3",1,NA
"GM11693",4,NA
"SEMA3D",2,NA
"GM13192",5,NA
"COL6A3",9,NA
"PELI2",1,NA
"SKA3",3,NA
"CD59B",6,NA
"2010107E04RIK",3,NA
"XLR3A",2,NA
"MSS51",6,NA
"MNDA",2,NA
"RINL",2,NA
"PLB1",4,NA
"GDPD5",1,NA
"AMN",3,NA
"ZFA-PS",1,NA
"NCAPH",4,NA
"BCL7C",1,NA
"TTLL9",2,NA
"UCHL1",3,NA
"PVRL3",5,NA
"FRAT2",3,NA
"MRPL12",1,NA
"RAPGEF4OS1",2,NA
"ERBB4",1,NA
"SPTSSB",3,NA
"OXTR",3,NA
"CEP19",2,NA
"GM12503",2,NA
"ENTPD2",1,NA
"4930517O19RIK",3,NA
"MT-TC",11,NA
"TCF23",2,NA
"GM5805",5,NA
"BC100451",2,NA
"KLRG2",1,NA
"RNASEH2C",3,NA
"ROR1",1,NA
"GM15863",3,NA
"N6AMT1",4,NA
"ETL4",1,NA
"GM6781",5,NA
"HIC2",4,NA
"ZFP125",4,NA
"MAT2A",1,NA
"1110038F14RIK",1,NA
"ALKBH4",1,NA
"EDN2",4,NA
"RAC3",3,NA
"OASL1",2,NA
"GSTA4",3,NA
"IFT22",3,NA
"ORAI2",3,NA
"UBE2QL1",2,NA
"SRSF1",1,NA
"SFSWAP",1,NA
"KCTD13",3,NA
"GM9990",3,NA
"GM4117",3,NA
"GM14740",3,NA
"RBM17",1,NA
"ZC3H12A",2,NA
"MAPK11",3,NA
"MEA1",3,NA
"ASB5",1,NA
"RRAS2",3,NA
"DCUN1D2",3,NA
"OAZ1",3,NA
"LUC7L3",7,NA
"SP1",4,NA
"GM10702",4,NA
"GPRC5B",8,NA
"UNC119",3,NA
"TRIM30D",2,NA
"KCNK10",12,NA
"CHRNA5",2,NA
"SEPT5",3,NA
"DDX47",1,NA
"CLEC2L",3,NA
"FOXF2",5,NA
"ADSSL1",3,NA
"SNAP29",1,NA
"KCNU1",4,NA
"HIST1H2AI",4,NA
"DIABLO",5,NA
"ENTPD7",4,NA
"CDK18",3,NA
"AFF1",1,NA
"1700095J12RIK",6,NA
"ITGA2",4,NA
"GORAB",1,NA
"CSF3R",6,NA
"IFT88OS",6,NA
"BST1",2,NA
"AGTR2",2,NA
"CTXN2",1,NA
"ELFN2",2,NA
"GM13886",1,NA
"HIF1AN",1,NA
"HTR3A",2,NA
"GUSB",2,NA
"SERPINB8",3,NA
"THSD7A",1,NA
"2700081O15RIK",1,NA
"GM15881",6,NA
"0610040B10RIK",0,NA
"ESCO1",1,NA
"NPR3",2,NA
"CDC7",5,NA
"CDK5RAP1",1,NA
"DMRTC1A",3,NA
"POU6F2",1,NA
"4933413J09RIK",5,NA
"KAZALD1",7,NA
"MSANTD1",4,NA
"GM14753",5,NA
"PKHD1L1",7,NA
"ANGPTL2",7,NA
"IDUA",3,NA
"GM12925",3,NA
"CHCHD6",3,NA
"ESAM",2,NA
"GM20645",4,NA
"GM14335",2,NA
"RPAIN",10,NA
"RLN1",4,NA
"SUSD1",3,NA
"SNAI3",4,NA
"POU5F2",6,NA
"CIITA",2,NA
"ZFP513",1,NA
"CHRNB3",1,NA
"ACOT13",3,NA
"HPGDS",6,NA
"CDK11B",1,NA
"SLC39A8",3,NA
"ISG20L2",1,NA
"ZDHHC23",6,NA
"VCP-RS",4,NA
"CYP3A13",3,NA
"PALB2",10,NA
"EXOC3L",2,NA
"PRICKLE2",1,NA
"TMEM251",4,NA
"TMEM26",8,NA
"COPS7A",3,NA
"SLC39A12",1,NA
"DHRS3",3,NA
"DHRS11",0,NA
"RHOBTB1",3,NA
"GM16334",4,NA
"GM10629",2,NA
"ATP13A4",2,NA
"SCAND1",3,NA
"ZDHHC7",1,NA
"NRP2",8,NA
"CYP11A1",3,NA
"TFEB",2,NA
"VAMP1",3,NA
"ITGA11",1,NA
"MKI67",12,NA
"FBN2",2,NA
"GM12403",3,NA
"GIMAP6",12,NA
"LEKR1",6,NA
"B230216N24RIK",1,NA
"HRAS",3,NA
"2610001J05RIK",4,NA
"KANSL2",1,NA
"GGNBP2",1,NA
"LRRK2",1,NA
"CHML",10,NA
"PIEZO2",6,NA
"FAM207A",1,NA
"GM17096",3,NA
"PRRT3",3,NA
"1110001J03RIK",3,NA
"CFTR",1,NA
"GM11252",1,NA
"CALN1",3,NA
"CELF5",3,NA
"KDM3A",1,NA
"LDOC1L",2,NA
"ITGB5",3,NA
"SSPO",7,NA
"GM12258",10,NA
"RSPO2",2,NA
"USP49",1,NA
"MSMO1",1,NA
"CHIL5",2,NA
"ANKRD34C",9,NA
"ADIPOR2",10,NA
"ITGA2B",2,NA
"ENC1",2,NA
"3632451O06RIK",1,NA
"GSTM7",1,NA
"RUVBL2",1,NA
"LMO2",1,NA
"TMIE",8,NA
"SLC30A7",1,NA
"G2E3",1,NA
"UQCC2",3,NA
"BTN1A1",4,NA
"ZFP423",8,NA
"ANKDD1A",1,NA
"1700109H08RIK",3,NA
"PCDHB5",3,NA
"TEKT1",0,NA
"4930581F22RIK",2,NA
"IQCJ",1,NA
"PHF23",1,NA
"TCF7",2,NA
"DEPDC7",2,NA
"H2-Q2",8,NA
"LFNG",3,NA
"DUSP26",3,NA
"BAG2",1,NA
"CLIC3",1,NA
"CCRL2",4,NA
"BMP2K",2,NA
"GNG3",5,NA
"LRRN2",3,NA
"RNH1",1,NA
"GPSM1",3,NA
"ARMCX6",6,NA
"KRTCAP2",1,NA
"BTD",1,NA
"GM15957",4,NA
"4930458D05RIK",4,NA
"LEF1",2,NA
"FKBP7",1,NA
"DEGS2",10,NA
"HAUS2",1,NA
"MICAL1",4,NA
"PTPRU",2,NA
"HPCA",3,NA
"LGI2",3,NA
"UBE4BOS1",7,NA
"MELK",3,NA
"ARHGEF25",3,NA
"GM14026",5,NA
"WDR72",9,NA
"ACOT5",3,NA
"HSPB3",4,NA
"ALKBH5",1,NA
"GREM1",4,NA
"CPXM2",4,NA
"FILIP1L",5,NA
"KCNJ14",1,NA
"MOBP",2,NA
"SH2B2",4,NA
"SOX13",2,NA
"GM15570",1,NA
"WSB1",4,NA
"MIS18BP1",3,NA
"ENDOG",3,NA
"GBP9",6,NA
"CPOX",1,NA
"GM15665",6,NA
"1110059G10RIK",4,NA
"PTGDR2",4,NA
"MYH14",3,NA
"GM15832",3,NA
"VSTM5",4,NA
"NKD2",3,NA
"ANKRD33B",1,NA
"RWDD2A",3,NA
"DNAIC2",4,NA
"HEY1",6,NA
"GPD1",2,NA
"UFSP2",4,NA
"GJA5",2,NA
"GCNT4",5,NA
"FAM114A1",2,NA
"NDRG4",3,NA
"OTUD4",1,NA
"GM11100",1,NA
"MCUR1",2,NA
"MAP3K3",1,NA
"GPC3",3,NA
"RLBP1",1,NA
"GPRASP2",1,NA
"GCK",2,NA
"WDR62",6,NA
"LRRC55",10,NA
"ARHGEF26",1,NA
"SRCIN1",3,NA
"FBLN1",6,NA
"TNFAIP8L3",6,NA
"WBP11",1,NA
"AI593442",2,NA
"NPLOC4",1,NA
"2900026A02RIK",1,NA
"CDCA8",4,NA
"CACNA1E",2,NA
"VANGL2",4,NA
"TMEM205",3,NA
"IDO1",9,NA
"MXD1",1,NA
"ROBO2",1,NA
"MEI1",1,NA
"GABRD",3,NA
"RSF1",1,NA
"ACACB",0,NA
"CDH4",8,NA
"GM7645",2,NA
"PCTP",6,NA
"GNB1L",1,NA
"GATA2",7,NA
"QPCT",3,NA
"ZSCAN20",4,NA
"RHBDL3",1,NA
"MAPK12",10,NA
"NTN1",8,NA
"TFCP2L1",1,NA
"MPHOSPH10",1,NA
"MAST3",3,NA
"OTUD7A",1,NA
"4930522L14RIK",3,NA
"LRFN2",3,NA
"ANGPT1",0,NA
"OLFML2A",7,NA
"MASP2",3,NA
"ETV4",4,NA
"GAS1",2,NA
"GM15597",2,NA
"GM15412",3,NA
"SPOCK3",1,NA
"GLRA3",1,NA
"ZFP108",4,NA
"TOR1AIP2",4,NA
"AP3M2",3,NA
"UPK1B",3,NA
"EAF2",1,NA
"PNPLA2",4,NA
"DBR1",1,NA
"OSER1",1,NA
"PAQR7",1,NA
"NR1I3",4,NA
"CTNNA2",3,NA
"EPHA10",9,NA
"ZKSCAN3",1,NA
"GM14445",10,NA
"DYRK3",6,NA
"ELOF1",3,NA
"PKDREJ",1,NA
"ZC3HAV1L",1,NA
"CCDC51",4,NA
"MARCH5",3,NA
"WBP5",10,NA
"HRH2",1,NA
"PHPT1",2,NA
"DZIP1L",9,NA
"SMIM11",2,NA
"GM6374",6,NA
"PKDCC",4,NA
"ZFP239",3,NA
"WNT2",3,NA
"COL5A2",2,NA
"GM10123",3,NA
"MTFR2",4,NA
"GK5",4,NA
"PLOD2",2,NA
"MRPS26",1,NA
"GM15892",3,NA
"GM15350",13,NA
"GM13199",3,NA
"PLA2G6",3,NA
"NMI",3,NA
"SPINK8",6,NA
"GUF1",10,NA
"TRIT1",1,NA
"MACROD2OS2",1,NA
"LIN37",9,NA
"KIRREL",3,NA
"CALML4",9,NA
"GM15500",5,NA
"TRMT10C",1,NA
"SAYSD1",4,NA
"RIMS4",1,NA
"ZFP493",3,NA
"RPL37RT",5,NA
"TG",4,NA
"GM16168",6,NA
"KCNAB1",1,NA
"RFTN1",8,NA
"NDUFA1",7,NA
"ADAMTSL1",1,NA
"PTPRN2",3,NA
"CCDC142",4,NA
"BC034090",4,NA
"HAS3",4,NA
"ABCC6",4,NA
"NLRX1",10,NA
"SCARNA13",3,NA
"ADCK3",3,NA
"MAK16",1,NA
"SIAH1A",1,NA
"GM13188",7,NA
"GM7324",4,NA
"4930590J08RIK",4,NA
"LRRC61",3,NA
"TPT1-PS3",5,NA
"SELL",2,NA
"GM11418",6,NA
"RASA4",4,NA
"RYR1",1,NA
"9330154K18RIK",7,NA
"WNT7A",4,NA
"GM11149",2,NA
"APBA3",1,NA
"NAT2",3,NA
"NAV2",2,NA
"CARHSP1",8,NA
"SPATA13",2,NA
"AP1M2",2,NA
"2010107G23RIK",3,NA
"CSNK1D",1,NA
"LYPD6B",3,NA
"ARMC4",3,NA
"MCOLN2",2,NA
"ZMYND19",1,NA
"SSC5D",9,NA
"SNX8",1,NA
"RPS10-PS1",5,NA
"GM13335",3,NA
"GPR157",2,NA
"EMR1",2,NA
"PCOLCE",4,NA
"HIST2H4",7,NA
"TRMT13",2,NA
"ZFP386",1,NA
"GM10169",1,NA
"SLFN9",2,NA
"RAB11FIP4",3,NA
"IL5RA",4,NA
"RANBP9",1,NA
"GM17213",6,NA
"4930565N06RIK",1,NA
"LZTS1",1,NA
"GM20692",6,NA
"USP27X",4,NA
"LAO1",9,NA
"CNTNAP4",1,NA
"BBOX1",5,NA
"4930599N23RIK",1,NA
"SLC46A3",2,NA
"5930422O12RIK",1,NA
"MTERF3",1,NA
"ASIC3",1,NA
"TNFAIP8",2,NA
"ZFP35",1,NA
"EIF1A",1,NA
"MIR154",3,NA
"KTI12",1,NA
"RARRES2",8,NA
"DAPK2",3,NA
"GM15990",7,NA
"CRIP3",6,NA
"ZKSCAN1",1,NA
"SENP8",10,NA
"SEC22B",1,NA
"CEP162",10,NA
"BC051226",3,NA
"PPP3R1",2,NA
"CUBN",1,NA
"PTPN21",2,NA
"ACAT3",2,NA
"CKMT1",3,NA
"BRIP1",2,NA
"ESRRA",3,NA
"1810008B01RIK",2,NA
"TMEM236",1,NA
"CTU1",9,NA
"TMEM200A",6,NA
"STX2",1,NA
"CDK2",2,NA
"STAB2",4,NA
"GM20717",6,NA
"WNT7B",3,NA
"UBTD1",4,NA
"TMEM150A",2,NA
"STARD4",10,NA
"HIST1H1B",3,NA
"SYT10",3,NA
"ZFP760",10,NA
"SLC2A10",2,NA
"HIVEP2",2,NA
"PROM1",1,NA
"ADRB3",4,NA
"DFFB",4,NA
"CAR4",1,NA
"COL27A1",6,NA
"RHOBTB2",3,NA
"TMEM121",3,NA
"4931414P19RIK",5,NA
"TRIM71",1,NA
"GM12844",5,NA
"STON2",2,NA
"IRAK4",2,NA
"ZFP648",1,NA
"AK1",3,NA
"TSPAN8",2,NA
"LMNTD1",1,NA
"DGKB",2,NA
"GKN3",3,NA
"LIPO1",1,NA
"NT5DC2",3,NA
"TTLL7",2,NA
"TMEM35",3,NA
"MAEA",1,NA
"RPL14-PS1",7,NA
"HPSE",3,NA
"CRYBG3",2,NA
"ZSCAN30",1,NA
"MIR5133",1,NA
"PTPRR",1,NA
"FBXL15",6,NA
"TLL2",2,NA
"GM5544",1,NA
"HIST1H3C",5,NA
"PYCR2",9,NA
"NDUFB11",3,NA
"GM23600",4,NA
"PLEKHA2",3,NA
"CD300A",9,NA
"SETD6",5,NA
"PRRT2",3,NA
"FAM63A",2,NA
"CLCN5",4,NA
"PLIN5",1,NA
"GM14387",6,NA
"VSTM4",9,NA
"CBR1",3,NA
"EFEMP2",2,NA
"D7ERTD443E",11,NA
"2610002M06RIK",2,NA
"B3GALT5",11,NA
"YES1",2,NA
"GM3667",0,NA
"TMEM191C",3,NA
"TCTE1",3,NA
"GM10053",2,NA
"4930579G18RIK",1,NA
"ZFP36L2",2,NA
"ZBTB18",3,NA
"FEZ1",3,NA
"OTUD3",1,NA
"4930447C04RIK",8,NA
"TMEM196",1,NA
"BMX",3,NA
"RALYL",2,NA
"TAL1",2,NA
"ARHGEF4",3,NA
"1700023H06RIK",5,NA
"THA1",2,NA
"ANKFN1",3,NA
"MAP3K19",4,NA
"UTP15",1,NA
"ZFP384",1,NA
"DAZL",2,NA
"PWWP2B",6,NA
"PPP4C",1,NA
"GM15246",2,NA
"DNAH2",2,NA
"GPN2",1,NA
"L3HYPDH",4,NA
"PCDH18",2,NA
"TBX3",6,NA
"PLEKHN1",2,NA
"MYH4",3,NA
"ACTA2",3,NA
"GHRL",1,NA
"MT-RNR1",3,NA
"SLC52A3",2,NA
"FAM109A",1,NA
"PLOD3",2,NA
"ADRA2B",4,NA
"TJP2",2,NA
"EFCAB10",3,NA
"GM12286",3,NA
"JOSD2",4,NA
"AW011738",0,NA
"CHST12",4,NA
"PTHLH",4,NA
"PARD6A",3,NA
"2310039H08RIK",1,NA
"LYNX1",3,NA
"ACTR3B",3,NA
"ACADL",2,NA
"6330408A02RIK",4,NA
"GM15728",1,NA
"GM6776",5,NA
"TSHZ2",1,NA
"PLEKHS1",1,NA
"ANKRD53",10,NA
"MKNK2",4,NA
"ZFP142",1,NA
"GM15333",7,NA
"SNAP25",2,NA
"SARS2",5,NA
"LRRN1",3,NA
"ATP5J2",3,NA
"PPP1R9B",3,NA
"PKNOX2",3,NA
"MIR23B",10,NA
"GM10644",5,NA
"PAX6",4,NA
"SMAD5",1,NA
"E130309D02RIK",1,NA
"IFI35",2,NA
"WAPAL",1,NA
"MTA2",1,NA
"ZNHIT1",3,NA
"DESI2",1,NA
"SERPINE3",11,NA
"ZFP456",0,NA
"GM6588",2,NA
"AIF1L",1,NA
"ANAPC15",3,NA
"GCLM",3,NA
"IL34",4,NA
"HDAC11",3,NA
"ANO3",1,NA
"AKIP1",2,NA
"IGF1",3,NA
"GM17203",6,NA
"CATSPER2",2,NA
"VAMP8",2,NA
"SYNE3",4,NA
"CLEC1A",6,NA
"FOXP2",1,NA
"TMEM45A",2,NA
"D17WSU92E",3,NA
"M6PR-PS",5,NA
"EPHA7",4,NA
"SLC16A5",2,NA
"DHRS7B",4,NA
"CTTNBP2NL",4,NA
"PDE3B",4,NA
"GM12749",4,NA
"NTHL1",4,NA
"ASUN",1,NA
"MAPK1IP1L",1,NA
"FOXD1",9,NA
"TEX35",3,NA
"STK19",1,NA
"CCDC63",1,NA
"ZXDB",1,NA
"ABHD16A",3,NA
"DRC1",1,NA
"SERPIND1",1,NA
"TRAPPC1",1,NA
"PAPD4",1,NA
"HOMER1",2,NA
"1700048O20RIK",11,NA
"FBXO6",1,NA
"ZFP708",4,NA
"SHH",4,NA
"ARHGAP25",3,NA
"NAIP1",1,NA
"BMS1",10,NA
"LAMTOR4",3,NA
"CD34",1,NA
"CASKIN2",6,NA
"KSR1",9,NA
"GM5879",10,NA
"4930523C07RIK",4,NA
"CD33",1,NA
"PTH1R",1,NA
"GM25780",3,NA
"CHRD",4,NA
"GM13408",5,NA
"SP110",3,NA
"PLXNA3",1,NA
"LRRC4B",3,NA
"WFS1",2,NA
"SPRED1",1,NA
"D630003M21RIK",3,NA
"DPP10",1,NA
"TXLNB",5,NA
"RBBP9",4,NA
"GM13187",6,NA
"PODN",3,NA
"0610005C13RIK",3,NA
"EVI2A",2,NA
"KLF15",3,NA
"KANK2",6,NA
"PCDHB11",1,NA
"MATN4",3,NA
"CNTN6",1,NA
"TBX6",3,NA
"UNC5A",9,NA
"E530001K10RIK",10,NA
"1700123M08RIK",2,NA
"RAP1GAP2",3,NA
"ATF1",1,NA
"GM10277",6,NA
"SORBS3",6,NA
"XRCC1",4,NA
"SLC16A9",4,NA
"H19",2,NA
"MYO19",5,NA
"GM7308",2,NA
"CMTM3",6,NA
"SCLT1",5,NA
"TTC1",1,NA
"EDA",1,NA
"5330413P13RIK",3,NA
"IGHG2C",3,NA
"GM12216",2,NA
"MYH1",8,NA
"ZFP319",1,NA
"ISM1",3,NA
"RDH1",1,NA
"GM16059",5,NA
"ESPNL",2,NA
"GNGT2",2,NA
"PCDHB9",1,NA
"BCAN",3,NA
"FAM124A",4,NA
"HEXIM2",3,NA
"NELFCD",3,NA
"GM15608",1,NA
"AI464131",3,NA
"IP6K3",2,NA
"PRX",0,NA
"TBC1D4",1,NA
"TPI1",3,NA
"TSR1",1,NA
"GM16150",7,NA
"SEMA5B",5,NA
"NYAP1",3,NA
"RTN4R",1,NA
"ITIH4",2,NA
"GM15328",4,NA
"2010204K13RIK",3,NA
"CWF19L1",1,NA
"GBP4",2,NA
"ZMYND10",1,NA
"E2F1",3,NA
"DNAH5",12,NA
"TMEM50A",4,NA
"POLA2",2,NA
"NMD3",1,NA
"HTRA1",9,NA
"IQCH",3,NA
"SKP1A",2,NA
"FAM163A",3,NA
"REC8",2,NA
"NFE2L3",3,NA
"ASTN1",1,NA
"RPL28-PS3",2,NA
"ATP5E",3,NA
"UGT1A7C",6,NA
"GPR68",6,NA
"ZC3HC1",1,NA
"PVRL4",6,NA
"LRRC9",1,NA
"SDSL",1,NA
"9630028B13RIK",1,NA
"GM13357",2,NA
"FJX1",3,NA
"4931440P22RIK",4,NA
"CACNA1S",3,NA
"HAUS5",6,NA
"NAIP5",2,NA
"LRP2BP",4,NA
"SGPL1",2,NA
"NDUFC1",3,NA
"ADAMTS13",10,NA
"GM5913",5,NA
"EVA1A",3,NA
"NUDT4",2,NA
"NAA15",1,NA
"GM5859",6,NA
"SEC16B",2,NA
"CRELD1",3,NA
"POLR2F",3,NA
"CHRNA4",2,NA
"PLCXD1",1,NA
"SLC30A3",1,NA
"PLA2G2C",1,NA
"INO80DOS",7,NA
"GM26920",6,NA
"ZFP92",6,NA
"1700003E16RIK",3,NA
"MAMSTR",2,NA
"CAR14",2,NA
"GRID2",1,NA
"GM14021",6,NA
"RARB",11,NA
"ZFX",1,NA
"LY6G6E",3,NA
"DECR2",3,NA
"GABRG2",1,NA
"SYTL5",11,NA
"PLCD1",4,NA
"GALK1",3,NA
"SLC1A6",3,NA
"KLHDC8B",4,NA
"B3GALT1",2,NA
"NOS2",3,NA
"TMEM150B",2,NA
"RAB9B",6,NA
"EME1",4,NA
"HTATIP2",12,NA
"CHTF18",6,NA
"ZSWIM3",4,NA
"PDGFRB",2,NA
"GM13883",3,NA
"SAP30BPOS",3,NA
"DRAP1",3,NA
"RFTN2",1,NA
"ZFP39",6,NA
"THY1",2,NA
"SPAG4",6,NA
"GPT2",9,NA
"CNTNAP5C",8,NA
"SNRPB",1,NA
"2810442N19RIK",7,NA
"GLB1L",6,NA
"VAMP2",2,NA
"BEX4",3,NA
"NUFIP1",1,NA
"MTFR1",1,NA
"1110017D15RIK",1,NA
"VWCE",4,NA
"KCNJ4",2,NA
"RTEL1",2,NA
"PRODH",3,NA
"ANKRD55",6,NA
"FANCB",1,NA
"GM7488",5,NA
"BSDC1",1,NA
"IPPK",1,NA
"CORO1A",3,NA
"8030451A03RIK",3,NA
"TTC34",13,NA
"STK38L",1,NA
"PHYHIP",3,NA
"PLAA",1,NA
"SLC44A3",2,NA
"GM13204",1,NA
"SF3B1",1,NA
"DUS3L",3,NA
"TRA2A",1,NA
"WDR27",2,NA
"MAGI3",1,NA
"FABP7",4,NA
"GM16103",2,NA
"MMP11",3,NA
"GM13082",2,NA
"FH1",3,NA
"CPED1",2,NA
"CPNE1",10,NA
"PRSS55",1,NA
"EPHA6",1,NA
"GM20878",1,NA
"ZFP93",4,NA
"FAM69C",3,NA
"TUT1",1,NA
"NTM",1,NA
"SLC26A5",3,NA
"GDAP1L1",1,NA
"GATSL3",1,NA
"SLC25A34",13,NA
"MXRA7",4,NA
"GPC6",5,NA
"RBM3",12,NA
"RPL17-PS5",5,NA
"PGAM2",4,NA
"ECM1",2,NA
"BDNF",11,NA
"PNMA1",2,NA
"ACVR2A",1,NA
"CASP12",3,NA
"HFE2",1,NA
"GM4735",5,NA
"EID2",3,NA
"ARHGEF5",2,NA
"SCN9A",2,NA
"ARL15",1,NA
"GRIA3",1,NA
"CXCR2",2,NA
"SCAF8",1,NA
"ARHGEF37",1,NA
"UBLCP1",1,NA
"GNA14",2,NA
"TBATA",4,NA
"GM10110",1,NA
"CDK5R1",2,NA
"POLRMT",4,NA
"CACNB1",3,NA
"6330403A02RIK",3,NA
"CDPF1",4,NA
"RELL1",4,NA
"VGF",3,NA
"P2RX4",2,NA
"MORN4",3,NA
"CMBL",5,NA
"RIMKLA",4,NA
"OCIAD2",1,NA
"RUNDC3A",3,NA
"COL4A3",9,NA
"PHKG1",1,NA
"NTPCR",3,NA
"ALDH16A1",2,NA
"GRIN2C",3,NA
"HCRTR1",3,NA
"LUC7L",1,NA
"GM10530",6,NA
"PRR16",12,NA
"TDRD9",3,NA
"MGA",1,NA
"GM3739",2,NA
"RAB6B",3,NA
"MMP13",4,NA
"CNIH2",3,NA
"GM16214",2,NA
"MRGPRF",0,NA
"IL17RA",1,NA
"BCAS1OS1",2,NA
"MCCC1OS",10,NA
"PDLIM5",2,NA
"SPACA6",10,NA
"MYOM3",3,NA
"JAM2",1,NA
"EFCAB8",2,NA
"CAP2",2,NA
"P4HA3",2,NA
"RERG",3,NA
"GM15479",4,NA
"GREM2",1,NA
"RAB11FIP4OS2",7,NA
"HSPA12A",2,NA
"ZKSCAN7",12,NA
"HDAC7",2,NA
"GM17227",6,NA
"RPP30",1,NA
"FAM117A",4,NA
"MAGT1",3,NA
"A230072C01RIK",1,NA
"SLITRK1",3,NA
"MED11",4,NA
"TIGD5",1,NA
"MMP15",3,NA
"GM15697",3,NA
"DDB2",6,NA
"AARSD1",3,NA
"GM5466",3,NA
"FAM135A",1,NA
"CCDC79",1,NA
"SHC3",2,NA
"MITD1",10,NA
"PRKCQ",1,NA
"INHBA",1,NA
"TIFA",4,NA
"EYA2",9,NA
"RAD54B",4,NA
"CSMD3",1,NA
"MYT1",1,NA
"DNM1",3,NA
"HEYL",2,NA
"KREMEN2",7,NA
"PNOC",8,NA
"RCC2",1,NA
"OLFM1",3,NA
"PTPRS",3,NA
"9530080O11RIK",1,NA
"HIST3H2A",4,NA
"SNAPC2",1,NA
"CD160",1,NA
"AK5",2,NA
"IDI1",1,NA
"1700016K19RIK",3,NA
"PLEKHF1",9,NA
"CCDC137",1,NA
"RAD51AP1",10,NA
"CIRBP",5,NA
"SGK2",5,NA
"FGF22",0,NA
"GM17494",5,NA
"ZFP647",1,NA
"WDFY4",6,NA
"EPHB6",3,NA
"EMID1",8,NA
"ITPK1",1,NA
"CDH10",6,NA
"RAB15",3,NA
"4933408B17RIK",7,NA
"CRYM",3,NA
"GM20405",3,NA
"CDC42BPG",2,NA
"UBALD2",3,NA
"PRKAG2OS1",2,NA
"POU2F1",4,NA
"SETD2",1,NA
"TUBB2B",3,NA
"GAD2",11,NA
"METTL11B",5,NA
"BBS12",2,NA
"PIK3C3",4,NA
"PIANP",3,NA
"PATL1",1,NA
"MRPL11",3,NA
"H3F3A-PS2",3,NA
"HEY2",3,NA
"GM12174",5,NA
"SDCBP2",2,NA
"HMGB1-PS6",3,NA
"PCGF2",1,NA
"TRPC6",1,NA
"SLIT1",3,NA
"GPR4",2,NA
"MUSK",5,NA
"FPGT",1,NA
"MYOM2",4,NA
"LRRC41",1,NA
"MIR134",1,NA
