protein_A,protein_B,score
ATM,CCL2,0
NOX4,SERPINE1,0
MAPK3,NOX4,0
PPARGC1A,NOX4,0
NOX4,PPARGC1A,0
PTGS2,NOX4,0
NOX4,PTGS2,0
NOX4,IL18,0
IL18,NOX4,0
SERPINE1,NOX4,0
STAT3,NOX4,0
JUN,NOX4,0
NOX4,STAT3,0
NOX4,MTOR,0
MTOR,NOX4,0
TIMP1,NOX4,0
NOX4,TIMP1,0
TNFRSF1A,TLR4,0
TLR4,TNFRSF1A,0
TNFRSF1A,STAT3,0
NOX4,MAPK3,0
NOX4,JUN,0
SIRT1,WRN,0
MTOR,WRN,0
LIG4,WRN,0
WRN,LIG3,0
LIG3,WRN,0
XRCC1,WRN,0
WRN,XRCC1,0
WRN,TERF2,0
TERF2,WRN,0
WRN,MTOR,0
WRN,PPARGC1A,0
KEAP1,NOX4,0
PPARGC1A,WRN,0
TLR4,NOX4,0
NOX4,TLR4,0
NOX4,NFE2L2,0
NFE2L2,NOX4,0
SIRT1,NOX4,0
NOX4,SIRT1,0
NOX4,KEAP1,0
STAT3,TNFRSF1A,0
TNFRSF1A,JUN,0
JUN,TNFRSF1A,0
TSC2,SESN2,0
VEGFA,TNFRSF1A,0
TNFRSF1A,VEGFA,0
SQSTM1,SESN2,0
SESN2,SQSTM1,0
SESN2,KEAP1,0
KEAP1,SESN2,0
SESN2,MTOR,0
MTOR,SESN2,0
SESN2,TSC2,0
TNFRSF1A,IL18,0
SESN2,PRKAA1,0
PRKAA1,SESN2,0
SESN2,MAP1LC3B,0
MAP1LC3B,SESN2,0
TSC1,SESN2,0
SESN2,TSC1,0
SESN2,RPS6KB1,0
RPS6KB1,SESN2,0
SERPINE1,TNFRSF1A,0
TNFRSF1A,SERPINE1,0
TNFRSF1A,TSC2,0
TSC2,TNFRSF1A,0
IL18,TNFRSF1A,0
TNFRSF1A,NFE2L2,0
NFE2L2,TNFRSF1A,0
TNFRSF1A,STAT1,0
STAT1,TNFRSF1A,0
TNFRSF1A,MAPK3,0
MAPK3,TNFRSF1A,0
TNFRSF1A,JAK2,0
JAK2,TNFRSF1A,0
TNFRSF1A,IRF1,0
IRF1,TNFRSF1A,0
TNFRSF1A,PTGS2,0
PTGS2,TNFRSF1A,0
TNFRSF1A,TIMP1,0
TIMP1,TNFRSF1A,0
TNFRSF1A,MAPK1,0
MAPK1,TNFRSF1A,0
WRN,LIG4,0
WRN,SIRT1,0
SESN2,TRIB3,0
PPARGC1A,MAP1LC3B,0
RPS6KB1,MAP1LC3B,0
MAP1LC3B,RPS6KB1,0
STAT1,MAP1LC3B,0
MAP1LC3B,STAT1,0
PNPLA2,MAP1LC3B,0
MAP1LC3B,PNPLA2,0
TSC2,MAP1LC3B,0
MAP1LC3B,TSC2,0
MAP1LC3B,PPARGC1A,0
MTOR,MAP1LC3B,0
MAPK3,MAP1LC3B,0
MAP1LC3B,MAPK3,0
PRKAA1,MAP1LC3B,0
MAP1LC3B,PRKAA1,0
MAP1LC3B,JUN,0
JUN,MAP1LC3B,0
NFE2L2,MAP1LC3B,0
MAP1LC3B,NFE2L2,0
MAP1LC3B,MTOR,0
MAP1LC3B,NCOA4,0
SIRT6,WRN,0
STAT3,MMP10,0
MMP3,MMP10,0
MMP10,MMP3,0
TIMP1,MMP10,0
MMP10,TIMP1,0
SERPINE1,MMP10,0
MMP10,SERPINE1,0
MMP10,JUN,0
JUN,MMP10,0
MMP10,STAT3,0
NCOA4,MAP1LC3B,0
PTGS2,MMP10,0
MMP10,PTGS2,0
SQSTM1,MAP1LC3B,0
MAP1LC3B,SQSTM1,0
SIRT1,MAP1LC3B,0
MAP1LC3B,SIRT1,0
MAP1LC3B,KEAP1,0
KEAP1,MAP1LC3B,0
STAT3,MAP1LC3B,0
MAP1LC3B,STAT3,0
TFAM,MAP1LC3B,0
MMP2,SQSTM1,0
JUN,MMP2,0
MMP2,MAPK3,0
MAPK3,MMP2,0
MMP3,MMP2,0
MMP2,MMP3,0
MMP2,MMP10,0
MMP10,MMP2,0
SQSTM1,MMP2,0
MTOR,MMP2,0
MAP1LC3B,TFAM,0
MMP2,MTOR,0
MMP2,JAK2,0
JAK2,MMP2,0
TLR4,MMP2,0
MMP2,TLR4,0
WRN,TERF1,0
TERF1,WRN,0
WRN,SIRT6,0
MMP2,JUN,0
MMP2,SERPINE1,0
SERPINE1,MMP2,0
MMP2,SNAI1,0
TSC1,MAP1LC3B,0
MAP1LC3B,TSC1,0
MAP1LC3B,IL18,0
IL18,MAP1LC3B,0
PRNP,MAP1LC3B,0
MAP1LC3B,PRNP,0
TLR4,MAP1LC3B,0
MAP1LC3B,TLR4,0
TIMP1,MMP2,0
MMP2,TIMP1,0
VEGFA,MMP2,0
MMP2,VEGFA,0
PTGS2,MMP2,0
MMP2,PTGS2,0
STAT3,MMP2,0
MMP2,STAT3,0
SNAI1,MMP2,0
TRIB3,SESN2,0
SESN2,NFE2L2,0
MMP3,JAK2,0
SIRT1,SLC7A11,0
SLC3A2,SLC7A11,0
SLC7A11,NFE2L2,0
NFE2L2,SLC7A11,0
SLC7A11,KEAP1,0
KEAP1,SLC7A11,0
SLC7A11,NCOA4,0
NCOA4,SLC7A11,0
SLC7A11,SIRT1,0
SLC7A11,PTGS2,0
NLRP3,VCAM1,0
PTGS2,SLC7A11,0
STEAP3,SLC7A11,0
SLC7A11,STEAP3,0
SQSTM1,SLC7A11,0
SLC7A11,SQSTM1,0
SQSTM1,MAP1LC3A,0
MAP1LC3A,SQSTM1,0
MAP1LC3B,MAP1LC3A,0
SLC7A11,SLC3A2,0
VCAM1,NLRP3,0
TIMP1,VCAM1,0
MMP2,VCAM1,0
JUN,VCAM1,0
VCAM1,NOX4,0
NOX4,VCAM1,0
VCAM1,MMP3,0
MMP3,VCAM1,0
VCAM1,NFKB1,0
NFKB1,VCAM1,0
VCAM1,MMP2,0
VCAM1,STAT1,0
MIF,VCAM1,0
STAT1,VCAM1,0
VCAM1,SIRT1,0
SIRT1,VCAM1,0
VCAM1,JAK2,0
JAK2,VCAM1,0
VCAM1,NFE2L2,0
NFE2L2,VCAM1,0
VCAM1,MIF,0
MAP1LC3A,MAP1LC3B,0
MTOR,MAP1LC3A,0
MAP1LC3A,MTOR,0
STAT3,IL1A,0
PTGS2,IL1A,0
IL1A,PTGS2,0
NLRP3,IL1A,0
IL1A,NLRP3,0
NFKB1,IL1A,0
IL1A,NFKB1,0
TNFRSF1A,IL1A,0
IL1A,TNFRSF1A,0
IL1A,STAT3,0
RPS6KB1,MAP1LC3A,0
VEGFA,IL1A,0
IL1A,VEGFA,0
VCAM1,IL1A,0
IL1A,VCAM1,0
TIMP1,IL1A,0
IL1A,TIMP1,0
JUN,IL1A,0
IL1A,JUN,0
IL1A,TLR4,0
TLR4,IL1A,0
IL18,IL1A,0
IL1A,IL18,0
MAP1LC3A,RPS6KB1,0
SIRT1,MAP1LC3A,0
MAP1LC3A,SIRT1,0
MAP1LC3A,KEAP1,0
KEAP1,MAP1LC3A,0
PPARGC1A,MAP1LC3A,0
MAP1LC3A,PPARGC1A,0
MAPK3,MAP1LC3A,0
MAP1LC3A,MAPK3,0
TSC2,MAP1LC3A,0
MAP1LC3A,TSC2,0
NFE2L2,MAP1LC3A,0
MAP1LC3A,NFE2L2,0
STAT3,MAP1LC3A,0
MAP1LC3A,STAT3,0
TFAM,MAP1LC3A,0
MAP1LC3A,TFAM,0
VCAM1,JUN,0
VCAM1,TIMP1,0
NFE2L2,SESN2,0
NBN,LIG3,0
TFAM,PRKAA2,0
PRKAA2,TFAM,0
TERF2,NBN,0
NBN,TERF2,0
WRN,NBN,0
NBN,WRN,0
NBN,LIG4,0
LIG4,NBN,0
LIG3,NBN,0
PRKAA2,MAP1LC3B,0
XRCC1,NBN,0
NBN,XRCC1,0
TLR4,NFKB1,0
NFKB1,TLR4,0
SIRT1,NFKB1,0
NFKB1,SIRT1,0
NFKB1,IL18,0
IL18,NFKB1,0
MAP1LC3B,PRKAA2,0
PRKAA2,SIRT1,0
VCAM1,VEGFA,0
PRKAA2,PPARGC1A,0
SLC7A5,SESN2,0
SESN2,SLC7A5,0
SLC3A2,SESN2,0
SESN2,SLC3A2,0
SESN2,PPARGC1A,0
PPARGC1A,SESN2,0
PRKAA2,PRKAA1,0
PRKAA1,PRKAA2,0
PPARGC1A,PRKAA2,0
SIRT1,PRKAA2,0
PRKAA2,MTOR,0
MTOR,PRKAA2,0
TSC2,PRKAA2,0
PRKAA2,TSC2,0
TSC1,PRKAA2,0
PRKAA2,TSC1,0
SESN2,PRKAA2,0
PRKAA2,SESN2,0
NLRP3,NFKB1,0
NFKB1,NLRP3,0
NFKB1,JUN,0
MAPK3,VCAM1,0
KEAP1,NFKB1,0
NFKB1,LIG3,0
LIG3,NFKB1,0
VCAM1,TNFRSF1A,0
TNFRSF1A,VCAM1,0
VCAM1,SERPINE1,0
SERPINE1,VCAM1,0
VCAM1,MAPK3,0
VCAM1,TLR4,0
JUN,NFKB1,0
TLR4,VCAM1,0
VCAM1,PTGS2,0
PTGS2,VCAM1,0
VCAM1,STAT3,0
STAT3,VCAM1,0
VCAM1,IL18,0
IL18,VCAM1,0
VEGFA,VCAM1,0
NFKB1,KEAP1,0
NFE2L2,NFKB1,0
NFKB1,NFE2L2,0
MTOR,NFKB1,0
STAT3,NFKB1,0
NFKB1,STAT3,0
STAT1,NFKB1,0
NFKB1,STAT1,0
NFKB1,IRF1,0
IRF1,NFKB1,0
TNFRSF1A,NFKB1,0
NFKB1,TNFRSF1A,0
PTGS2,NFKB1,0
NFKB1,PTGS2,0
SQSTM1,NFKB1,0
NFKB1,SQSTM1,0
NFKB1,MAPK3,0
MAPK3,NFKB1,0
NFKB1,JAK2,0
JAK2,NFKB1,0
NFKB1,MTOR,0
JAK2,MMP3,0
MMP3,SIRT1,0
IL1A,MMP3,0
MAPK3,TSC2,0
JUN,PRKAA1,0
MAPK3,JUN,0
JUN,MAPK3,0
STAT1,MAPK3,0
MAPK3,STAT1,0
MAPK3,MAPK1,0
MAPK1,MAPK3,0
TSC2,MAPK3,0
TSC1,MAPK3,0
PRKAA1,TFAM,0
MAPK3,TSC1,0
RPS6KB1,MAPK3,0
MAPK3,RPS6KB1,0
STAT3,MAPK3,0
MAPK3,STAT3,0
MTOR,MAPK3,0
MAPK3,MTOR,0
MAPK3,JAK2,0
PRKAA1,JUN,0
TFAM,PRKAA1,0
JAK2,MAPK1,0
PRKAA1,TSC2,0
IL18,JAK2,0
NFE2L2,JAK2,0
JAK2,NFE2L2,0
SIRT1,JAK2,0
JAK2,SIRT1,0
STAT3,S100A8,0
S100A8,STAT3,0
TSC2,PRKAA1,0
PRKAA1,MTOR,0
PRKAA1,SQSTM1,0
MTOR,PRKAA1,0
PRKAA1,PPARGC1A,0
PPARGC1A,PRKAA1,0
TSC1,PRKAA1,0
PRKAA1,TSC1,0
SIRT1,PRKAA1,0
PRKAA1,SIRT1,0
SQSTM1,PRKAA1,0
JAK2,MAPK3,0
VEGFA,MAPK3,0
MAPK3,VEGFA,0
SNAI1,MTOR,0
SNAI1,MAPK3,0
MAPK3,SNAI1,0
VEGFA,SNAI1,0
SNAI1,VEGFA,0
TIMP1,SNAI1,0
SNAI1,TIMP1,0
SNAI1,JAK2,0
JAK2,SNAI1,0
MTOR,SNAI1,0
NFE2L2,MAPK3,0
SNAI1,SIRT1,0
SIRT1,SNAI1,0
SNAI1,PRNP,0
PRNP,SNAI1,0
SQSTM1,SNAI1,0
SNAI1,SQSTM1,0
SNAI1,RPS6KB1,0
RPS6KB1,SNAI1,0
SNAI1,STAT3,0
STAT3,SNAI1,0
JUN,SNAI1,0
SNAI1,JUN,0
MAPK3,NFE2L2,0
SQSTM1,MAPK3,0
MAPK3,SQSTM1,0
SIRT1,MAPK3,0
MAPK3,SIRT1,0
TIMP1,MAPK3,0
MAPK3,TIMP1,0
PPARGC1A,MAPK3,0
MAPK3,PPARGC1A,0
MAPK3,KEAP1,0
KEAP1,MAPK3,0
MAPK3,IL18,0
IL18,MAPK3,0
MAPK3,LPIN1,0
LPIN1,MAPK3,0
PRNP,MAPK3,0
MAPK3,PRNP,0
JAK2,IL18,0
MAPK1,JAK2,0
SIRT1,SIRT6,0
SIRT1,PRNP,0
TFAM,SQSTM1,0
SQSTM1,TFAM,0
STAT3,PRNP,0
PRNP,STAT3,0
PRNP,JUN,0
JUN,PRNP,0
SQSTM1,PRNP,0
PRNP,SQSTM1,0
PRNP,SIRT1,0
TFAM,KEAP1,0
PPARGC1A,LPIN1,0
LPIN1,PPARGC1A,0
MTOR,LPIN1,0
LPIN1,MTOR,0
LPIN2,LPIN1,0
LPIN1,LPIN2,0
PNPLA2,LPIN1,0
LPIN1,PNPLA2,0
KEAP1,TFAM,0
RPS6KB1,TFAM,0
JAK2,JUN,0
TFAM,PPARGC1A,0
MTOR,LIG4,0
LIG4,MTOR,0
TERF1,LIG4,0
LIG4,TERF1,0
LIG4,LIG3,0
LIG3,LIG4,0
TERF2,LIG4,0
LIG4,TERF2,0
PPARGC1A,TFAM,0
TFAM,RPS6KB1,0
TFAM,SIRT1,0
SIRT1,TFAM,0
TFAM,NFE2L2,0
NFE2L2,TFAM,0
TFAM,STAT3,0
STAT3,TFAM,0
TFAM,MTOR,0
MTOR,TFAM,0
SIRT1,LPIN1,0
LPIN1,SIRT1,0
RPS6KB1,LPIN1,0
JAK2,STAT1,0
MAPK1,STAT3,0
SQSTM1,MAPK1,0
MAPK1,SQSTM1,0
MTOR,MAPK1,0
MAPK1,MTOR,0
PPARGC1A,MAPK1,0
MAPK1,PPARGC1A,0
STAT1,JAK2,0
STAT3,JAK2,0
LPIN1,RPS6KB1,0
JAK2,STAT3,0
MTOR,JAK2,0
JAK2,MTOR,0
VEGFA,JAK2,0
JAK2,VEGFA,0
JAK2,IRF1,0
IRF1,JAK2,0
JUN,JAK2,0
STAT3,MAPK1,0
MAPK1,TSC1,0
TSC1,MAPK1,0
MAPK1,RPS6KB1,0
SIRT1,MDM4,0
MDM4,SIRT1,0
MDM4,LIG4,0
LIG4,MDM4,0
SLC39A8,SLC39A14,0
SLC39A14,SLC39A8,0
STEAP3,SLC39A14,0
SLC39A14,STEAP3,0
SLC39A14,NCOA4,0
NCOA4,SLC39A14,0
MAPK1,JUN,0
JUN,MAPK1,0
STAT1,MAPK1,0
MAPK1,STAT1,0
TSC2,MAPK1,0
MAPK1,TSC2,0
RPS6KB1,MAPK1,0
SIRT6,SIRT1,0
SIRT6,PPARGC1A,0
SIRT1,MMP3,0
NFE2L2,PTGS2,0
MAPK3,PTGS2,0
TLR4,PTGS2,0
PTGS2,TLR4,0
SERPINE1,PTGS2,0
PTGS2,SERPINE1,0
STAT3,PTGS2,0
PTGS2,STAT3,0
PTGS2,NFE2L2,0
PTGS2,MAPK1,0
JUN,PTGS2,0
MAPK1,PTGS2,0
VEGFA,PTGS2,0
PTGS2,VEGFA,0
STAT1,PTGS2,0
PTGS2,STAT1,0
PTGS2,IL18,0
IL18,PTGS2,0
TIMP1,PTGS2,0
PTGS2,MAPK3,0
PTGS2,JUN,0
IL18,SERPINE1,0
SERPINE1,SIRT1,0
SERPINE1,TLR4,0
STAT3,SERPINE1,0
SERPINE1,STAT3,0
SERPINE1,MAPK3,0
MAPK3,SERPINE1,0
SERPINE1,MIF,0
MIF,SERPINE1,0
SIRT1,SERPINE1,0
SERPINE1,IRF1,0
PPARGC1A,SERPINE1,0
IRF1,SERPINE1,0
SERPINE1,S100A8,0
S100A8,SERPINE1,0
SERPINE1,IGFBP7,0
IGFBP7,SERPINE1,0
SERPINE1,NFE2L2,0
NFE2L2,SERPINE1,0
SERPINE1,PPARGC1A,0
PTGS2,TIMP1,0
PTGS2,MTOR,0
MTOR,PTGS2,0
SNAI1,MMP3,0
VEGFA,MMP3,0
MMP3,VEGFA,0
PTGS2,MMP3,0
MMP3,PTGS2,0
MMP3,JUN,0
JUN,MMP3,0
STAT3,MMP3,0
MMP3,STAT3,0
MMP3,SNAI1,0
SIRT1,PTGS2,0
TLR4,MMP3,0
MMP3,TLR4,0
MMP3,MAPK3,0
MAPK3,MMP3,0
MMP3,IL18,0
IL18,MMP3,0
STAT1,MMP3,0
MMP3,STAT1,0
MMP3,SERPINE1,0
SERPINE1,MMP3,0
MMP3,TIMP1,0
TIMP1,MMP3,0
PTGS2,SIRT1,0
PTGS2,MIF,0
MIF,PTGS2,0
PTGS2,KEAP1,0
KEAP1,PTGS2,0
PTGS2,JAK2,0
JAK2,PTGS2,0
PTGS2,PPARGC1A,0
PPARGC1A,PTGS2,0
PTGS2,NLRP3,0
NLRP3,PTGS2,0
PTGS2,IRF1,0
IRF1,PTGS2,0
SNAI1,PTGS2,0
PTGS2,SNAI1,0
S100A8,PTGS2,0
PTGS2,S100A8,0
TLR4,SERPINE1,0
SERPINE1,IL18,0
PPARGC1A,SIRT6,0
TLR4,MTOR,0
TLR4,STAT1,0
STAT1,TLR4,0
TLR4,MAPK3,0
MAPK3,TLR4,0
TLR4,NFE2L2,0
NFE2L2,TLR4,0
TLR4,SIRT1,0
SIRT1,TLR4,0
MTOR,TLR4,0
TLR4,JUN,0
VEGFA,TLR4,0
TLR4,VEGFA,0
TLR4,SQSTM1,0
SQSTM1,TLR4,0
TLR4,PPARGC1A,0
PPARGC1A,TLR4,0
TLR4,TIMP1,0
TIMP1,TLR4,0
JUN,TLR4,0
JAK2,TLR4,0
SERPINE1,SNAI1,0
TLR4,STAT3,0
SIRT6,JUN,0
JUN,SIRT6,0
SIRT6,MTOR,0
MTOR,SIRT6,0
SIRT6,NFE2L2,0
NFE2L2,SIRT6,0
SIRT6,RPS6KB1,0
RPS6KB1,SIRT6,0
STAT3,TLR4,0
TLR4,JAK2,0
TLR4,S100A8,0
S100A8,TLR4,0
TLR4,IL18,0
IL18,TLR4,0
TLR4,IRF1,0
IRF1,TLR4,0
TLR4,NLRP3,0
NLRP3,TLR4,0
TLR4,KEAP1,0
KEAP1,TLR4,0
TLR4,RPS6KB1,0
MIF,TIMP1,0
MIF,TLR4,0
VEGFA,MIF,0
MIF,VEGFA,0
STAT3,MIF,0
MIF,STAT3,0
MIF,JUN,0
JUN,MIF,0
TIMP1,MIF,0
MIF,MAPK3,0
RPS6KB1,TLR4,0
MAPK3,MIF,0
TIMP1,SERPINE1,0
SERPINE1,TIMP1,0
SERPINE1,JUN,0
JUN,SERPINE1,0
VEGFA,SERPINE1,0
SERPINE1,VEGFA,0
SNAI1,SERPINE1,0
TLR4,MIF,0
IL18,MIF,0
MIF,IL18,0
RPS6KB1,SLC7A5,0
TLR4,PRNP,0
PRNP,TLR4,0
TSC2,TLR4,0
TLR4,TSC2,0
TRIB3,SQSTM1,0
SQSTM1,TRIB3,0
TRIB3,MTOR,0
MTOR,TRIB3,0
TRIB3,JUN,0
JUN,TRIB3,0
SLC7A5,SLC3A2,0
SLC3A2,SLC7A5,0
SLC7A5,MTOR,0
MTOR,SLC7A5,0
TRIB3,SLC7A5,0
SLC7A5,TRIB3,0
SLC7A5,RPS6KB1,0
MMP3,IL1A,0
STAT1,IL1A,0
CCL2,ATM,0
SQSTM1,TNF,0
SERPINE1,TNF,0
TNF,NFE2L2,0
NFE2L2,TNF,0
TNF,JAK2,0
JAK2,TNF,0
TNF,IRF1,0
IRF1,TNF,0
TNF,SQSTM1,0
TNF,TIMP1,0
MMP3,TNF,0
TIMP1,TNF,0
TNF,PRNP,0
PRNP,TNF,0
TNF,SIRT1,0
SIRT1,TNF,0
TNF,MTOR,0
MTOR,TNF,0
TNF,PPARGC1A,0
TNF,SERPINE1,0
TNF,MMP3,0
IL6,TNF,0
STAT3,TNF,0
TLR4,TNF,0
TNF,PTGS2,0
PTGS2,TNF,0
TNF,IL18,0
IL18,TNF,0
VCAM1,TNF,0
TNF,VCAM1,0
TNF,STAT3,0
TNF,SELE,0
MAPK3,TNF,0
SELE,TNF,0
TNF,NLRP3,0
NLRP3,TNF,0
TNF,STAT1,0
STAT1,TNF,0
VEGFA,TNF,0
TNF,VEGFA,0
TNF,MAPK3,0
PPARGC1A,TNF,0
TNF,MIF,0
MIF,TNF,0
TNF,MAP1LC3A,0
TNF,PNPLA2,0
PNPLA2,TNF,0
TNF,MAPK1,0
MAPK1,TNF,0
TNF,SIRT6,0
SIRT6,TNF,0
TNF,TFAM,0
TFAM,TNF,0
MAP1LC3A,TNF,0
TNF,NOX4,0
TNF,PRKAA1,0
PRKAA1,TNF,0
SOD1,PPARGC1A,0
PPARGC1A,SOD1,0
SQSTM1,SOD1,0
SOD1,SQSTM1,0
SOD1,NFE2L2,0
NFE2L2,SOD1,0
MMP10,TNF,0
TNF,MMP10,0
S100A8,TNF,0
TNF,S100A8,0
NOX4,TNF,0
TNF,PARP1,0
PARP1,TNF,0
TNF,MMP2,0
MMP2,TNF,0
TNF,KEAP1,0
KEAP1,TNF,0
TSC2,TNF,0
TNF,TSC2,0
TNF,SNAI1,0
SNAI1,TNF,0
TNF,RPS6KB1,0
RPS6KB1,TNF,0
TNF,MAP1LC3B,0
MAP1LC3B,TNF,0
TNF,LMNB1,0
LMNB1,TNF,0
TNF,TLR4,0
TNF,IL6,0
IL1B,SOD1,0
SELE,RELA,0
RELA,PTGS2,0
PTGS2,RELA,0
VEGFA,RELA,0
RELA,VEGFA,0
RELA,MAPK3,0
MAPK3,RELA,0
RELA,NFE2L2,0
NFE2L2,RELA,0
RELA,SELE,0
SNAI1,RELA,0
RELA,PPARGC1A,0
PPARGC1A,RELA,0
RELA,MAPK1,0
MAPK1,RELA,0
RELA,MTOR,0
MTOR,RELA,0
RPS6KB1,RELA,0
RELA,RPS6KB1,0
RELA,SNAI1,0
IRF1,RELA,0
IL1A,TNF,0
RELA,PARP1,0
RELA,NLRP3,0
NLRP3,RELA,0
SIRT6,RELA,0
RELA,SIRT6,0
STAT1,RELA,0
RELA,STAT1,0
SQSTM1,RELA,0
RELA,SQSTM1,0
PARP1,RELA,0
RELA,IRF1,0
TNFRSF1A,RELA,0
RELA,TNFRSF1A,0
RELA,IL1A,0
IL1A,RELA,0
VCAM1,RELA,0
RELA,VCAM1,0
RELA,JAK2,0
JAK2,RELA,0
RELA,MMP3,0
MMP3,RELA,0
MAP1LC3B,LMNB1,0
TNF,TNFRSF1A,0
LMNB1,PTGS2,0
NFKB1,LMNB1,0
LMNB1,NFKB1,0
TLR4,LMNB1,0
LMNB1,TLR4,0
STEAP3,LMNB1,0
LMNB1,STEAP3,0
TNFRSF1A,TNF,0
TNF,NFKB1,0
LMNB1,MAP1LC3B,0
NFKB1,TNF,0
TNF,RELA,0
RELA,TNF,0
TNF,IL1B,0
IL1B,TNF,0
TNF,JUN,0
JUN,TNF,0
TNF,IL1A,0
PTGS2,LMNB1,0
LMNB1,STAT3,0
STAT3,LMNB1,0
JUN,LMNB1,0
SIRT1,LMNB1,0
LMNB1,SIRT1,0
LMNB1,KEAP1,0
KEAP1,LMNB1,0
LMNB1,IL6,0
IL6,LMNB1,0
PARP1,LMNB1,0
LMNB1,PARP1,0
NFE2L2,LMNB1,0
LMNB1,NFE2L2,0
MAPK3,LMNB1,0
LMNB1,MAPK3,0
LMNB1,IL1B,0
IL1B,LMNB1,0
RELA,LMNB1,0
LMNB1,RELA,0
LMNB1,JUN,0
SOD1,IL1B,0
SOD1,KEAP1,0
RELA,IL18,0
MYC,SNAI1,0
MYC,SIRT1,0
STAT1,MYC,0
MYC,STAT1,0
MYC,IL6,0
IL6,MYC,0
MYC,MTOR,0
MTOR,MYC,0
SNAI1,MYC,0
PTGS2,MYC,0
JUN,MYC,0
MYC,PTGS2,0
TNF,MYC,0
MYC,TNF,0
PARP1,MYC,0
MYC,PARP1,0
VEGFA,MYC,0
MYC,VEGFA,0
RELA,MYC,0
SIRT1,MYC,0
MYC,JUN,0
PRKDC,TERF1,0
JUN,PRKDC,0
NFKB1,PRKDC,0
SIRT6,PRKDC,0
PRKDC,SIRT6,0
TSC1,PRKDC,0
PRKDC,TSC1,0
SIRT1,PRKDC,0
PRKDC,SIRT1,0
PRKDC,JUN,0
MYC,MAX,0
MAPK1,MYC,0
MAX,MYC,0
MYC,MAPK3,0
MAPK3,MYC,0
STAT3,MYC,0
MYC,STAT3,0
SIRT6,MYC,0
MYC,SIRT6,0
MYC,MAPK1,0
MYC,RELA,0
RPS6KB1,MYC,0
MYC,RPS6KB1,0
MYC,MDM4,0
SLC7A5,MYC,0
MYC,SLC7A5,0
MYC,MMP2,0
MMP2,MYC,0
TFRC,MYC,0
MYC,TFRC,0
TIMP1,MYC,0
MYC,TIMP1,0
MDM4,MYC,0
MYC,JAK2,0
PRNP,MYC,0
MYC,PRNP,0
MYC,MAP1LC3B,0
MAP1LC3B,MYC,0
MYC,KEAP1,0
KEAP1,MYC,0
TLR4,MYC,0
MYC,TLR4,0
MYC,PRKDC,0
PRKDC,MYC,0
MYC,PPARGC1A,0
PPARGC1A,MYC,0
JAK2,MYC,0
MYC,IL1B,0
IL1B,MYC,0
NFKB1,MYC,0
MYC,NFKB1,0
MYC,LMNB1,0
LMNB1,MYC,0
NFE2L2,MYC,0
MYC,NFE2L2,0
TNFRSF1A,MYC,0
MYC,TNFRSF1A,0
TFAM,MYC,0
MYC,TFAM,0
TSC2,MYC,0
MYC,TSC2,0
SERPINE1,MYC,0
MYC,SERPINE1,0
PRKDC,NFKB1,0
TERF1,PRKDC,0
KEAP1,SOD1,0
TFRC,SLC39A14,0
SOD1,MAPK3,0
MAPK3,SOD1,0
SOD1,MTOR,0
MTOR,SOD1,0
SOD1,MAP1LC3A,0
MAP1LC3A,SOD1,0
TFRC,SLC40A1,0
SLC40A1,TFRC,0
SLC39A14,TFRC,0
TFAM,SOD1,0
TFRC,SLC3A2,0
SLC3A2,TFRC,0
TFRC,STEAP3,0
STEAP3,TFRC,0
TFRC,NCOA4,0
NCOA4,TFRC,0
TNF,TFRC,0
TFRC,TNF,0
SOD1,TFAM,0
MAP1LC3B,SOD1,0
PRKDC,TSC2,0
TLR4,SOD1,0
SOD1,NOX4,0
NOX4,SOD1,0
TNF,SOD1,0
SOD1,TNF,0
SOD1,SIRT1,0
SIRT1,SOD1,0
SOD1,IL6,0
IL6,SOD1,0
SOD1,TLR4,0
SOD1,MAP1LC3B,0
SOD1,MIF,0
MIF,SOD1,0
SOD1,PRNP,0
PRNP,SOD1,0
SOD1,JUN,0
JUN,SOD1,0
SOD1,PTGS2,0
PTGS2,SOD1,0
TFRC,IL6,0
IL6,TFRC,0
TFRC,SLC39A8,0
PARP1,PRKDC,0
MTOR,TFRC,0
PRKDC,LIG4,0
LIG4,PRKDC,0
XRCC1,PRKDC,0
PRKDC,XRCC1,0
WRN,PRKDC,0
PRKDC,WRN,0
PRKDC,PARP1,0
PRKDC,NBN,0
SLC39A8,TFRC,0
NBN,PRKDC,0
PRKDC,LIG3,0
LIG3,PRKDC,0
RAD51,PRKDC,0
PRKDC,RAD51,0
RPS6KB1,PRKDC,0
PRKDC,RPS6KB1,0
TSC2,PRKDC,0
TFRC,MTOR,0
MAPK3,TFRC,0
TFRC,MAPK3,0
JAK2,TFRC,0
TFRC,PRNP,0
PRNP,TFRC,0
TFRC,IL1A,0
IL1A,TFRC,0
TFRC,MAP1LC3B,0
MAP1LC3B,TFRC,0
TFRC,SLC7A11,0
SLC7A11,TFRC,0
TFRC,STAT3,0
STAT3,TFRC,0
TFRC,IL1B,0
IL1B,TFRC,0
VCAM1,TFRC,0
TFRC,VCAM1,0
TFRC,MIF,0
MIF,TFRC,0
TFRC,JAK2,0
IL18,RELA,0
JUN,RELA,0
IL1A,STAT1,0
RGS4,TLR4,0
RAD51,XRCC1,0
RAD51,LIG3,0
LIG3,RAD51,0
SIRT1,RAD51,0
RAD51,SIRT1,0
SQSTM1,RAD51,0
RAD51,SQSTM1,0
TLR4,RGS4,0
VCAM1,SELE,0
LIG4,RAD51,0
SELE,VCAM1,0
SELE,IL1B,0
IL1B,SELE,0
TLR4,SELE,0
SELE,TLR4,0
SELE,IL1A,0
IL1A,SELE,0
SERPINE1,SELE,0
XRCC1,RAD51,0
RAD51,LIG4,0
IL1B,SLC7A11,0
NBN,PCNA,0
PCNA,WRN,0
PCNA,LIG3,0
LIG3,PCNA,0
PCNA,LIG4,0
LIG4,PCNA,0
XRCC1,PCNA,0
PCNA,XRCC1,0
PCNA,NBN,0
TERF1,PCNA,0
NBN,RAD51,0
PCNA,TERF1,0
TERF2,PCNA,0
PCNA,TERF2,0
WRN,RAD51,0
RAD51,WRN,0
RAD51,PCNA,0
PCNA,RAD51,0
RAD51,NBN,0
SELE,SERPINE1,0
TNFRSF1A,SELE,0
SELE,TNFRSF1A,0
PARP1,JUN,0
SELE,NFE2L2,0
NFE2L2,SELE,0
XRCC1,PARP1,0
PARP1,XRCC1,0
PARP1,LIG3,0
LIG3,PARP1,0
SIRT1,PARP1,0
PARP1,SIRT1,0
JUN,PARP1,0
SELE,PTGS2,0
WRN,PARP1,0
PARP1,WRN,0
PARP1,NBN,0
NBN,PARP1,0
PARP1,MAPK3,0
MAPK3,PARP1,0
PARP1,MTOR,0
MTOR,PARP1,0
MIF,SELE,0
SELE,MIF,0
NOX4,SELE,0
SELE,NOX4,0
PTGS2,SELE,0
SELE,IL18,0
IL18,SELE,0
VEGFA,SELE,0
SELE,VEGFA,0
SELE,JUN,0
JUN,SELE,0
STAT3,SELE,0
SELE,STAT3,0
SELE,MMP3,0
MMP3,SELE,0
SELE,MAPK3,0
MAPK3,SELE,0
TIMP1,SELE,0
SELE,TIMP1,0
SELE,NFKB1,0
NFKB1,SELE,0
WRN,PCNA,0
SLC7A11,IL1B,0
MAP1LC3B,PARP1,0
VCAM1,IL1B,0
TLR4,IL1B,0
IL1B,TLR4,0
IL1B,IL18,0
IL18,IL1B,0
PTGS2,IL1B,0
IL1B,PTGS2,0
STAT3,IL1B,0
IL1B,STAT3,0
IL1B,VCAM1,0
JUN,IL1B,0
MMP3,IL1B,0
IL1B,MMP3,0
STAT1,IL1B,0
IL1B,STAT1,0
TIMP1,IL1B,0
IL1B,TIMP1,0
VEGFA,IL1B,0
IL1B,VEGFA,0
IL1B,JUN,0
IL1B,NFKB1,0
IL1B,MAPK1,0
JAK2,IL1A,0
SERPINE1,IL1A,0
IL1A,SERPINE1,0
IRF1,IL1A,0
IL1A,IRF1,0
MAPK3,IL1A,0
IL1A,MAPK3,0
MIF,IL1A,0
IL1A,MIF,0
IL1A,JAK2,0
NFKB1,IL1B,0
NFE2L2,IL1A,0
IL1A,NFE2L2,0
IL1B,IL1A,0
IL1A,IL1B,0
NLRP3,IL1B,0
IL1B,NLRP3,0
TNFRSF1A,IL1B,0
IL1B,TNFRSF1A,0
NFE2L2,IL1B,0
IL1B,NFE2L2,0
MAPK3,IL1B,0
IL1B,PRNP,0
IL1B,NOX4,0
MAP1LC3A,IL1B,0
IL1B,MAP1LC3A,0
S100A8,IL1B,0
IL1B,S100A8,0
MAP1LC3B,IL1B,0
IL1B,MAP1LC3B,0
PRNP,IL1B,0
MMP10,IL1B,0
IL1B,MAPK3,0
IL1B,MMP10,0
RPS6KB1,IL1B,0
IL1B,RPS6KB1,0
SNAI1,IL1B,0
IL1B,SNAI1,0
TFAM,IL1B,0
IL1B,TFAM,0
MAPK1,IL1B,0
NOX4,IL1B,0
IL1B,PPARGC1A,0
PPARGC1A,IL1B,0
IL1B,KEAP1,0
JAK2,IL1B,0
IL1B,JAK2,0
SERPINE1,IL1B,0
IL1B,SERPINE1,0
IRF1,IL1B,0
IL1B,IRF1,0
SIRT1,IL1B,0
IL1B,SIRT1,0
MMP2,IL1B,0
IL1B,MMP2,0
SQSTM1,IL1B,0
IL1B,SQSTM1,0
MTOR,IL1B,0
IL1B,MTOR,0
MIF,IL1B,0
IL1B,MIF,0
KEAP1,IL1B,0
PARP1,MAP1LC3B,0
STAT3,PARP1,0
RELA,JUN,0
IL6,NOX4,0
IL6,MIF,0
IRF1,IL6,0
IL6,IRF1,0
PPARGC1A,IL6,0
IL6,PPARGC1A,0
MMP2,IL6,0
IL6,MMP2,0
NOX4,IL6,0
KEAP1,IL6,0
IL6,SIRT1,0
IL6,KEAP1,0
S100A8,IL6,0
IL6,S100A8,0
RPS6KB1,IL6,0
IL6,RPS6KB1,0
PARP1,IL6,0
IL6,PARP1,0
MAP1LC3A,IL6,0
MIF,IL6,0
SIRT1,IL6,0
IL6,TIMP1,0
IL6,NFE2L2,0
IL6,MMP3,0
VCAM1,IL6,0
IL6,VCAM1,0
MAPK3,IL6,0
IL6,MAPK3,0
SERPINE1,IL6,0
IL6,SERPINE1,0
NFE2L2,IL6,0
SELE,IL6,0
IL6,SNAI1,0
IL6,SELE,0
MTOR,IL6,0
IL6,MTOR,0
MAPK1,IL6,0
IL6,MAPK1,0
NLRP3,IL6,0
IL6,NLRP3,0
SNAI1,IL6,0
IL6,MAP1LC3A,0
PRNP,IL6,0
IL6,PRNP,0
STAT3,RELA,0
SAT1,NCOA4,0
NCOA4,SAT1,0
SLC3A2,SAT1,0
SAT1,SLC3A2,0
RELA,NFKB1,0
NFKB1,RELA,0
SIRT1,RELA,0
RELA,SIRT1,0
RELA,STAT3,0
MMP10,IL6,0
RELA,IL1B,0
IL1B,RELA,0
RELA,IL6,0
IL6,RELA,0
TLR4,RELA,0
RELA,TLR4,0
RELA,KEAP1,0
KEAP1,RELA,0
SAT1,SLC7A11,0
SLC7A11,SAT1,0
NFE2L2,SAT1,0
SAT1,NFE2L2,0
IL6,MMP10,0
MAP1LC3B,IL6,0
IL6,MAP1LC3B,0
SQSTM1,IL6,0
IL6,SQSTM1,0
PNPLA2,IL6,0
IL6,PNPLA2,0
SLC39A14,IL6,0
IL6,SLC39A14,0
TFAM,IL6,0
IL6,TFAM,0
SLC40A1,IL6,0
IL6,SLC40A1,0
SIRT6,IL6,0
IL6,SIRT6,0
PRKAA1,IL6,0
IL6,PRKAA1,0
MMP3,IL6,0
TIMP1,IL6,0
PARP1,STAT3,0
PARP1,JAK2,0
PARP1,MAP1LC3A,0
MAP1LC3A,PARP1,0
TFAM,PARP1,0
PARP1,TFAM,0
TERF1,PARP1,0
PARP1,TERF1,0
PTGS2,PARP1,0
PARP1,PTGS2,0
JAK2,PARP1,0
PARP1,IL1B,0
PARP1,NFE2L2,0
NFE2L2,PARP1,0
PPARGC1A,PARP1,0
PARP1,PPARGC1A,0
PARP1,MAPK1,0
MAPK1,PARP1,0
STAT1,PARP1,0
PARP1,STAT1,0
IL1B,PARP1,0
NFKB1,PARP1,0
IL18,IL6,0
SIRT6,PARP1,0
RPS6KB1,PARP1,0
PARP1,RPS6KB1,0
RAD51,PARP1,0
PARP1,RAD51,0
PARP1,LIG4,0
LIG4,PARP1,0
PCNA,PARP1,0
PARP1,PCNA,0
PARP1,SIRT6,0
PARP1,NFKB1,0
PRKAA1,PARP1,0
PARP1,PRKAA1,0
SNAI1,PARP1,0
PARP1,SNAI1,0
VEGFA,PARP1,0
PARP1,VEGFA,0
SQSTM1,PARP1,0
PARP1,SQSTM1,0
PARP1,MDM4,0
MDM4,PARP1,0
PARP1,KEAP1,0
IL6,STAT1,0
IL6,JUN,0
NFKB1,IL6,0
IL6,NFKB1,0
IL6,IL1B,0
IL1B,IL6,0
STAT3,IL6,0
IL6,STAT3,0
STAT1,IL6,0
TLR4,IL6,0
KEAP1,PARP1,0
IL6,TLR4,0
IL6,IL1A,0
IL1A,IL6,0
PTGS2,IL6,0
IL6,PTGS2,0
VEGFA,IL6,0
IL6,VEGFA,0
IL6,IL18,0
JUN,IL6,0
IL6,TNFRSF1A,0
TNFRSF1A,IL6,0
IL6,JAK2,0
TSC2,PARP1,0
PARP1,TSC2,0
SLC40A1,SLC39A14,0
SLC39A14,SLC40A1,0
STEAP3,SLC40A1,0
SLC40A1,STEAP3,0
SLC40A1,NCOA4,0
NCOA4,SLC40A1,0
SLC7A11,SLC40A1,0
SLC40A1,SLC7A11,0
SLC40A1,SLC39A8,0
SLC39A8,SLC40A1,0
SLC40A1,JAK2,0
JAK2,SLC40A1,0
SLC40A1,NFE2L2,0
NFE2L2,SLC40A1,0
JAK2,IL6,0
LIG4,XRCC1,0
XRCC1,LIG4,0
KEAP1,TSC2,0
MBP,BDNF,0
MBP,AQP4,0
AQP4,MBP,0
MBP,AIF1,0
AIF1,MBP,0
SOX10,MBP,0
MBP,SOX10,0
MBP,MAP2,0
MAP2,MBP,0
BDNF,MBP,0
MOBP,MBP,0
MYRF,MBP,0
MBP,MYRF,0
S100B,MBP,0
MBP,S100B,0
MBP,CXCR3,0
CXCR3,MBP,0
MBP,ITGAM,0
ITGAM,MBP,0
MBP,MOBP,0
GFAP,MBP,0
S100B,BDNF,0
S100B,ALDH1L1,0
S100B,AQP4,0
AQP4,S100B,0
S100B,AIF1,0
AIF1,S100B,0
SLC1A2,S100B,0
S100B,SLC1A2,0
SOX10,S100B,0
S100B,SOX10,0
ALDH1L1,S100B,0
MBP,GFAP,0
S100B,MAP2,0
MAP2,S100B,0
MBP,MAG,0
MAG,MBP,0
MOG,MBP,0
MBP,MOG,0
MBP,CNP,0
CNP,MBP,0
SYN1,MBP,0
MBP,SYN1,0
MBP,DLG4,0
CLDN11,MBP,0
GRIA1,MAP2,0
ITGB1,GRIA1,0
GRIA1,ITGB1,0
MOBP,CLDN11,0
CLDN11,MOBP,0
CNP,CLDN11,0
CLDN11,CNP,0
MBP,CLDN11,0
ITGB1,CLDN11,0
DLG4,MBP,0
CLDN11,ITGB1,0
MAG,CLDN11,0
CLDN11,MAG,0
MOG,CLDN11,0
CLDN11,MOG,0
CLDN11,ACTA2,0
ACTA2,CLDN11,0
SOX10,CLDN11,0
MAP2,GRIA1,0
GFAP,GRIA1,0
GRIA1,GFAP,0
GRIA1,NTRK2,0
NTRK2,MBP,0
MBP,NTRK2,0
SLC1A2,MBP,0
MBP,SLC1A2,0
SLC17A7,MBP,0
MBP,SLC17A7,0
GRIA1,DLG4,0
DLG4,GRIA1,0
GRIA1,BDNF,0
BDNF,GRIA1,0
SYN1,GRIA1,0
GRIA1,SYN1,0
SLC17A7,GRIA1,0
GRIA1,SLC17A7,0
SLC1A2,GRIA1,0
GRIA1,SLC1A2,0
NTRK2,GRIA1,0
BDNF,S100B,0
GFAP,S100B,0
GJA1,CLDN11,0
BDNF,CXCR4,0
CXCR4,KDR,0
TEK,CXCR4,0
CXCR4,TEK,0
VWF,CXCR4,0
CXCR4,VWF,0
CXCR4,CSF1R,0
CSF1R,CXCR4,0
CXCR4,BDNF,0
GFAP,CXCR4,0
CXCR4,PECAM1,0
CXCR4,GFAP,0
CXCR4,ANPEP,0
ANPEP,CXCR4,0
SOX10,CXCR4,0
CXCR4,SOX10,0
KDR,FPR1,0
FPR1,KDR,0
ITGAM,FPR1,0
KDR,CXCR4,0
PECAM1,CXCR4,0
S100B,GFAP,0
BDNF,ITGB1,0
BDNF,SOX10,0
MOG,BDNF,0
BDNF,MOG,0
CNP,BDNF,0
BDNF,CNP,0
PECAM1,BDNF,0
BDNF,PECAM1,0
ITGB1,BDNF,0
CXCR4,CCR2,0
CXCR4,SPP1,0
CCR2,CXCR4,0
ITGB1,CXCR4,0
CXCR4,ITGB1,0
CXCR4,CX3CR1,0
CX3CR1,CXCR4,0
ITGAM,CXCR4,0
CXCR4,ITGAM,0
SPP1,CXCR4,0
FPR1,ITGAM,0
CXCR3,CCR2,0
CCR2,CXCR3,0
GFAP,ACTA2,0
TEK,ACTA2,0
ACTA2,TEK,0
ITGAM,ACTA2,0
ACTA2,ITGAM,0
CXCR4,ACTA2,0
ACTA2,CXCR4,0
GJA1,ACTA2,0
ACTA2,GJA1,0
ACTA2,GFAP,0
CXCR4,CXCR3,0
CCR2,ACTA2,0
ACTA2,CCR2,0
ANPEP,ACTA2,0
ACTA2,ANPEP,0
AIF1,ACTA2,0
ACTA2,AIF1,0
CSF1R,ACTA2,0
ACTA2,CSF1R,0
ACTA2,SPP1,0
SPP1,ACTA2,0
ACTA2,KDR,0
KDR,ACTA2,0
CXCR3,CXCR4,0
ITGAM,CXCR3,0
CXCR3,ITGAM,0
CXCR3,CX3CR1,0
CX3CR1,CXCR3,0
PECAM1,CXCR3,0
CXCR3,PECAM1,0
MOG,CXCR3,0
CXCR3,MOG,0
CXCR3,CSF1R,0
CSF1R,CXCR3,0
PECAM1,ACTA2,0
ACTA2,PECAM1,0
VWF,ACTA2,0
ACTA2,VWF,0
ITGB1,ACTA2,0
ACTA2,ITGB1,0
CLDN11,SOX10,0
CLDN11,GJA1,0
BDNF,TREM2,0
PLP1,MOG,0
CDH5,ANPEP,0
ANPEP,CDH5,0
CSF1R,CDH5,0
CDH5,CSF1R,0
CSPG4,CDH5,0
CDH5,CSPG4,0
PLP1,MBP,0
MBP,PLP1,0
MOG,PLP1,0
ITGAM,CDH5,0
PLP1,MOBP,0
MOBP,PLP1,0
PLP1,MAG,0
MAG,PLP1,0
PLP1,CNP,0
CNP,PLP1,0
PLP1,MYRF,0
MYRF,PLP1,0
CDH5,ITGAM,0
CDH5,CXCR4,0
SLC1A2,OLIG2,0
TEK,CDH5,0
SYN1,OLIG2,0
OLIG2,SYN1,0
PECAM1,CDH5,0
CDH5,PECAM1,0
KDR,CDH5,0
CDH5,KDR,0
CLDN5,CDH5,0
CDH5,CLDN5,0
CDH5,TEK,0
CXCR4,CDH5,0
VWF,CDH5,0
CDH5,VWF,0
CDH5,ACTA2,0
ACTA2,CDH5,0
GJA1,CDH5,0
CDH5,GJA1,0
ITGB1,CDH5,0
CDH5,ITGB1,0
SOX10,PLP1,0
PLP1,SOX10,0
PLP1,GFAP,0
CXCR4,FLT1,0
FLT1,ITGB1,0
FLT1,CDH5,0
CDH5,FLT1,0
PECAM1,FLT1,0
FLT1,PECAM1,0
FLT1,BDNF,0
BDNF,FLT1,0
FLT1,CXCR4,0
VWF,FLT1,0
GFAP,PLP1,0
FLT1,VWF,0
ITGAM,FLT1,0
FLT1,ITGAM,0
FLT1,CCR2,0
CCR2,FLT1,0
FLT1,CLDN5,0
CLDN5,FLT1,0
FLT1,ACTA2,0
ITGB1,FLT1,0
FLT1,KDR,0
KDR,FLT1,0
PLP1,SLC1A2,0
PLP1,ITGB1,0
ITGB1,PLP1,0
PLP1,OLIG2,0
OLIG2,PLP1,0
PLP1,CLDN11,0
CLDN11,PLP1,0
PLP1,ITGAM,0
ITGAM,PLP1,0
S100B,PLP1,0
PLP1,S100B,0
PLP1,CSPG4,0
CSPG4,PLP1,0
PLP1,AQP4,0
AQP4,PLP1,0
PLP1,AIF1,0
AIF1,PLP1,0
SLC1A2,PLP1,0
OLIG2,SLC1A2,0
OLIG2,SLC17A7,0
GFAP,CLDN11,0
CSPG4,SOX10,0
AIF1,CLDN5,0
CLDN5,ACTA2,0
ACTA2,CLDN5,0
CLDN5,BDNF,0
BDNF,CLDN5,0
S100B,CLDN5,0
CLDN5,S100B,0
SOX10,CSPG4,0
GFAP,CSPG4,0
CLDN5,GFAP,0
CSPG4,GFAP,0
CSPG4,ACTA2,0
ACTA2,CSPG4,0
MBP,CSPG4,0
CSPG4,MBP,0
CSPG4,CNP,0
CNP,CSPG4,0
PECAM1,CSPG4,0
CLDN5,AIF1,0
GFAP,CLDN5,0
SLC17A7,OLIG2,0
CLDN5,VWF,0
CLDN11,GFAP,0
CLDN11,AQP4,0
AQP4,CLDN11,0
MYRF,CLDN11,0
CLDN11,MYRF,0
PECAM1,CLDN5,0
CLDN5,PECAM1,0
VWF,CLDN5,0
CLDN5,AQP4,0
CLDN5,KDR,0
AQP4,CLDN5,0
GJA1,CLDN5,0
CLDN5,GJA1,0
TEK,CLDN5,0
CLDN5,TEK,0
CLDN5,CLDN11,0
CLDN11,CLDN5,0
KDR,CLDN5,0
CSPG4,PECAM1,0
CSPG4,AIF1,0
AIF1,CSPG4,0
OLIG2,BDNF,0
OLIG2,MAG,0
MAG,OLIG2,0
OLIG2,MOG,0
MOG,OLIG2,0
OLIG2,CSPG4,0
CSPG4,OLIG2,0
OLIG2,ALDH1L1,0
ALDH1L1,OLIG2,0
BDNF,OLIG2,0
MYRF,CSPG4,0
OLIG2,MOBP,0
MOBP,OLIG2,0
OLIG2,AQP4,0
AQP4,OLIG2,0
OLIG2,CLDN11,0
CLDN11,OLIG2,0
S100B,OLIG2,0
OLIG2,S100B,0
MYRF,OLIG2,0
OLIG2,MYRF,0
MAP2,OLIG2,0
OLIG2,MAP2,0
CSPG4,MYRF,0
MOG,CSPG4,0
CSPG4,MOG,0
CSPG4,ALDH1L1,0
ALDH1L1,CSPG4,0
MAG,CSPG4,0
CSPG4,MAG,0
SOX10,OLIG2,0
OLIG2,SOX10,0
OLIG2,GFAP,0
GFAP,OLIG2,0
OLIG2,MBP,0
MBP,OLIG2,0
OLIG2,CNP,0
CNP,OLIG2,0
OLIG2,AIF1,0
AIF1,OLIG2,0
SOX10,BDNF,0
TREM2,BDNF,0
TSC2,KEAP1,0
SOX10,CNP,0
MOG,CX3CR1,0
CX3CR1,MOG,0
MAG,CNP,0
CNP,MAG,0
MOG,CNP,0
CNP,MOG,0
CNP,AIF1,0
AIF1,CNP,0
CNP,SOX10,0
MOG,CCR2,0
MYRF,CNP,0
CNP,MYRF,0
MAP2,CNP,0
CNP,MAP2,0
DLG4,CNP,0
CNP,DLG4,0
KDR,ITGB1,0
ITGB1,KDR,0
CCR2,MOG,0
MOG,MYRF,0
PECAM1,CX3CR1,0
TEK,CCR2,0
PECAM1,GJA1,0
GJA1,PECAM1,0
TEK,PECAM1,0
PECAM1,TEK,0
VWF,TEK,0
TEK,VWF,0
TEK,KDR,0
KDR,TEK,0
CCR2,TEK,0
MYRF,MOG,0
TEK,CX3CR1,0
CX3CR1,TEK,0
MOG,MAG,0
MAG,MOG,0
MOG,AIF1,0
AIF1,MOG,0
SOX10,MOG,0
MOG,SOX10,0
VWF,ITGB1,0
ITGB1,VWF,0
PECAM1,ITGB1,0
DLG4,SLC17A7,0
CCR2,SPP1,0
TREM2,SPP1,0
SPP1,TREM2,0
SPP1,CSF1R,0
CSF1R,SPP1,0
SPP1,GJA1,0
GJA1,SPP1,0
SLC17A7,DLG4,0
SLC17A7,MAP2,0
ITGB1,PECAM1,0
MAP2,SLC17A7,0
SLC17A7,AIF1,0
AIF1,SLC17A7,0
SLC17A7,ALDH1L1,0
ALDH1L1,SLC17A7,0
SYN1,DLG4,0
DLG4,SYN1,0
SYN1,SLC17A7,0
SPP1,CCR2,0
PECAM1,SPP1,0
SPP1,PECAM1,0
SPP1,TEK,0
ITGB1,ANPEP,0
ANPEP,ITGB1,0
TEK,ITGB1,0
ITGB1,TEK,0
SOX10,ITGB1,0
ITGB1,SOX10,0
ITGB1,GJA1,0
GJA1,ITGB1,0
ITGB1,CCR2,0
CCR2,ITGB1,0
SPP1,ITGB1,0
ITGB1,SPP1,0
VWF,SPP1,0
SPP1,VWF,0
SPP1,KDR,0
KDR,SPP1,0
TEK,SPP1,0
CX3CR1,PECAM1,0
CCR2,PECAM1,0
SYN1,MAP2,0
AIF1,CSF1R,0
ALDH1L1,SOX10,0
GJA1,ALDH1L1,0
ALDH1L1,GJA1,0
CX3CR1,ALDH1L1,0
ALDH1L1,CX3CR1,0
CX3CR1,CSF1R,0
CSF1R,CX3CR1,0
CSF1R,AIF1,0
P2RY12,CSF1R,0
AIF1,ALDH1L1,0
CSF1R,P2RY12,0
CSF1R,CCR2,0
CCR2,CSF1R,0
MAP2,AIF1,0
AIF1,MAP2,0
MAP2,MAG,0
MAG,MAP2,0
KDR,CCR2,0
SOX10,ALDH1L1,0
ALDH1L1,AIF1,0
PECAM1,CCR2,0
AIF1,CX3CR1,0
CX3CR1,P2RY12,0
SOX10,MYRF,0
MYRF,SOX10,0
SOX10,MAG,0
MAG,SOX10,0
MYRF,MAG,0
MAG,MYRF,0
CX3CR1,AIF1,0
P2RY12,AIF1,0
CCR2,CX3CR1,0
AIF1,P2RY12,0
MAG,AIF1,0
AIF1,MAG,0
SOX10,AIF1,0
AIF1,SOX10,0
CCR2,AIF1,0
AIF1,CCR2,0
CX3CR1,CCR2,0
CCR2,KDR,0
KDR,GJA1,0
GJA1,KDR,0
VWF,PECAM1,0
DLG4,AIF1,0
AIF1,DLG4,0
CSF1R,ANPEP,0
ANPEP,CSF1R,0
KDR,ANPEP,0
ANPEP,KDR,0
PECAM1,KDR,0
KDR,PECAM1,0
PECAM1,VWF,0
TREM2,CSF1R,0
PECAM1,ANPEP,0
ANPEP,PECAM1,0
PECAM1,AIF1,0
AIF1,PECAM1,0
PECAM1,CSF1R,0
CSF1R,PECAM1,0
PECAM1,MAP2,0
MAP2,PECAM1,0
DLG4,MAP2,0
MAP2,DLG4,0
CSF1R,VWF,0
VWF,CSF1R,0
CSF1R,TREM2,0
TREM2,P2RY12,0
P2RY12,TREM2,0
TREM2,CX3CR1,0
CX3CR1,TREM2,0
TREM2,AIF1,0
AIF1,TREM2,0
TREM2,CCR2,0
CCR2,TREM2,0
VWF,KDR,0
KDR,VWF,0
VWF,P2RY12,0
P2RY12,VWF,0
VWF,GJA1,0
GJA1,VWF,0
VWF,AIF1,0
AIF1,VWF,0
SLC17A7,SYN1,0
MAP2,SYN1,0
BDNF,P2RY12,0
GFAP,CX3CR1,0
GFAP,DLG4,0
DLG4,GFAP,0
MOG,GFAP,0
GFAP,MOG,0
PECAM1,GFAP,0
GFAP,PECAM1,0
NTRK2,GFAP,0
GFAP,NTRK2,0
CX3CR1,GFAP,0
SOX10,GFAP,0
MAG,GFAP,0
GFAP,MAG,0
TREM2,GFAP,0
GFAP,TREM2,0
GJA1,GFAP,0
GFAP,GJA1,0
VWF,GFAP,0
GFAP,VWF,0
GFAP,SOX10,0
GFAP,SYN1,0
KDR,ITGAM,0
SLC17A7,GFAP,0
SPP1,ITGAM,0
ITGAM,SPP1,0
GFAP,AIF1,0
AIF1,GFAP,0
GFAP,AQP4,0
AQP4,GFAP,0
GFAP,CNP,0
CNP,GFAP,0
GFAP,SLC17A7,0
SYN1,GFAP,0
MAP2,GFAP,0
GFAP,MAP2,0
SLC1A2,GFAP,0
GFAP,SLC1A2,0
GFAP,ALDH1L1,0
ALDH1L1,GFAP,0
ITGAM,GFAP,0
GFAP,ITGAM,0
P2RY12,GFAP,0
GFAP,P2RY12,0
MOBP,GFAP,0
BDNF,SLC1A2,0
BDNF,MAP2,0
BDNF,AIF1,0
AIF1,BDNF,0
TEK,BDNF,0
BDNF,TEK,0
SLC17A7,BDNF,0
BDNF,SLC17A7,0
SLC1A2,BDNF,0
MAG,BDNF,0
GFAP,MOBP,0
BDNF,MAG,0
BDNF,AQP4,0
AQP4,BDNF,0
CX3CR1,BDNF,0
BDNF,CX3CR1,0
ITGAM,BDNF,0
BDNF,ITGAM,0
P2RY12,BDNF,0
MAP2,BDNF,0
BDNF,SYN1,0
SYN1,BDNF,0
BDNF,CSF1R,0
GFAP,CSF1R,0
CSF1R,GFAP,0
GFAP,CCR2,0
CCR2,GFAP,0
ITGB1,GFAP,0
GFAP,ITGB1,0
KDR,GFAP,0
GFAP,KDR,0
NTRK2,BDNF,0
BDNF,NTRK2,0
KDR,BDNF,0
BDNF,KDR,0
DLG4,BDNF,0
BDNF,DLG4,0
GFAP,BDNF,0
BDNF,GFAP,0
CSF1R,BDNF,0
ITGAM,KDR,0
ITGAM,TEK,0
SYN1,AIF1,0
AQP4,GJA1,0
MAP2,NTRK2,0
SLC1A2,NTRK2,0
NTRK2,SLC1A2,0
NTRK2,AIF1,0
AIF1,NTRK2,0
SLC1A2,AQP4,0
AQP4,SLC1A2,0
GJA1,AQP4,0
MOG,AQP4,0
NTRK2,SLC17A7,0
AQP4,MOG,0
AQP4,ALDH1L1,0
ALDH1L1,AQP4,0
AQP4,AIF1,0
AIF1,AQP4,0
PECAM1,AQP4,0
AQP4,PECAM1,0
MAG,AQP4,0
NTRK2,MAP2,0
SLC17A7,NTRK2,0
TEK,ITGAM,0
AIF1,SLC1A2,0
AIF1,SYN1,0
SLC1A2,ALDH1L1,0
ALDH1L1,SLC1A2,0
SLC1A2,DLG4,0
DLG4,SLC1A2,0
SLC1A2,SLC17A7,0
SLC17A7,SLC1A2,0
SLC1A2,AIF1,0
SLC1A2,GJA1,0
NTRK2,SYN1,0
GJA1,SLC1A2,0
SYN1,SLC1A2,0
SLC1A2,SYN1,0
SLC1A2,MAP2,0
MAP2,SLC1A2,0
NTRK2,DLG4,0
DLG4,NTRK2,0
SYN1,NTRK2,0
AQP4,MAG,0
SLC17A7,AQP4,0
AQP4,SLC17A7,0
P2RY12,ITGAM,0
ITGAM,AIF1,0
AIF1,ITGAM,0
ITGAM,CX3CR1,0
CX3CR1,ITGAM,0
ITGAM,CCR2,0
CCR2,ITGAM,0
PECAM1,ITGAM,0
ITGAM,PECAM1,0
ITGAM,P2RY12,0
SOX10,AQP4,0
TREM2,ITGAM,0
ITGAM,TREM2,0
MOG,ITGAM,0
ITGAM,MOG,0
ITGAM,ANPEP,0
ANPEP,ITGAM,0
VWF,ITGAM,0
ITGAM,VWF,0
CSF1R,ITGAM,0
ITGAM,CSF1R,0
ITGAM,ITGB1,0
ITGB1,ITGAM,0
AQP4,SOX10,0
MOG,MOBP,0
MOBP,MOG,0
MOBP,MAG,0
MAG,MOBP,0
MOBP,CNP,0
CNP,MOBP,0
MYRF,MOBP,0
MOBP,MYRF,0
SOX10,MOBP,0
MOBP,SOX10,0
SLC1A2,MOBP,0
MOBP,SLC1A2,0
MOBP,AQP4,0
AQP4,MOBP,0
MOBP,ALDH1L1,0
ALDH1L1,MOBP,0
ACTA2,FLT1,0
FLT1,CSF1R,0
CSF1R,FLT1,0
CD44,CX3CR1,0
CD44,CSF1R,0
VWF,CD44,0
CD44,VWF,0
OLIG2,CD44,0
CD44,OLIG2,0
MOG,CD44,0
CD44,MOG,0
CX3CR1,CD44,0
TEK,CD44,0
CD44,GFAP,0
CD44,TEK,0
IFNGR1,CD44,0
CD44,IFNGR1,0
CSPG4,CD44,0
CD44,CSPG4,0
CD44,BDNF,0
BDNF,CD44,0
GJA1,CD44,0
CSF1R,CD44,0
GFAP,CD44,0
CD44,CXCR3,0
CD44,FLT1,0
CD44,PDGFRB,0
CD44,ANPEP,0
ANPEP,CD44,0
TGFBR1,CD44,0
CD44,TGFBR1,0
CD44,CCR2,0
CCR2,CD44,0
FLT1,CD44,0
CD44,ACTA2,0
CASP1,CD44,0
ACTA2,CD44,0
KDR,CD44,0
CD44,KDR,0
CDH5,CD44,0
CD44,CDH5,0
CD68,CD44,0
CD44,CD68,0
CD44,CASP1,0
CD44,GJA1,0
STAT1,IL18,0
IL18,STAT1,0
PPARGC1A,LPIN2,0
PPARGC1A,PNPLA2,0
PNPLA2,PPARGC1A,0
RPS6KB1,PPARGC1A,0
PPARGC1A,RPS6KB1,0
STAT3,PPARGC1A,0
PPARGC1A,STAT3,0
PPARGC1A,KEAP1,0
KEAP1,PPARGC1A,0
LPIN2,PPARGC1A,0
XRCC1,LIG3,0
VEGFA,STAT3,0
STAT3,VEGFA,0
VEGFA,IL18,0
IL18,VEGFA,0
VEGFA,STAT1,0
STAT1,VEGFA,0
VEGFA,RPS6KB1,0
RPS6KB1,VEGFA,0
LPIN2,PNPLA2,0
PNPLA2,LPIN2,0
TERF1,TERF2,0
TERF2,TERF1,0
LIG3,XRCC1,0
KEAP1,IL18,0
IL18,KEAP1,0
SLC3A2,NCOA4,0
NCOA4,SLC3A2,0
NCOA4,KEAP1,0
KEAP1,NCOA4,0
STAT3,STAT1,0
STAT1,STAT3,0
STAT3,KEAP1,0
KEAP1,STAT3,0
STAT3,IL18,0
IL18,STAT3,0
STAT3,NCOA4,0
NCOA4,STAT3,0
STAT3,RPS6KB1,0
RPS6KB1,STAT3,0
PDGFRB,CD44,0
CXCR3,CD44,0
PPARGC1A,VEGFA,0
SLC1A3,GFAP,0
TGFBR1,PECAM1,0
PECAM1,TGFBR1,0
TGFBR1,FLT1,0
FLT1,TGFBR1,0
SLC1A3,SLC1A2,0
SLC1A2,SLC1A3,0
SLC1A3,GRIN1,0
GRIN1,SLC1A3,0
GFAP,SLC1A3,0
TGFBR1,CSF1R,0
SLC1A3,ALDH1L1,0
ALDH1L1,SLC1A3,0
SLC1A3,AQP4,0
AQP4,SLC1A3,0
SLC1A3,SLC17A7,0
SLC17A7,SLC1A3,0
SLC1A3,RBFOX3,0
RBFOX3,SLC1A3,0
CSF1R,TGFBR1,0
PDGFRB,TGFBR1,0
CD44,VIM,0
TGFBR1,P2RY12,0
S100B,AGER,0
AGER,S100B,0
TGFBR1,ACTA2,0
ACTA2,TGFBR1,0
TGFBR1,CXCR4,0
CXCR4,TGFBR1,0
TGFBR1,CDH5,0
CDH5,TGFBR1,0
P2RY12,TGFBR1,0
TGFBR1,PDGFRB,0
ZEB1,TGFBR1,0
TGFBR1,ZEB1,0
TGFBR1,CCR2,0
CCR2,TGFBR1,0
TGFBR1,KDR,0
KDR,TGFBR1,0
TGFBR1,ITGB1,0
ITGB1,TGFBR1,0
SLC1A3,GRIA1,0
GRIA1,SLC1A3,0
SLC1A3,S100B,0
CD44,CXCR4,0
SLC1A3,SYN1,0
SOX10,SLC1A3,0
SLC1A3,SOX10,0
SLC1A3,PLP1,0
PLP1,SLC1A3,0
SPP1,CD44,0
CD44,SPP1,0
CXCR4,CD44,0
ITGB1,CD44,0
S100B,SLC1A3,0
CD44,ITGB1,0
PECAM1,CD44,0
CD44,PECAM1,0
ITGAM,CD44,0
CD44,ITGAM,0
ZEB1,CD44,0
CD44,ZEB1,0
VIM,CD44,0
SYN1,SLC1A3,0
NTRK2,SLC1A3,0
SLC1A3,NTRK2,0
SLC1A3,VIM,0
SLC1A3,OLIG2,0
OLIG2,SLC1A3,0
SLC1A3,BDNF,0
BDNF,SLC1A3,0
SLC1A3,GJA1,0
GJA1,SLC1A3,0
SLC1A3,DLG4,0
DLG4,SLC1A3,0
SLC1A3,AIF1,0
AIF1,SLC1A3,0
SNAP25,SLC1A3,0
SLC1A3,SNAP25,0
SLC1A3,MBP,0
MBP,SLC1A3,0
SLC1A3,MAP2,0
MAP2,SLC1A3,0
VIM,SLC1A3,0
VEGFA,PPARGC1A,0
SIRT1,PPARGC1A,0
FLT1,CXCR3,0
MTOR,SIRT1,0
NFE2L2,TIMP1,0
RPS6KB1,MTOR,0
MTOR,RPS6KB1,0
TSC1,MTOR,0
MTOR,TSC1,0
MTOR,LPIN2,0
LPIN2,MTOR,0
SIRT1,MTOR,0
SQSTM1,MTOR,0
NCOA4,NFE2L2,0
MTOR,SQSTM1,0
STAT3,MTOR,0
MTOR,STAT3,0
MTOR,JUN,0
JUN,MTOR,0
PPARGC1A,MTOR,0
MTOR,PPARGC1A,0
STAT1,MTOR,0
TIMP1,NFE2L2,0
NFE2L2,NCOA4,0
KEAP1,NFE2L2,0
NFE2L2,STAT3,0
NFE2L2,PPARGC1A,0
NFE2L2,JUN,0
JUN,NFE2L2,0
SIRT1,NFE2L2,0
NFE2L2,SIRT1,0
SQSTM1,NFE2L2,0
NFE2L2,SQSTM1,0
STAT3,NFE2L2,0
RPS6KB1,NFE2L2,0
IRF1,NFE2L2,0
NFE2L2,RPS6KB1,0
NFE2L2,IL18,0
IL18,NFE2L2,0
STAT1,NFE2L2,0
NFE2L2,STAT1,0
VEGFA,NFE2L2,0
NFE2L2,VEGFA,0
NFE2L2,IRF1,0
MTOR,STAT1,0
NFE2L2,MTOR,0
MTOR,NFE2L2,0
TSC2,SIRT1,0
STAT1,NLRP3,0
NLRP3,STAT1,0
TSC2,TSC1,0
TSC1,TSC2,0
TSC2,MTOR,0
MTOR,TSC2,0
TSC2,RPS6KB1,0
RPS6KB1,TSC2,0
SIRT1,TSC2,0
VEGFA,MTOR,0
TSC2,SQSTM1,0
SQSTM1,TSC2,0
TSC2,PPARGC1A,0
PPARGC1A,TSC2,0
TSC2,STAT3,0
STAT3,TSC2,0
TSC2,JUN,0
JUN,TSC2,0
NLRP3,STAT3,0
STAT3,NLRP3,0
NLRP3,SIRT1,0
SIRT1,NLRP3,0
MTOR,VEGFA,0
MTOR,KEAP1,0
KEAP1,MTOR,0
MTOR,IL18,0
IL18,MTOR,0
MTOR,LIG3,0
LIG3,MTOR,0
SLC3A2,MTOR,0
MTOR,SLC3A2,0
PNPLA2,MTOR,0
MTOR,PNPLA2,0
NLRP3,IL18,0
IL18,NLRP3,0
NLRP3,NFE2L2,0
NFE2L2,NLRP3,0
NLRP3,JUN,0
JUN,NLRP3,0
PPARGC1A,NFE2L2,0
NFE2L2,KEAP1,0
PPARGC1A,SIRT1,0
TSC1,SIRT1,0
TIMP1,IL18,0
IL18,TIMP1,0
TIMP1,SIRT1,0
SIRT1,TIMP1,0
TIMP1,IGFBP7,0
IGFBP7,TIMP1,0
TSC1,RPS6KB1,0
RPS6KB1,TSC1,0
SIRT1,TSC1,0
TIMP1,STAT1,0
STEAP3,NCOA4,0
NCOA4,STEAP3,0
STEAP3,SLC39A8,0
SLC39A8,STEAP3,0
STEAP3,SLC3A2,0
SLC3A2,STEAP3,0
STAT1,IRF1,0
IRF1,STAT1,0
STAT1,TIMP1,0
STAT3,TIMP1,0
SQSTM1,STAT3,0
SIRT1,IL18,0
SIRT1,RPS6KB1,0
RPS6KB1,SIRT1,0
STAT3,SIRT1,0
SIRT1,STAT3,0
SIRT1,KEAP1,0
KEAP1,SIRT1,0
SIRT1,PNPLA2,0
PNPLA2,SIRT1,0
IL18,SIRT1,0
TIMP1,STAT3,0
STAT1,SIRT1,0
SIRT1,STAT1,0
VEGFA,SIRT1,0
SIRT1,VEGFA,0
TERF1,SIRT1,0
SIRT1,TERF1,0
VEGFA,TIMP1,0
TIMP1,VEGFA,0
STAT3,IRF1,0
IRF1,STAT3,0
IRF1,IL18,0
SIRT1,SQSTM1,0
JUN,TIMP1,0
TERF2,JUN,0
JUN,TERF2,0
SQSTM1,KEAP1,0
KEAP1,SQSTM1,0
SQSTM1,RPS6KB1,0
RPS6KB1,SQSTM1,0
SQSTM1,SIRT1,0
STAT1,SQSTM1,0
IL18,IRF1,0
SQSTM1,STAT1,0
SQSTM1,PPARGC1A,0
PPARGC1A,SQSTM1,0
SQSTM1,JUN,0
JUN,SQSTM1,0
SQSTM1,NCOA4,0
NCOA4,SQSTM1,0
STAT3,SQSTM1,0
TIMP1,JUN,0
JUN,KEAP1,0
KEAP1,JUN,0
JUN,PPARGC1A,0
STAT3,JUN,0
JUN,STAT3,0
RPS6KB1,JUN,0
JUN,RPS6KB1,0
JUN,IL18,0
IL18,JUN,0
SIRT1,JUN,0
JUN,SIRT1,0
STAT1,JUN,0
JUN,STAT1,0
JUN,IRF1,0
IRF1,JUN,0
TERF1,JUN,0
JUN,TERF1,0
VEGFA,JUN,0
JUN,VEGFA,0
PPARGC1A,JUN,0
RBFOX3,TREM2,0
TREM2,RBFOX3,0
GABRA1,RBFOX3,0
CASP1,BDNF,0
IL1R1,CASP1,0
CASP1,IL1R1,0
CASP1,AIF1,0
AIF1,CASP1,0
ITGAM,CASP1,0
CASP1,ITGAM,0
CCR2,CASP1,0
CASP1,CCR2,0
BDNF,CASP1,0
IL1R1,CSF1R,0
CASP1,ACTA2,0
ACTA2,CASP1,0
GFAP,CASP1,0
CASP1,GFAP,0
CX3CR1,CASP1,0
CASP1,CX3CR1,0
CXCR4,CASP1,0
CASP1,CXCR4,0
CSF1R,IL1R1,0
IL1R1,ITGAM,0
RGS5,CDH5,0
VIM,DES,0
RGS5,PECAM1,0
PECAM1,RGS5,0
TEK,RGS5,0
RGS5,TEK,0
RGS5,FLT1,0
FLT1,RGS5,0
RGS5,ANPEP,0
ANPEP,RGS5,0
DES,VIM,0
ITGAM,IL1R1,0
GFAP,DES,0
DES,GFAP,0
DES,ACTA2,0
ACTA2,DES,0
XRCC6,XRCC5,0
XRCC5,XRCC6,0
IL1R1,CCR2,0
CCR2,IL1R1,0
TREM2,CASP1,0
CASP1,TREM2,0
PDGFRB,KDR,0
PDGFRB,VIM,0
CCR2,PDGFRB,0
VWF,PDGFRB,0
PDGFRB,VWF,0
PDGFRB,GFAP,0
GFAP,PDGFRB,0
PDGFRB,AQP4,0
AQP4,PDGFRB,0
VIM,PDGFRB,0
PDGFRB,ITGAM,0
KDR,PDGFRB,0
ITGAM,PDGFRB,0
PDGFRB,OLIG2,0
OLIG2,PDGFRB,0
PDGFRB,AIF1,0
AIF1,PDGFRB,0
SOX10,PDGFRB,0
PDGFRB,SOX10,0
SPP1,PDGFRB,0
PDGFRB,CCR2,0
ANPEP,PDGFRB,0
PDGFRB,ANPEP,0
ITGB1,PDGFRB,0
PDGFRB,ACTA2,0
ACTA2,PDGFRB,0
PECAM1,PDGFRB,0
PDGFRB,PECAM1,0
PDGFRB,CSPG4,0
CSPG4,PDGFRB,0
PDGFRB,BDNF,0
BDNF,PDGFRB,0
PDGFRB,CXCR4,0
CXCR4,PDGFRB,0
PDGFRB,CDH5,0
CDH5,PDGFRB,0
PDGFRB,CLDN5,0
CLDN5,PDGFRB,0
RGS5,PDGFRB,0
PDGFRB,RGS5,0
PDGFRB,ITGB1,0
CDH5,RGS5,0
CSPG4,RGS5,0
RBFOX3,GABRA1,0
DLG4,GRIN1,0
SLC1A2,SNAP25,0
SNAP25,MAP2,0
MAP2,SNAP25,0
SNAP25,NTRK2,0
NTRK2,SNAP25,0
SNAP25,AIF1,0
AIF1,SNAP25,0
GRIN1,DLG4,0
GRIN1,GRIA1,0
BDNF,SNAP25,0
GRIA1,GRIN1,0
NTRK2,GRIN1,0
GRIN1,NTRK2,0
GRIN1,BDNF,0
BDNF,GRIN1,0
SYN1,GRIN1,0
GRIN1,SYN1,0
SLC17A7,GRIN1,0
SNAP25,SLC1A2,0
SNAP25,BDNF,0
RGS5,CSPG4,0
SNAP25,SYN1,0
CXCR3,FLT1,0
TEK,FLT1,0
FLT1,TEK,0
SPP1,FLT1,0
FLT1,SPP1,0
P2RY12,FLT1,0
FLT1,P2RY12,0
SYN1,SNAP25,0
SNAP25,SLC17A7,0
PLP1,SNAP25,0
SLC17A7,SNAP25,0
SNAP25,DLG4,0
DLG4,SNAP25,0
SNAP25,GRIA1,0
GRIA1,SNAP25,0
SNAP25,GFAP,0
GFAP,SNAP25,0
SNAP25,PLP1,0
GRIN1,SLC17A7,0
SLC1A2,GRIN1,0
GRIN1,SLC1A2,0
VIM,CDH5,0
VIM,GFAP,0
GFAP,VIM,0
VIM,ITGB1,0
ITGB1,VIM,0
VIM,GJA1,0
GJA1,VIM,0
VIM,SPP1,0
SPP1,VIM,0
CDH5,VIM,0
MAP2,GRIN1,0
VIM,AQP4,0
AQP4,VIM,0
VIM,S100B,0
S100B,VIM,0
VIM,ALDH1L1,0
ALDH1L1,VIM,0
RGS5,ACTA2,0
ACTA2,RGS5,0
PECAM1,VIM,0
VIM,PECAM1,0
ACTA2,VIM,0
VIM,ACTA2,0
GRIN1,MAP2,0
GRIN1,GFAP,0
GFAP,GRIN1,0
SNAP25,GRIN1,0
GRIN1,SNAP25,0
GRIN1,AQP4,0
AQP4,GRIN1,0
GRIN1,CCR2,0
CCR2,GRIN1,0
GRIN1,AIF1,0
AIF1,GRIN1,0
MOG,GRIN1,0
GRIN1,MOG,0
MBP,GRIN1,0
GRIN1,MBP,0
MAG,GRIN1,0
GRIN1,MAG,0
PDGFRB,SPP1,0
PDGFRB,FLT1,0
FLT1,PDGFRB,0
MAP2,RBFOX3,0
CD68,FLT1,0
RBFOX3,GFAP,0
GFAP,RBFOX3,0
RBFOX3,AIF1,0
AIF1,RBFOX3,0
RBFOX3,OLIG2,0
OLIG2,RBFOX3,0
RBFOX3,MAP2,0
RBFOX3,CD68,0
AQP4,CD68,0
CD68,RBFOX3,0
SLC17A7,RBFOX3,0
RBFOX3,SLC17A7,0
RBFOX3,BDNF,0
BDNF,RBFOX3,0
SYN1,RBFOX3,0
RBFOX3,SYN1,0
RBFOX3,DLG4,0
FLT1,CD68,0
CD68,AQP4,0
ZEB1,VIM,0
BDNF,CD68,0
CD68,CDH5,0
CXCR3,CD68,0
CD68,CXCR3,0
VIM,CD68,0
CD68,VIM,0
PDGFRB,CD68,0
CD68,PDGFRB,0
CD68,BDNF,0
CNP,CD68,0
ANPEP,CD68,0
CD68,CNP,0
ITGB1,CD68,0
CD68,ITGB1,0
MOG,CD68,0
CD68,MOG,0
TEK,CD68,0
CD68,TEK,0
CD68,ANPEP,0
DLG4,RBFOX3,0
RBFOX3,MBP,0
MBP,RBFOX3,0
VWF,RBFOX3,0
SOX10,RBFOX3,0
RBFOX3,SOX10,0
RBFOX3,CX3CR1,0
CX3CR1,RBFOX3,0
RBFOX3,PLP1,0
PLP1,RBFOX3,0
RBFOX3,MOG,0
MOG,RBFOX3,0
RBFOX3,VWF,0
RBFOX3,CNP,0
RBFOX3,CLDN5,0
CLDN5,RBFOX3,0
RBFOX3,MAG,0
MAG,RBFOX3,0
RBFOX3,P2RY12,0
P2RY12,RBFOX3,0
RBFOX3,CSPG4,0
CSPG4,RBFOX3,0
RBFOX3,SNAP25,0
SNAP25,RBFOX3,0
PECAM1,RBFOX3,0
RBFOX3,PECAM1,0
CNP,RBFOX3,0
RBFOX3,ITGAM,0
ITGAM,RBFOX3,0
RBFOX3,GRIN1,0
GRIN1,RBFOX3,0
RBFOX3,AQP4,0
AQP4,RBFOX3,0
S100B,RBFOX3,0
RBFOX3,S100B,0
SLC1A2,RBFOX3,0
RBFOX3,SLC1A2,0
RBFOX3,GRIA1,0
GRIA1,RBFOX3,0
RBFOX3,NTRK2,0
NTRK2,RBFOX3,0
RBFOX3,ALDH1L1,0
ALDH1L1,RBFOX3,0
CDH5,CD68,0
CD68,OLIG2,0
OLIG2,CD68,0
NTRK2,GABRA1,0
GRIN1,GABRA1,0
GABRA1,GRIN1,0
SLC17A7,GABRA1,0
GABRA1,SLC17A7,0
GABRA1,DLG4,0
DLG4,GABRA1,0
SNAP25,GABRA1,0
GABRA1,SNAP25,0
GABRA1,NTRK2,0
CXCR3,IFNGR1,0
GFAP,GABRA1,0
GABRA1,GFAP,0
IFNGR1,GRIA1,0
GRIA1,IFNGR1,0
IL1R1,IFNGR1,0
IFNGR1,IL1R1,0
ITGAM,IFNGR1,0
IFNGR1,ITGAM,0
GABRA1,SYN1,0
SYN1,GABRA1,0
BDNF,GABRA1,0
GABRA1,BDNF,0
VIM,ZEB1,0
ZEB1,ACTA2,0
ACTA2,ZEB1,0
ZEB1,ITGB1,0
ITGB1,ZEB1,0
ZEB1,CXCR4,0
CXCR4,ZEB1,0
ZEB1,CDH5,0
CDH5,ZEB1,0
ZEB1,PDGFRB,0
PDGFRB,ZEB1,0
ZEB1,PECAM1,0
PECAM1,ZEB1,0
ZEB1,KDR,0
KDR,ZEB1,0
GRIA1,GABRA1,0
GABRA1,GRIA1,0
IFNGR1,CXCR3,0
IFNGR1,CCR2,0
CD68,KDR,0
CD68,VWF,0
CD68,P2RY12,0
CD68,CCR2,0
CCR2,CD68,0
CX3CR1,CD68,0
CD68,CX3CR1,0
CD68,ACTA2,0
ACTA2,CD68,0
VWF,CD68,0
CD68,CASP1,0
CCR2,IFNGR1,0
CASP1,CD68,0
MBP,CD68,0
CD68,MBP,0
SPP1,CD68,0
CD68,SPP1,0
CXCR4,CD68,0
CD68,CXCR4,0
KDR,CD68,0
P2RY12,CD68,0
CD68,PECAM1,0
PECAM1,CD68,0
CD68,CSF1R,0
TREM2,IFNGR1,0
IFNGR1,TREM2,0
IFNGR1,CASP1,0
CASP1,IFNGR1,0
IFNGR1,CXCR4,0
CXCR4,IFNGR1,0
IFNGR1,CSF1R,0
CSF1R,IFNGR1,0
CD68,AIF1,0
AIF1,CD68,0
TREM2,CD68,0
CD68,TREM2,0
GFAP,CD68,0
CD68,GFAP,0
ITGAM,CD68,0
CD68,ITGAM,0
CSF1R,CD68,0
TSC1,MYC,0
MYC,TSC1,0
MYC,MMP3,0
E2F3,CDK2,0
CDK2,CCNB1,0
CCNB1,CDK2,0
CDK6,CDK2,0
CDK2,CDK6,0
E2F1,CDK2,0
CDK2,E2F1,0
E2F2,CDK2,0
CDK2,E2F2,0
CDK2,E2F3,0
CDKN1B,CDK2,0
FOXO1,CDK2,0
CDK2,FOXO1,0
CDK2,ATM,0
ATM,CDK2,0
FOXO4,CDK2,0
CDK2,FOXO4,0
CDK2,BRCA2,0
BRCA2,CDK2,0
CDK2,CDKN1B,0
CCND1,CDK2,0
DDIT3,ATG5,0
DDIT3,ATF2,0
GADD45A,DDIT3,0
DDIT3,GADD45A,0
DDIT3,CREB1,0
CREB1,DDIT3,0
DDIT3,CHAC1,0
CHAC1,DDIT3,0
DDIT3,ATG7,0
ATG7,DDIT3,0
ATF2,DDIT3,0
CDK2,CCND1,0
CDKN1A,CDK2,0
CDK2,CDKN1A,0
CDK2,CCNA2,0
CCNA2,CDK2,0
FOXO3,CDK2,0
CDK2,FOXO3,0
CDK2,CCNE1,0
CCNE1,CDK2,0
CDK2,ATR,0
ATR,CDK2,0
CDKN2B,CDK2,0
ABCC2,GCLC,0
CDK2,FANCD2,0
CREB1,CDK2,0
CDK2,CREB1,0
CDK2,BECN1,0
BECN1,CDK2,0
FN1,CDK2,0
CDK2,FN1,0
GCLC,ABCC2,0
GOT1,CDO1,0
CDK2,CDKN2B,0
CDO1,GOT1,0
GOT1,GCLM,0
GCLM,GOT1,0
GOT1,GCLC,0
GCLC,GOT1,0
GOT1,CBS,0
CBS,GOT1,0
FOXO1,ADIPOQ,0
FANCD2,CDK2,0
ATF2,CDK2,0
CDK2,ATF2,0
CDK2,HDAC1,0
H2AX,CDK2,0
CDK2,H2AX,0
CDKN2A,CDK2,0
CDK2,CDKN2A,0
CHEK1,CDK2,0
CDK2,CHEK1,0
HSP90AA1,CDK2,0
CDK2,HSP90AA1,0
EP300,CDK2,0
CDK2,EP300,0
GADD45A,CDK2,0
CDK2,GADD45A,0
CHEK2,CDK2,0
CDK2,CHEK2,0
CDK2,BLM,0
BLM,CDK2,0
HDAC1,CDK2,0
ATG5,DDIT3,0
BECN1,DDIT3,0
DPP4,ADIPOQ,0
ATF3,CDKN1A,0
HSPA5,ICAM1,0
ATF4,ATF3,0
ATF3,ATF4,0
CREB1,ATF3,0
ATF3,CREB1,0
HDAC1,ATF3,0
ATF3,HDAC1,0
CDKN1A,ATF3,0
ATF3,ATF2,0
FOXO3,HSPA5,0
ATF2,ATF3,0
HSPA5,ATF3,0
ATF3,HSPA5,0
CHAC1,ATF3,0
ATF3,CHAC1,0
GADD45A,ATF3,0
ATF3,GADD45A,0
CCND1,ATF3,0
ICAM1,HSPA5,0
HSPA5,FOXO3,0
DDIT3,BECN1,0
HSPA5,IFNG,0
FN1,HSPA5,0
HSPA5,CCND1,0
CCND1,HSPA5,0
HSPA5,ATM,0
ATM,HSPA5,0
HSPA5,CHAC1,0
CHAC1,HSPA5,0
IFNG,HSPA5,0
HSPA5,CBS,0
GCLC,HSPA5,0
CBS,HSPA5,0
HSPA5,FOXO1,0
FOXO1,HSPA5,0
HSPA5,HMGB1,0
HMGB1,HSPA5,0
HSPA5,H2AX,0
H2AX,HSPA5,0
HSPA5,GCLC,0
ATF3,CCND1,0
IFNG,ATF3,0
ATF3,IFNG,0
EIF2AK3,DDIT3,0
HSPD1,FN1,0
FN1,HSPD1,0
DDIT3,ATF4,0
ATF4,DDIT3,0
DDIT3,ATF3,0
ATF3,DDIT3,0
HSPA5,DDIT3,0
DDIT3,HSPA5,0
DDIT3,EIF2AK3,0
EIF2AK3,ATF3,0
IFNG,DDIT3,0
DDIT3,IFNG,0
EIF2A,DDIT3,0
DDIT3,EIF2A,0
EP300,DDIT3,0
DDIT3,EP300,0
HDAC1,DDIT3,0
DDIT3,HDAC1,0
CRYAB,HSPD1,0
HSPD1,CRYAB,0
HMGB1,HSPD1,0
HSPD1,HMGB1,0
ATF3,EIF2AK3,0
HDAC3,ATF3,0
ATF3,HDAC3,0
CXCL10,ATF3,0
ATF3,CXCL10,0
IGFBP5,FN1,0
FN1,IGFBP5,0
IGFBP5,COL3A1,0
COL3A1,IGFBP5,0
IGFBP5,COL1A2,0
COL1A2,IGFBP5,0
HSPD1,HSP90AA1,0
HSP90AA1,HSPD1,0
HSPD1,HSPA5,0
HSPA5,HSPD1,0
IFNG,HSPD1,0
HSPD1,IFNG,0
ADIPOQ,FOXO1,0
ADIPOQ,DPP4,0
EIF2A,HSPA5,0
FOS,DDIT3,0
FOS,ATF3,0
ATF3,FOS,0
FOS,ATF2,0
ATF2,FOS,0
FOS,CREBBP,0
CREBBP,FOS,0
FOS,CCND1,0
CCND1,FOS,0
DDIT3,FOS,0
FOS,CREB1,0
FOS,ATF4,0
ATF4,FOS,0
FOS,EP300,0
EP300,FOS,0
FOS,CDKN1A,0
CDKN1A,FOS,0
FOXO1,FOS,0
FOS,FOXO1,0
CREB1,FOS,0
BAP1,CDKN2A,0
GABARAPL1,BNIP3L,0
BNIP3L,ATG3,0
BNIP3L,BNIP3,0
BNIP3,BNIP3L,0
BNIP3L,BECN1,0
BECN1,BNIP3L,0
BNIP3L,ATG5,0
ATG5,BNIP3L,0
BNIP3L,ATG7,0
ATG7,BNIP3L,0
ATG3,BNIP3L,0
CDKN2A,BAP1,0
FOXO3,BNIP3L,0
BNIP3L,FOXO3,0
H2AX,BAP1,0
BAP1,H2AX,0
BAP1,ATM,0
ATM,BAP1,0
HERC2,BAP1,0
BAP1,HERC2,0
IFNG,FOS,0
FOS,IFNG,0
FOS,CDK2,0
CDKN2A,FOS,0
ATM,FOS,0
HSP90AA1,FOS,0
FOS,HSP90AA1,0
FOS,E2F2,0
E2F2,FOS,0
FOS,CCNE1,0
CCNE1,FOS,0
FOS,CDKN2A,0
FOS,CHEK1,0
CDK2,FOS,0
CHEK1,FOS,0
FOS,CCNB1,0
CCNB1,FOS,0
HIF1A,EP300,0
EP300,HIF1A,0
HIF1A,CREBBP,0
CREBBP,HIF1A,0
HIF1A,FOXO3,0
FOS,ATM,0
FOS,ICAM1,0
ICAM1,FOS,0
CDKN1B,FOS,0
GADD45A,FOS,0
FOS,GADD45A,0
FOXO3,FOS,0
FOS,FOXO3,0
FOS,EIF2AK3,0
EIF2AK3,FOS,0
FOS,FN1,0
FN1,FOS,0
HDAC1,FOS,0
FOS,HDAC1,0
FOS,E2F1,0
E2F1,FOS,0
FOS,CCNA2,0
CCNA2,FOS,0
HSPA5,FOS,0
FOS,HSPA5,0
FOS,CDKN1B,0
BNIP3L,GABARAPL1,0
CDKN2B,CREBBP,0
IFNG,ADIPOQ,0
CREB1,CREBBP,0
ATG3,BNIP3,0
FOXO3,ATG3,0
ATG3,FOXO3,0
HSPA5,ATG3,0
ATG3,HSPA5,0
FOXO1,ATG3,0
ATG3,FOXO1,0
CREBBP,CREB1,0
EP300,CREBBP,0
ATG3,BECN1,0
CREBBP,EP300,0
CREBBP,ATF2,0
ATF2,CREBBP,0
FOXO1,CREBBP,0
CREBBP,FOXO1,0
FOXO4,CREBBP,0
CREBBP,FOXO4,0
CREBBP,CCND1,0
BNIP3,ATG3,0
BECN1,ATG3,0
CREBBP,CDKN2B,0
ADIPOQ,FN1,0
ADIPOQ,IFNG,0
ICAM1,ADIPOQ,0
ADIPOQ,ICAM1,0
CDKN1A,ADIPOQ,0
ADIPOQ,CDKN1A,0
CREB1,ADIPOQ,0
ADIPOQ,CREB1,0
FN1,ADIPOQ,0
FABP5,ADIPOQ,0
ATG3,GABARAPL1,0
ADIPOQ,FABP5,0
CXCL10,ADIPOQ,0
ADIPOQ,CXCL10,0
ATG5,ATG3,0
ATG3,ATG5,0
ATG7,ATG3,0
ATG3,ATG7,0
GABARAPL1,ATG3,0
CCND1,CREBBP,0
HDAC1,CREBBP,0
CREBBP,HDAC1,0
CREBBP,ATF3,0
HMGA1,CREBBP,0
CREBBP,HMGA1,0
CREBBP,ATM,0
ATM,CREBBP,0
CREBBP,CCNA2,0
CCNA2,CREBBP,0
CREBBP,CDK6,0
CDK6,CREBBP,0
ATF3,CREBBP,0
CREBBP,ATF4,0
IFNG,CREBBP,0
CREBBP,IFNG,0
ICAM1,CREBBP,0
CREBBP,ICAM1,0
CREBBP,CCNE1,0
CCNE1,CREBBP,0
H2AX,CREBBP,0
CREBBP,H2AX,0
CDKN1B,CREBBP,0
CREBBP,CDKN1B,0
CREBBP,HMGB1,0
HMGB1,CREBBP,0
ATF4,CREBBP,0
FOXO3,CREBBP,0
CREBBP,FOXO3,0
E2F1,CREBBP,0
CREBBP,E2F1,0
CREBBP,CCNB1,0
CCNB1,CREBBP,0
HDAC3,CREBBP,0
CREBBP,HDAC3,0
CREBBP,CDK2,0
CDK2,CREBBP,0
HSP90AA1,CREBBP,0
CREBBP,HSP90AA1,0
CREBBP,CDKN1A,0
CDKN1A,CREBBP,0
CREBBP,CDKN2A,0
CDKN2A,CREBBP,0
HSPA5,FN1,0
HSPA5,EIF2A,0
BECN1,H2AX,0
GADD45A,CHEK2,0
GADD45A,CDKN1B,0
CDKN1B,GADD45A,0
H2AX,GADD45A,0
GADD45A,H2AX,0
GADD45A,CCND1,0
CCND1,GADD45A,0
GADD45A,FOXO3,0
FOXO3,GADD45A,0
CHEK2,GADD45A,0
GADD45A,ATM,0
GADD45A,BECN1,0
BECN1,GADD45A,0
GADD45A,CHEK1,0
CHEK1,GADD45A,0
GADD45A,CCNE1,0
CCNE1,GADD45A,0
GADD45A,E2F1,0
E2F1,GADD45A,0
ATM,GADD45A,0
CDK6,GADD45A,0
ATM,ATG5,0
ICAM1,DPP4,0
FOXO4,ATG5,0
ATG5,FOXO4,0
HDAC1,ATG5,0
ATG5,HDAC1,0
GPX4,ATG5,0
ATG5,GPX4,0
FN1,DPP4,0
DPP4,FN1,0
DPP4,ICAM1,0
GADD45A,CDK6,0
DPP4,CXCL10,0
CXCL10,DPP4,0
IFNG,DPP4,0
DPP4,IFNG,0
GADD45A,CCNB1,0
CCNB1,GADD45A,0
GADD45A,CDKN1A,0
CDKN1A,GADD45A,0
GADD45A,CDKN2A,0
CDKN2A,GADD45A,0
GADD45A,FOXO1,0
BRCA2,CDKN1A,0
BRCA2,CCNE1,0
E2F1,BRCA2,0
BRCA2,E2F1,0
CDK6,BRCA2,0
BRCA2,CDK6,0
CCNB1,BRCA2,0
BRCA2,CCNB1,0
CDKN1A,BRCA2,0
CDKN2B,BRCA2,0
FOXO1,GADD45A,0
BRCA2,CDKN2B,0
HSP90AA1,BRCA2,0
BRCA2,HSP90AA1,0
CDKN1B,BRCA2,0
BRCA2,CDKN1B,0
HDAC3,HDAC1,0
HDAC1,HDAC3,0
HDAC3,FOXO3,0
CCNE1,BRCA2,0
BRCA2,CCND1,0
CCND1,BRCA2,0
BRCA2,CDKN2A,0
GADD45A,FOXO4,0
FOXO4,GADD45A,0
FANCD2,BRCA2,0
BRCA2,FANCD2,0
BRCA2,ATM,0
ATM,BRCA2,0
H2AX,BRCA2,0
BRCA2,H2AX,0
CHEK2,BRCA2,0
BRCA2,CHEK2,0
BRCA2,BLM,0
BLM,BRCA2,0
CHEK1,BRCA2,0
BRCA2,CHEK1,0
BRCA2,ATR,0
ATR,BRCA2,0
CDKN2A,BRCA2,0
ATG5,ATM,0
ATF4,ATG5,0
HDAC3,CCND1,0
CXCL10,FN1,0
CDKN2A,E2F2,0
E2F2,CDKN2B,0
CDKN2B,E2F2,0
IFNG,CXCL10,0
CXCL10,IFNG,0
ICAM1,CXCL10,0
CXCL10,ICAM1,0
FN1,CXCL10,0
CXCL10,CD74,0
ATM,E2F2,0
CD74,CXCL10,0
HMGB1,CXCL10,0
CXCL10,HMGB1,0
CDO1,CBS,0
CBS,CDO1,0
HERC2,FBXL5,0
FBXL5,HERC2,0
FTH1,FBXL5,0
E2F2,CDKN2A,0
E2F2,ATM,0
ATG5,ATF4,0
CDK6,E2F2,0
E2F1,E2F2,0
E2F3,E2F2,0
E2F2,E2F3,0
E2F2,CCNE1,0
CCNE1,E2F2,0
E2F2,CCND1,0
CCND1,E2F2,0
E2F2,CDK6,0
E2F2,CDKN1A,0
CCNB1,E2F2,0
CDKN1A,E2F2,0
E2F2,CDKN1B,0
CDKN1B,E2F2,0
HDAC1,E2F2,0
E2F2,HDAC1,0
FOXO3,E2F2,0
E2F2,FOXO3,0
E2F2,CCNB1,0
FBXL5,FTH1,0
FBXL5,CHEK1,0
CHEK1,FBXL5,0
CREB1,ATG5,0
ATG7,ATG5,0
ATG5,ATG7,0
BECN1,ATG5,0
ATG5,BECN1,0
BNIP3,ATG5,0
ATG5,BNIP3,0
FOXO3,ATG5,0
ATG5,FOXO3,0
ATG5,CREB1,0
FBXL5,CCNB1,0
FOXO1,ATG5,0
ATG5,FOXO1,0
HSP90AA1,ATG5,0
ATG5,HSP90AA1,0
IFNG,ATG5,0
ATG5,IFNG,0
HMGB1,ATG5,0
ATG5,HMGB1,0
ACSL3,GPX4,0
GPX4,ACSL3,0
E2F1,FANCD2,0
FANCD2,E2F1,0
CCNB1,FBXL5,0
FANCD2,ATM,0
ATM,FANCD2,0
H2AX,FANCD2,0
FANCD2,H2AX,0
FOXO3,FANCD2,0
FANCD2,FOXO3,0
FANCD2,ATR,0
ATR,FANCD2,0
FANCD2,CHEK1,0
CHEK1,FANCD2,0
FANCD2,BLM,0
BLM,FANCD2,0
FANCD2,CHEK2,0
CHEK2,FANCD2,0
FANCD2,CCNB1,0
CCNB1,FANCD2,0
FOXO3,HDAC3,0
CCND1,HDAC3,0
DPP4,HSPA5,0
CDKN2A,CCNA2,0
H2AX,CCNA2,0
CCNA2,H2AX,0
HDAC1,CCNA2,0
CCNA2,HDAC1,0
CCND1,CCNA2,0
CCNA2,CCND1,0
FANCD2,CCNA2,0
CCNA2,FANCD2,0
CCNA2,CDKN2A,0
CHEK2,CCNA2,0
CREB1,CCNA2,0
CCNA2,CREB1,0
FOXO3,CCNA2,0
CCNA2,FOXO3,0
CDKN2B,CCNA2,0
CCNA2,CDKN2B,0
CCNA2,ATF2,0
ATF2,CCNA2,0
CCNA2,CHEK2,0
BRCA2,CCNA2,0
E2F1,CCNA2,0
E2F2,CCNA2,0
CDKN1B,CCNA2,0
CCNA2,CDKN1B,0
CDK6,CCNA2,0
CCNA2,CDK6,0
CDKN1A,CCNA2,0
CCNA2,CDKN1A,0
CCNE1,CCNA2,0
CCNA2,CCNE1,0
CCNA2,E2F2,0
CCNA2,BRCA2,0
E2F3,CCNA2,0
CCNA2,E2F3,0
CCNB1,CCNA2,0
CCNA2,CCNB1,0
CHEK1,CCNA2,0
CCNA2,CHEK1,0
CCNA2,ATM,0
ATM,CCNA2,0
EP300,CCNA2,0
CCNA2,EP300,0
GADD45A,CCNA2,0
ATG5,HSPA5,0
GPX4,HSPA5,0
HSPA5,ATF4,0
ATF4,HSPA5,0
HSPA5,BECN1,0
BECN1,HSPA5,0
HSPA5,CRYAB,0
CRYAB,HSPA5,0
HSPA5,ATG5,0
HSPA5,CREB1,0
CCNA2,GADD45A,0
CREB1,HSPA5,0
HSPA5,ACSL4,0
ACSL4,HSPA5,0
HSPA5,ATF2,0
ATF2,HSPA5,0
HSPA5,ATG7,0
ATG7,HSPA5,0
HSPA5,DPP4,0
HSPA5,GPX4,0
HSP90AA1,HSPA5,0
HSPA5,HSP90AA1,0
EIF2AK3,HSPA5,0
HMGA2,CCNA2,0
CCNA2,HMGA2,0
HSP90AA1,CCNA2,0
CCNA2,HSP90AA1,0
FN1,CCNA2,0
CCNA2,FN1,0
FABP5,ACSL3,0
ACSL3,FABP5,0
GPX4,CHAC1,0
CHAC1,GPX4,0
CHAC1,ATF4,0
ATF4,CHAC1,0
GSS,CHAC1,0
CHAC1,GSS,0
CHAC1,ACSL4,0
ACSL4,CHAC1,0
HSPA5,EIF2AK3,0
CCNA2,E2F1,0
EIF2A,EIF2AK3,0
HDAC3,EP300,0
CCND1,EIF2AK3,0
CBS,EIF2AK3,0
EIF2AK3,CDKN1B,0
CDKN1B,EIF2AK3,0
EIF2AK3,BECN1,0
BECN1,EIF2AK3,0
EIF2AK3,ATG5,0
ATG5,EIF2AK3,0
EIF2AK3,CCND1,0
HSP90AA1,EIF2AK3,0
CREB1,EIF2AK3,0
EIF2AK3,HSP90AA1,0
EIF2AK3,CDKN1A,0
CDKN1A,EIF2AK3,0
GPX4,ACSL4,0
ACSL4,GPX4,0
ACSL4,ACSL3,0
ACSL3,ACSL4,0
FTH1,ACSL4,0
EIF2AK3,CBS,0
EIF2AK3,CREB1,0
EIF2AK3,EIF2A,0
GCLC,GPX4,0
EP300,HDAC3,0
HDAC3,H2AX,0
H2AX,HDAC3,0
GSS,GCLC,0
GCLC,GSS,0
GCLC,CDO1,0
CDO1,GCLC,0
GPX4,GCLC,0
GCLC,CBS,0
ATF4,EIF2AK3,0
CBS,GCLC,0
GCLC,FTH1,0
FTH1,GCLC,0
GCLC,BECN1,0
BECN1,GCLC,0
GCLC,ABCC1,0
ABCC1,GCLC,0
EIF2AK3,ATF4,0
ACSL4,FTH1,0
GABARAPL1,ATG7,0
ATG7,GABARAPL1,0
GCLM,CDO1,0
DPP4,CD38,0
CD38,DPP4,0
FN1,CD38,0
CD38,FN1,0
GCLM,GCLC,0
GCLC,GCLM,0
GSS,GCLM,0
GCLM,GSS,0
CDO1,GCLM,0
GABARAPL1,ATG5,0
GPX4,GCLM,0
GCLM,GPX4,0
GCLM,FTH1,0
FTH1,GCLM,0
GCLM,CBS,0
CBS,GCLM,0
EIF2A,ATF4,0
ATF4,EIF2A,0
CD38,ICAM1,0
ICAM1,CD38,0
CD38,CXCL10,0
CXCL10,CD38,0
ATG5,GABARAPL1,0
GABARAPL1,BECN1,0
BECN1,GABARAPL1,0
GABARAPL1,BNIP3,0
BNIP3,GABARAPL1,0
GABARAPL1,FOXO3,0
FOXO3,GABARAPL1,0
GABARAPL1,FOXO1,0
FOXO1,GABARAPL1,0
COL3A1,COL1A2,0
COL1A2,COL3A1,0
FN1,COL1A2,0
COL1A2,FN1,0
IFNG,CD38,0
CD38,IFNG,0
CD74,CD38,0
CD38,CD74,0
FOXO3,HIF1A,0
HSP90AA1,HIF1A,0
HIF1A,HSP90AA1,0
BRD4,HIF1A,0
ATM,BRD4,0
CDKN2A,BRD4,0
BRD4,CDKN2A,0
CHEK1,BRD4,0
BRD4,CHEK1,0
CDK2,BRD4,0
BRD4,CDK2,0
HIF1A,BRD4,0
HSP90AA1,AKT1,0
BRCA1,BRD4,0
AKT1,HSP90AA1,0
FOXO1,AKT1,0
AKT1,FOXO1,0
FOXO3,AKT1,0
AKT1,FOXO3,0
CDKN1B,AKT1,0
AKT1,CDKN1B,0
BRCA1,AKT1,0
BRD4,ATM,0
BRD4,BRCA1,0
BRD4,FOXO1,0
BRD4,CDK6,0
BRD4,CREBBP,0
H2AX,BRD4,0
BRD4,H2AX,0
HDAC2,BRD4,0
BRD4,HDAC2,0
CREB1,BRD4,0
BRD4,CREB1,0
CDK6,BRD4,0
CDK4,BRD4,0
BRD4,E2F2,0
BRD4,CDK4,0
CCND1,BRD4,0
BRD4,CCND1,0
E2F3,BRD4,0
BRD4,E2F3,0
HSP90AA1,BRD4,0
BRD4,HSP90AA1,0
E2F2,BRD4,0
AKT1,BRCA1,0
FOXO4,AKT1,0
AKT1,FOXO4,0
ATG5,AKT1,0
CREBBP,AKT1,0
AKT1,CREBBP,0
FN1,AKT1,0
AKT1,FN1,0
HDAC1,AKT1,0
AKT1,HDAC1,0
IFNG,AKT1,0
AKT1,IFNG,0
AKT1,ATG5,0
CDKN1A,AKT1,0
ATG7,AKT1,0
AKT1,ATG7,0
ATM,AKT1,0
AKT1,ATM,0
FOS,AKT1,0
AKT1,FOS,0
CCNE1,AKT1,0
AKT1,CCNE1,0
AKT1,HMOX1,0
HMOX1,AKT1,0
AKT1,ATF2,0
ATF2,AKT1,0
AKT1,CDKN1A,0
HSPB1,AKT1,0
AKT1,HSPB1,0
CREB1,AKT1,0
AKT1,CREB1,0
HSPA5,AKT1,0
AKT1,HSPA5,0
HIF1A,AKT1,0
AKT1,HIF1A,0
CCND1,AKT1,0
AKT1,CCND1,0
EP300,AKT1,0
AKT1,EP300,0
BECN1,AKT1,0
AKT1,BECN1,0
ATF4,AKT1,0
AKT1,ATF4,0
CREBBP,BRD4,0
FOXO1,BRD4,0
ADIPOQ,AKT1,0
HMOX1,CDKN1A,0
HMOX1,ATG5,0
ATG5,HMOX1,0
HMOX1,FOS,0
FOS,HMOX1,0
HSP90AA1,HMOX1,0
HMOX1,HSP90AA1,0
HMOX1,CXCL10,0
CXCL10,HMOX1,0
CDKN1A,HMOX1,0
HMOX1,GADD45A,0
HMOX1,ATG7,0
ATG7,HMOX1,0
HMOX1,ACSL4,0
ACSL4,HMOX1,0
HMOX1,H2AX,0
H2AX,HMOX1,0
HSPB1,HSP90AA1,0
HSP90AA1,HSPB1,0
GADD45A,HMOX1,0
FOXO1,HMOX1,0
BRD4,FOXO3,0
HMOX1,FN1,0
HMOX1,CREB1,0
CREB1,HMOX1,0
HMOX1,ADIPOQ,0
ADIPOQ,HMOX1,0
HMOX1,ATF4,0
ATF4,HMOX1,0
HMOX1,ALOX15,0
ALOX15,HMOX1,0
FN1,HMOX1,0
HMOX1,FOXO1,0
HMOX1,FOXO3,0
FOXO3,HMOX1,0
HMOX1,DDIT3,0
DDIT3,HMOX1,0
HMOX1,ATF3,0
ATF3,HMOX1,0
HMOX1,CCND1,0
CCND1,HMOX1,0
HSPB1,CRYAB,0
CRYAB,HSPB1,0
HSPD1,HSPB1,0
CD74,GDF15,0
ATF3,GDF15,0
HSPB1,GDF15,0
GDF15,HSPB1,0
GDF15,CDKN1A,0
CDKN1A,GDF15,0
GDF15,GADD45A,0
GADD45A,GDF15,0
GDF15,CD74,0
IGFBP3,GDF15,0
HSPB1,HSPD1,0
GDF15,IGFBP3,0
EP300,BRD4,0
BRD4,EP300,0
HDAC1,BRD4,0
BRD4,HDAC1,0
E2F1,BRD4,0
BRD4,E2F1,0
FOXO3,BRD4,0
GDF15,ATF3,0
ATF2,HSPB1,0
HSPB1,ATF2,0
CCND1,HSPB1,0
HSPB1,HSPA5,0
HSPA5,HSPB1,0
HSPB1,ATM,0
ATM,HSPB1,0
HSPB1,HMOX1,0
HMOX1,HSPB1,0
HSPB1,BECN1,0
BECN1,HSPB1,0
HSPB1,CREB1,0
CREB1,HSPB1,0
HSPB1,ATF3,0
ATF3,HSPB1,0
HSPB1,CDKN1A,0
CDKN1A,HSPB1,0
HSPB1,HIF1A,0
HIF1A,HSPB1,0
HSPB1,CCND1,0
AKT1,ADIPOQ,0
CDKN2A,AKT1,0
HIF1A,HDAC1,0
CCL2,ICAM1,0
ALOX12,ALOX15,0
GPX4,ALOX12,0
ALOX12,GPX4,0
ALOX12,ACSL4,0
ACSL4,ALOX12,0
CXCL10,CCL2,0
CCL2,CXCL10,0
ICAM1,CCL2,0
IFNG,CCL2,0
ALOX12,ALOX5,0
CCL2,IFNG,0
FN1,CCL2,0
CCL2,FN1,0
CCL2,ADIPOQ,0
ADIPOQ,CCL2,0
CCL2,ATF3,0
ATF3,CCL2,0
CCL2,AKT1,0
ALOX15,ALOX12,0
ALOX5,ALOX12,0
COL1A1,FN1,0
CDKN1A,COL1A1,0
AKT1,COL1A1,0
IGFBP3,COL1A1,0
COL1A1,IGFBP3,0
FOS,COL1A1,0
COL1A1,FOS,0
CXCL10,COL1A1,0
COL1A1,CXCL10,0
COL1A1,CDKN1A,0
IGFBP5,COL1A1,0
CCND1,COL1A1,0
COL1A1,IGFBP5,0
HIF1A,COL1A1,0
COL1A1,HIF1A,0
IFNG,COL1A1,0
COL1A1,IFNG,0
COL1A1,CDKN2A,0
CDKN2A,COL1A1,0
COL1A1,CCND1,0
AKT1,CCL2,0
HIF1A,CCL2,0
CCL2,HIF1A,0
CD38,CCL2,0
COL1A2,CCL2,0
CCL2,COL1A2,0
CDKN1A,CCL2,0
CCL2,CDKN1A,0
CDKN2A,CCL2,0
CCL2,CDKN2A,0
HSPA5,CCL2,0
CCL2,HSPA5,0
CCL2,CD38,0
HMOX1,CCL2,0
IGFBP3,CCL2,0
CCL2,IGFBP3,0
DDIT3,CCL2,0
CCL2,DDIT3,0
FOXO1,CCL2,0
CCL2,FOXO1,0
CCL2,ALOX15,0
ALOX15,CCL2,0
CCL2,GDF15,0
GDF15,CCL2,0
CCL2,GADD45B,0
GADD45B,CCL2,0
CCL2,HMOX1,0
DPP4,CCL2,0
CCL2,DPP4,0
HMGB1,CCL2,0
CCL2,HMGB1,0
COL1A1,CCL2,0
CCL2,COL1A1,0
FOS,CCL2,0
CCL2,FOS,0
COL3A1,CCL2,0
CCL2,COL3A1,0
CCND1,CCL2,0
CCL2,CCND1,0
CD74,CCL2,0
CCL2,CD74,0
CREB1,CCL2,0
CCL2,CREB1,0
COL1A1,AKT1,0
FN1,COL1A1,0
AKT1,CDKN2A,0
ATF3,AKT1,0
BRCA2,AKT1,0
AKT1,BRCA2,0
DPP4,AKT1,0
AKT1,DPP4,0
CXCL10,AKT1,0
AKT1,CXCL10,0
ATG3,AKT1,0
AKT1,ATG3,0
AKT1,ATF3,0
HDAC2,AKT1,0
CHEK2,AKT1,0
AKT1,CHEK2,0
DDIT3,AKT1,0
AKT1,DDIT3,0
COL1A2,AKT1,0
AKT1,COL1A2,0
CDKN2B,AKT1,0
AKT1,CDKN2B,0
AKT1,HDAC2,0
AKT1,CDK4,0
COL1A1,COL3A1,0
E2F1,AKT1,0
IGFBP3,AKT1,0
AKT1,IGFBP3,0
CCNB1,AKT1,0
AKT1,CCNB1,0
CCNA2,AKT1,0
AKT1,CCNA2,0
ICAM1,AKT1,0
AKT1,ICAM1,0
AKT1,E2F1,0
CDK4,AKT1,0
H2AX,AKT1,0
AKT1,H2AX,0
CD38,AKT1,0
AKT1,CD38,0
HMGB1,AKT1,0
AKT1,HMGB1,0
BNIP3,AKT1,0
AKT1,BNIP3,0
E2F3,AKT1,0
AKT1,E2F3,0
BRD4,AKT1,0
AKT1,BNIP3L,0
AKT1,GPX4,0
CD74,AKT1,0
AKT1,CD74,0
HSPD1,AKT1,0
AKT1,HSPD1,0
GCLM,AKT1,0
AKT1,GCLM,0
BNIP3L,AKT1,0
GABARAP,AKT1,0
AKT1,BRD4,0
AKT1,GABARAP,0
ATR,AKT1,0
AKT1,ATR,0
COL3A1,AKT1,0
AKT1,COL3A1,0
COL1A2,COL1A1,0
COL1A1,COL1A2,0
COL3A1,COL1A1,0
GPX4,AKT1,0
AKT1,IGFBP5,0
IGFBP5,AKT1,0
AKT1,E2F2,0
FABP5,AKT1,0
AKT1,FABP5,0
AKT1,ABCC1,0
ABCC1,AKT1,0
GCLC,AKT1,0
AKT1,GCLC,0
GDF15,AKT1,0
AKT1,GDF15,0
CBS,AKT1,0
AKT1,CBS,0
GADD45A,AKT1,0
AKT1,GADD45A,0
HDAC3,AKT1,0
AKT1,HDAC3,0
HMGA2,AKT1,0
AKT1,HMGA2,0
E2F2,AKT1,0
BECN1,HMOX1,0
HMOX1,BECN1,0
HMGB1,HMOX1,0
HDAC2,E2F1,0
HDAC2,FOXO1,0
FOXO1,HDAC2,0
HDAC2,CREB1,0
CREB1,HDAC2,0
HIF1A,HDAC2,0
HDAC2,HIF1A,0
HSP90AA1,HDAC2,0
HDAC2,HSP90AA1,0
E2F1,HDAC2,0
HDAC2,FOS,0
HDAC2,CDKN1A,0
CDKN1A,HDAC2,0
HDAC2,ATR,0
ATR,HDAC2,0
HDAC2,CCND1,0
CCND1,HDAC2,0
HDAC2,ATM,0
ATM,HDAC2,0
FOS,HDAC2,0
BAP1,HDAC2,0
IGFBP3,CCND1,0
HDAC3,HDAC2,0
IGFBP3,CDKN1A,0
CDKN1A,IGFBP3,0
IGFBP3,HIF1A,0
HIF1A,IGFBP3,0
IGFBP3,GADD45A,0
GADD45A,IGFBP3,0
HDAC2,HDAC1,0
HDAC1,HDAC2,0
HDAC2,HDAC3,0
HDAC2,BAP1,0
HDAC2,FOXO3,0
FOXO3,HDAC2,0
HDAC2,EP300,0
EP300,HDAC2,0
HDAC2,CREBBP,0
CREBBP,HDAC2,0
HDAC2,H2AX,0
H2AX,HDAC2,0
HDAC2,ATF3,0
ATF3,HDAC2,0
HDAC2,CDK2,0
ATG5,GABARAP,0
BNIP3,GABARAP,0
GABARAP,BNIP3L,0
BNIP3L,GABARAP,0
GABARAP,ATG7,0
ATG7,GABARAP,0
GABARAP,ATG3,0
ATG3,GABARAP,0
GABARAP,ATG5,0
GABARAPL1,GABARAP,0
CDK2,HDAC2,0
GABARAP,GABARAPL1,0
GABARAP,BECN1,0
BECN1,GABARAP,0
HMGB1,GABARAP,0
GABARAP,HMGB1,0
GABARAP,FOXO3,0
FOXO3,GABARAP,0
BRCA1,ATM,0
GABARAP,BNIP3,0
ALOX15,IFNG,0
IFNG,ALOX15,0
ACSL4,ALOX15,0
HDAC2,CDKN2A,0
CDKN2A,HDAC2,0
HMGA2,HDAC2,0
HDAC2,HMGA2,0
HDAC2,DDIT3,0
DDIT3,HDAC2,0
IFNG,HDAC2,0
HDAC2,IFNG,0
HDAC2,CCNA2,0
CCNA2,HDAC2,0
HDAC2,CDKN1B,0
CDKN1B,HDAC2,0
ALOX5,ALOX15,0
ALOX15,ALOX5,0
GPX4,ALOX15,0
ALOX15,GPX4,0
ALOX15,ACSL4,0
CCND1,IGFBP3,0
CXCL10,IGFBP3,0
HMOX1,HMGB1,0
ATG5,HIF1A,0
E2F1,HIF1A,0
HIF1A,CDKN1A,0
CDKN1A,HIF1A,0
HIF1A,ATF4,0
ATF4,HIF1A,0
HIF1A,ATM,0
ATM,HIF1A,0
HIF1A,ATG5,0
HIF1A,CDK2,0
CDKN2A,HIF1A,0
CDK2,HIF1A,0
HSPA5,HIF1A,0
HIF1A,HSPA5,0
HIF1A,FOS,0
FOS,HIF1A,0
HIF1A,ATG7,0
ATG7,HIF1A,0
HMGB1,HIF1A,0
HIF1A,E2F1,0
HIF1A,CDKN2A,0
IGFBP3,CXCL10,0
CCND1,HIF1A,0
HDAC1,HIF1A,0
HIF1A,FOXO1,0
FOXO1,HIF1A,0
HIF1A,CREB1,0
CREB1,HIF1A,0
HIF1A,BNIP3,0
BNIP3,HIF1A,0
HIF1A,CCND1,0
IFNG,HIF1A,0
HIF1A,ICAM1,0
HIF1A,IFNG,0
HIF1A,FN1,0
FN1,HIF1A,0
HIF1A,BNIP3L,0
BNIP3L,HIF1A,0
HIF1A,BECN1,0
BECN1,HIF1A,0
ICAM1,HIF1A,0
HIF1A,HMGB1,0
HIF1A,CDKN2B,0
CDKN2B,HIF1A,0
HIF1A,CD38,0
HIF1A,GPX4,0
GPX4,HIF1A,0
HIF1A,DDIT3,0
DDIT3,HIF1A,0
HIF1A,CHEK1,0
CHEK1,HIF1A,0
HIF1A,ABCC1,0
ABCC1,HIF1A,0
CD38,HIF1A,0
HIF1A,CDKN1B,0
IGFBP5,IGFBP3,0
IGFBP3,IGFBP5,0
IGFBP3,FN1,0
FN1,IGFBP3,0
IGFBP3,HSPA5,0
HSPA5,IGFBP3,0
IGFBP3,ADIPOQ,0
ADIPOQ,IGFBP3,0
CCNA2,HIF1A,0
HIF1A,CCNA2,0
FOXO4,HIF1A,0
HIF1A,FOXO4,0
CDKN1B,HIF1A,0
HIF1A,CXCL10,0
CXCL10,HIF1A,0
HIF1A,ADIPOQ,0
ADIPOQ,HIF1A,0
HIF1A,CCNE1,0
CCNE1,HIF1A,0
HIF1A,CDK6,0
CDK6,HIF1A,0
HIF1A,H2AX,0
H2AX,HIF1A,0
HIF1A,ATF3,0
ATF3,HIF1A,0
HIF1A,HDAC3,0
HDAC3,HIF1A,0
HIF1A,CCNB1,0
CCNB1,HIF1A,0
ATM,BRCA1,0
BRCA2,BRCA1,0
BRCA1,BRCA2,0
ATR,CDK4,0
BRCA2,CDK4,0
E2F3,CDK4,0
CDK4,E2F3,0
E2F2,CDK4,0
CDK4,E2F2,0
CHEK1,CDK4,0
CDK4,CHEK1,0
CDK4,ATR,0
HDAC1,CDK4,0
CDK4,H2AX,0
CDK4,HDAC1,0
HIF1A,CDK4,0
CDK4,HIF1A,0
CDK4,BLM,0
BLM,CDK4,0
GADD45A,CDK4,0
CDK4,GADD45A,0
CHEK2,CDK4,0
CDK4,BRCA2,0
H2AX,CDK4,0
FANCD2,BRCA1,0
CDK4,CDKN2A,0
CCNA2,CDK4,0
CDK4,CCNE1,0
CCNE1,CDK4,0
CDK6,CDK4,0
CDK4,CDK6,0
CDK4,CDK2,0
CDK2,CDK4,0
CDKN2A,CDK4,0
HSP90AA1,CDK4,0
ATM,CDK4,0
CDK4,HSP90AA1,0
CDK4,BRCA1,0
BRCA1,CDK4,0
E2F1,CDK4,0
CDK4,E2F1,0
CDK4,CCNB1,0
CCNB1,CDK4,0
CDK4,ATM,0
CDK4,CHEK2,0
FOXO3,CDK4,0
CDK4,FOXO3,0
HMOX1,HIF1A,0
HMOX1,GCLC,0
GCLC,HMOX1,0
HMOX1,GCLM,0
GCLM,HMOX1,0
HMOX1,GPX4,0
GPX4,HMOX1,0
HMOX1,FTH1,0
FTH1,HMOX1,0
HIF1A,HMOX1,0
FOXO1,CDK4,0
ICAM1,HMOX1,0
HMOX1,ICAM1,0
IFNG,HMOX1,0
HMOX1,IFNG,0
HSPA5,HMOX1,0
HMOX1,HSPA5,0
HMOX1,CBS,0
CBS,HMOX1,0
CDK4,HMGB1,0
HMGB1,CDK4,0
CDK4,CREB1,0
CREB1,CDK4,0
CDK4,FOXO1,0
CREBBP,CDK4,0
CDK4,CREBBP,0
HMGA2,CDK4,0
CDK4,HMGA2,0
HDAC2,CDK4,0
CDK4,HDAC2,0
FOS,CDK4,0
CDK4,FOS,0
EP300,CDK4,0
CDK4,EP300,0
HSPA5,CDK4,0
CDK4,HSPA5,0
FN1,CDK4,0
CDK4,FN1,0
CDK4,BECN1,0
BECN1,CDK4,0
CDK4,CCNA2,0
CDK4,CDKN1B,0
CDKN1B,CDK4,0
HERC2,BRCA1,0
CCNA2,BRCA1,0
BRCA1,CCNA2,0
HDAC2,BRCA1,0
BRCA1,HDAC2,0
E2F1,BRCA1,0
BRCA1,E2F1,0
CCND1,BRCA1,0
BRCA1,CCND1,0
BRCA1,HERC2,0
BRCA1,CDKN2A,0
CCNB1,BRCA1,0
BRCA1,CCNB1,0
CDKN1A,BRCA1,0
BRCA1,CDKN1A,0
CCNE1,BRCA1,0
BRCA1,CCNE1,0
HSP90AA1,BRCA1,0
BRCA1,HSP90AA1,0
BRCA1,HDAC1,0
HDAC1,BRCA1,0
BRCA1,CDK2,0
CDK2,BRCA1,0
BRCA1,FANCD2,0
H2AX,BRCA1,0
BRCA1,H2AX,0
CHEK2,BRCA1,0
BRCA1,CHEK2,0
BRCA1,ATR,0
ATR,BRCA1,0
CHEK1,BRCA1,0
BRCA1,CHEK1,0
BRCA1,BAP1,0
BAP1,BRCA1,0
CREBBP,BRCA1,0
BRCA1,CREBBP,0
EP300,BRCA1,0
BRCA1,EP300,0
BRCA1,BLM,0
BLM,BRCA1,0
CDKN2A,BRCA1,0
FOXO3,BRCA1,0
CCND1,CDK4,0
CDKN1A,GADD45B,0
ATF2,BRCA1,0
CREB1,BRCA1,0
BRCA1,CREB1,0
GADD45B,CCNB1,0
CCNB1,GADD45B,0
GADD45B,GADD45A,0
GADD45A,GADD45B,0
GADD45B,CDKN1A,0
GADD45B,ATF3,0
BRCA1,FOXO3,0
ATF3,GADD45B,0
GADD45B,FOS,0
FOS,GADD45B,0
CDKN2B,CDK4,0
CDK4,CDKN2B,0
CDKN1A,CDK4,0
CDK4,CDKN1A,0
CDK4,CCND1,0
BRCA1,ATF2,0
BECN1,BRCA1,0
BRCA1,BECN1,0
BRCA1,FOS,0
FOXO1,BRCA1,0
BRCA1,FOXO1,0
CDK6,BRCA1,0
BRCA1,CDK6,0
GADD45A,BRCA1,0
BRCA1,GADD45A,0
HIF1A,BRCA1,0
BRCA1,HIF1A,0
CDKN1B,BRCA1,0
BRCA1,CDKN1B,0
CDKN2B,BRCA1,0
BRCA1,CDKN2B,0
E2F2,BRCA1,0
BRCA1,E2F2,0
E2F3,BRCA1,0
BRCA1,E2F3,0
FOS,BRCA1,0
E2F2,E2F1,0
H2AX,BECN1,0
MMP3,MYC,0
PTEN,TSC2,0
IL18,MMP13,0
SNAI1,MMP13,0
MMP13,SNAI1,0
PTEN,MDM2,0
MDM2,PTEN,0
PTEN,MTOR,0
MTOR,PTEN,0
TSC2,PTEN,0
STAT3,PTEN,0
MMP13,SIRT1,0
PTEN,STAT3,0
RPS6KB1,PTEN,0
PTEN,RPS6KB1,0
PTEN,MYC,0
MYC,PTEN,0
SIRT1,PTEN,0
PTEN,SIRT1,0
TSC1,PTEN,0
MMP13,IL18,0
SIRT1,MMP13,0
IL1A,MMP13,0
MMP13,SERPINE1,0
MMP13,MMP9,0
MMP13,IL10,0
IL10,MMP13,0
STAT1,MMP13,0
MMP13,STAT1,0
VEGFA,MMP13,0
MMP13,VEGFA,0
SERPINE1,MMP13,0
RELA,MMP13,0
MMP13,MMP2,0
MMP13,RELA,0
MMP13,MAPK3,0
MAPK3,MMP13,0
TLR4,MMP13,0
MMP13,TLR4,0
VCAM1,MMP13,0
MMP13,VCAM1,0
MMP2,MMP13,0
PTEN,TSC1,0
PTEN,MAPK3,0
MAPK3,PTEN,0
PTEN,MAPK1,0
PTEN,MMP9,0
MMP9,PTEN,0
PTEN,IL1B,0
IL1B,PTEN,0
PTEN,MAPK8,0
MAPK8,PTEN,0
PTEN,NFE2L2,0
NFE2L2,PTEN,0
MAPK1,PTEN,0
PTEN,JUN,0
PTGS2,PTEN,0
PTEN,PTGS2,0
PTEN,KEAP1,0
KEAP1,PTEN,0
TLR4,PTEN,0
PTEN,TLR4,0
PTEN,MMP2,0
MMP2,PTEN,0
JAK2,PTEN,0
PTEN,JAK2,0
PTEN,VEGFA,0
VEGFA,PTEN,0
JUN,PTEN,0
PTEN,PARP1,0
PARP1,PTEN,0
TERT,PTEN,0
PTEN,TERT,0
SNAI1,PTEN,0
PTEN,SNAI1,0
PTEN,IL10,0
IL10,PTEN,0
PTEN,IL6,0
IL6,PTEN,0
RB1,PTEN,0
PTEN,RB1,0
PTEN,MDM4,0
MDM4,PTEN,0
TNF,PTEN,0
PTEN,TNF,0
MMP9,MMP13,0
MMP13,IL1A,0
PTEN,STAT1,0
IRF1,IL10,0
MIF,IL10,0
IL10,MIF,0
NLRP3,IL10,0
IL10,NLRP3,0
SELE,IL10,0
IL10,SELE,0
MAPK3,IL10,0
IL10,MAPK3,0
IL10,IRF1,0
NFKB1,IL10,0
MMP2,IL10,0
IL10,MMP2,0
RELA,IL10,0
IL10,RELA,0
NFE2L2,IL10,0
IL10,NFE2L2,0
SERPINE1,IL10,0
IL10,SERPINE1,0
IL10,NFKB1,0
IL10,JUN,0
JUN,MMP13,0
VEGFA,IL10,0
JAK2,IL10,0
IL10,JAK2,0
STAT1,IL10,0
IL10,STAT1,0
TNFRSF1A,IL10,0
IL10,TNFRSF1A,0
PTGS2,IL10,0
IL10,PTGS2,0
IL10,VEGFA,0
JUN,IL10,0
MTOR,IL10,0
IL10,MTOR,0
TIMP1,IL10,0
IL10,TIMP1,0
MMP3,IL10,0
IL10,MMP3,0
VCAM1,IL10,0
IL10,VCAM1,0
SIRT1,IL10,0
IL10,SIRT1,0
TIMP2,IL10,0
IL6,MMP13,0
MMP13,TIMP2,0
TIMP1,MMP13,0
MMP13,TIMP1,0
MMP3,MMP13,0
MMP13,MMP3,0
MMP13,IL1B,0
IL1B,MMP13,0
MMP13,IL6,0
TNF,MMP13,0
IL10,TIMP2,0
MMP13,TNF,0
PTGS2,MMP13,0
MMP13,PTGS2,0
MMP13,MMP10,0
MMP10,MMP13,0
STAT3,MMP13,0
MMP13,STAT3,0
MMP13,JUN,0
TIMP2,MMP13,0
IL10,PARP1,0
PARP1,IL10,0
IL10,NOX4,0
MYC,IL10,0
IL10,MYC,0
TFRC,IL10,0
IL10,TFRC,0
MAPK8,IL10,0
IL10,MAPK8,0
KEAP1,IL10,0
IL10,KEAP1,0
PPARGC1A,IL10,0
IL10,PPARGC1A,0
SOD1,IL10,0
IL10,SOD1,0
S100A8,IL10,0
IL10,S100A8,0
RPS6KB1,IL10,0
IL10,RPS6KB1,0
NOX4,IL10,0
STAT1,PTEN,0
PTEN,PRKAA1,0
MMP9,IL10,0
MAPK14,MYC,0
IL10,MAPK14,0
RELA,MAPK14,0
MAPK14,RELA,0
SELE,MAPK14,0
MAPK14,SELE,0
SIRT1,MAPK14,0
MAPK14,SIRT1,0
MYC,MAPK14,0
NFKB1,MAPK14,0
MAPK14,NFE2L2,0
MAPK14,NFKB1,0
NOX4,MAPK14,0
MAPK14,NOX4,0
PARP1,MAPK14,0
MAPK14,PARP1,0
VCAM1,MAPK14,0
MAPK14,VCAM1,0
MAPK14,IL1A,0
MAPK14,IL10,0
NFE2L2,MAPK14,0
MAPK14,TNF,0
MAPK14,TLR4,0
IL6,MAPK14,0
MAPK14,IL1B,0
IL1B,MAPK14,0
VEGFA,MAPK14,0
MAPK14,VEGFA,0
STAT1,MAPK14,0
MAPK14,STAT1,0
TLR4,MAPK14,0
STAT3,MAPK14,0
MAPK14,PTEN,0
MAPK14,STAT3,0
PTGS2,MAPK14,0
MAPK14,PTGS2,0
MTOR,MAPK14,0
MAPK14,MTOR,0
MMP9,MAPK14,0
MAPK14,MMP9,0
PTEN,MAPK14,0
IL1A,MAPK14,0
MAPK14,KEAP1,0
KEAP1,MAPK14,0
TSC2,MAPK14,0
TIMP1,MAPK14,0
MAPK14,TIMP1,0
NLRP3,MAPK14,0
MAPK14,NLRP3,0
MDM2,MAPK14,0
MAPK14,MDM2,0
MMP2,MAPK14,0
MAPK14,MMP2,0
MAPK14,TSC2,0
MMP13,MAPK14,0
TFAM,MAPK14,0
MAPK14,TFAM,0
MAPK14,IRF1,0
IRF1,MAPK14,0
TERT,MAPK14,0
MAPK14,TERT,0
TIMP2,MAPK14,0
MAPK14,TIMP2,0
MAPK14,SOD1,0
SOD1,MAPK14,0
MAP1LC3B,MAPK14,0
MAPK14,MAP1LC3B,0
MAPK14,MMP13,0
MAPK14,IL18,0
IL18,MAPK14,0
TNFRSF1A,MAPK14,0
MAPK14,TNFRSF1A,0
SNAI1,MAPK14,0
MAPK14,SNAI1,0
MMP3,MAPK14,0
MAPK14,MMP3,0
RB1,MAPK14,0
MAPK14,RB1,0
SERPINE1,MAPK14,0
MAPK14,SERPINE1,0
SQSTM1,MAPK14,0
MAPK14,SQSTM1,0
MAPK14,LMNB1,0
LMNB1,MAPK14,0
MAPK14,IL6,0
TNF,MAPK14,0
PRKAA1,PTEN,0
VCAM1,PTEN,0
PTEN,PRKAA2,0
PRKAA2,PTEN,0
SIRT6,PTEN,0
PTEN,SIRT6,0
SERPINE1,PTEN,0
PTEN,SERPINE1,0
TIMP1,PTEN,0
PTEN,TIMP1,0
PTEN,VCAM1,0
PTEN,PRKDC,0
PTEN,PRNP,0
PRNP,PTEN,0
VDAC3,VDAC2,0
VDAC2,VDAC3,0
TIMP1,MMP12,0
MMP12,TIMP1,0
TIMP2,MMP12,0
MMP12,TIMP2,0
PRKDC,PTEN,0
MAP1LC3A,PTEN,0
MAPK14,MAPK8,0
SQSTM1,PTEN,0
PTEN,MAP1LC3B,0
MAP1LC3B,PTEN,0
PTEN,PPARGC1A,0
PPARGC1A,PTEN,0
RELA,PTEN,0
PTEN,RELA,0
RAD51,PTEN,0
PTEN,RAD51,0
PTEN,SQSTM1,0
PTEN,MAP1LC3A,0
TERF1,PTEN,0
PTEN,TERF1,0
PTEN,NOX4,0
NOX4,PTEN,0
PTEN,MMP3,0
MMP3,PTEN,0
PTEN,NFKB1,0
NFKB1,PTEN,0
MMP3,MMP12,0
MMP12,MMP3,0
TNF,MMP12,0
JUN,MAPK14,0
MMP12,STAT3,0
PTGS2,MMP12,0
MMP12,PTGS2,0
TLR4,MMP12,0
MMP12,TLR4,0
VEGFA,MMP12,0
MMP12,VEGFA,0
MAPK14,JUN,0
PPARGC1A,MAPK14,0
MMP12,TNF,0
MAPK14,PPARGC1A,0
MAPK14,MAPK1,0
MAPK1,MAPK14,0
MAPK3,MAPK14,0
MAPK14,MAPK3,0
MAX,MAPK14,0
MAPK14,MAX,0
MAPK8,MAPK14,0
STAT3,MMP12,0
JUN,MMP12,0
MMP12,JUN,0
MMP12,SERPINE1,0
MMP12,IL1B,0
IL1B,MMP12,0
MMP12,IL6,0
IL6,MMP12,0
MMP9,MMP12,0
MMP12,MMP9,0
MMP13,MMP12,0
MMP12,MMP13,0
MMP12,IL10,0
IL10,MMP12,0
MMP12,MMP10,0
MMP10,MMP12,0
MMP12,IL1A,0
IL1A,MMP12,0
MMP2,MMP12,0
MMP12,MMP2,0
SERPINE1,MMP12,0
IL10,MMP9,0
IL10,STAT3,0
FOXO3,H2AX,0
SIRT6,TERT,0
MDM4,TERT,0
VEGFA,TERT,0
TERT,VEGFA,0
TERT,JAK2,0
JAK2,TERT,0
TERT,JUN,0
JUN,TERT,0
TERT,SIRT6,0
TERT,NFE2L2,0
MAPK3,TERT,0
NFE2L2,TERT,0
TERT,SNAI1,0
SNAI1,TERT,0
XRCC1,TERT,0
TERT,XRCC1,0
RAD50,NBN,0
NBN,RAD50,0
RAD51,RAD50,0
TERT,MDM4,0
TERT,MAPK3,0
STAT3,TERT,0
RPS6KB1,TERT,0
PRKDC,TERT,0
TERT,SIRT1,0
SIRT1,TERT,0
TERT,RELA,0
RELA,TERT,0
TSC1,TERT,0
TERT,TSC1,0
TERT,RPS6KB1,0
TERT,RAD51,0
LIG4,TERT,0
RAD51,TERT,0
TERT,PARP1,0
PARP1,TERT,0
TNF,TERT,0
TERT,TNF,0
TERT,IL6,0
IL6,TERT,0
TERT,LIG4,0
RAD50,RAD51,0
WRN,RAD50,0
RAD50,WRN,0
NBN,MDM2,0
MDM2,IRF1,0
IRF1,MDM2,0
MDM2,JUN,0
JUN,MDM2,0
MYC,MDM2,0
MDM2,MYC,0
SNAI1,MDM2,0
MDM2,SNAI1,0
MDM2,NBN,0
RAD50,LIG3,0
PARP1,MDM2,0
MDM2,PARP1,0
RELA,MDM2,0
MDM2,RELA,0
TERT,MDM2,0
MDM2,TERT,0
MTOR,MDM2,0
MDM2,MTOR,0
MDM2,RB1,0
RB1,MDM2,0
MDM2,MDM4,0
MDM4,MDM2,0
LIG3,RAD50,0
RAD50,PRKDC,0
PRKDC,RAD50,0
XRCC1,RAD50,0
RAD50,XRCC1,0
RAD50,LIG4,0
LIG4,RAD50,0
TERT,RAD50,0
RAD50,TERT,0
RAD50,PARP1,0
PARP1,RAD50,0
TERF2,RAD50,0
RAD50,TERF2,0
RAD50,PCNA,0
PCNA,RAD50,0
RAD50,MAPK8,0
MAPK8,RAD50,0
TERT,PRKDC,0
TERT,STAT3,0
MDM2,RPS6KB1,0
TLR4,MAPK8,0
MAPK8,IL6,0
IL6,MAPK8,0
MAPK8,IL1B,0
IL1B,MAPK8,0
TNF,MAPK8,0
MAPK8,TNF,0
STAT3,MAPK8,0
MAPK8,STAT3,0
MAPK8,TLR4,0
RELA,MAPK8,0
PTGS2,MAPK8,0
MAPK8,PTGS2,0
MTOR,MAPK8,0
MAPK8,MTOR,0
SIRT1,MAPK8,0
MAPK8,SIRT1,0
NFE2L2,MAPK8,0
MAPK8,NFE2L2,0
MAPK8,RELA,0
MAPK8,NFKB1,0
MTOR,TERT,0
SQSTM1,MYC,0
MYC,IRF1,0
IRF1,MYC,0
VCAM1,MYC,0
MYC,VCAM1,0
WRN,MYC,0
MYC,WRN,0
TERF1,MYC,0
MYC,TERF1,0
MYC,SQSTM1,0
NFKB1,MAPK8,0
SIRT1,RB1,0
RB1,SIRT1,0
RB1,MDM4,0
MDM4,RB1,0
RB1,MYC,0
MYC,RB1,0
MAPK8,JUN,0
JUN,MAPK8,0
STAT1,MAPK8,0
MAPK8,STAT1,0
MAPK8,JAK2,0
TFRC,VDAC2,0
MAPK8,SQSTM1,0
PPARGC1A,MAPK8,0
MAPK8,PPARGC1A,0
VDAC2,NCOA4,0
NCOA4,VDAC2,0
VDAC2,SLC7A11,0
SLC7A11,VDAC2,0
VDAC2,TFRC,0
TERT,TERF1,0
JAK2,MAPK8,0
TERF1,TERT,0
TERT,TERF2,0
TERF2,TERT,0
TERT,MYC,0
MYC,TERT,0
WRN,TERT,0
TERT,WRN,0
TERT,MTOR,0
SQSTM1,MAPK8,0
KEAP1,MAPK8,0
MAPK8,KEAP1,0
IL1A,MAPK8,0
MYC,MAPK8,0
MAPK8,MYC,0
NBN,MAPK8,0
MAPK8,NBN,0
PARP1,MAPK8,0
MAPK8,PARP1,0
TNFRSF1A,MAPK8,0
MAPK8,TNFRSF1A,0
MAPK8,MAPK3,0
MAPK3,MAPK8,0
MAPK8,MAPK1,0
MAPK1,MAPK8,0
MAPK8,MAP1LC3B,0
MAP1LC3B,MAPK8,0
MAPK8,IL18,0
IL18,MAPK8,0
MAPK8,IL1A,0
RPS6KB1,MDM2,0
STAT3,MDM2,0
STAT3,IL10,0
MMP9,PPARGC1A,0
MMP9,SQSTM1,0
NLRP3,MMP9,0
MMP9,NLRP3,0
MMP9,KEAP1,0
KEAP1,MMP9,0
SOD1,MMP9,0
MMP9,SOD1,0
PPARGC1A,MMP9,0
MMP9,MAPK1,0
MIF,MMP9,0
MAPK1,MMP9,0
TERT,MMP9,0
MMP9,TERT,0
TIMP2,MMP2,0
MMP2,TIMP2,0
TIMP2,MMP9,0
MMP9,TIMP2,0
TIMP2,MMP3,0
SQSTM1,MMP9,0
MMP9,MIF,0
MMP9,SIRT1,0
MMP9,PARP1,0
MMP9,MTOR,0
NFE2L2,MMP9,0
MMP9,NFE2L2,0
NFKB1,MMP9,0
MMP9,NFKB1,0
MMP9,MMP10,0
MMP10,MMP9,0
PARP1,MMP9,0
NOX4,MMP9,0
MMP9,RPS6KB1,0
MMP9,NOX4,0
PRNP,MMP9,0
MMP9,PRNP,0
MMP9,MDM2,0
MDM2,MMP9,0
S100A8,MMP9,0
MMP9,S100A8,0
RPS6KB1,MMP9,0
MMP3,TIMP2,0
TIMP2,MMP10,0
MMP10,TIMP2,0
IL6,IL10,0
TIMP2,MAPK3,0
MAPK3,TIMP2,0
VCAM1,TIMP2,0
TIMP2,VCAM1,0
TIMP2,STAT3,0
STAT3,TIMP2,0
IL1B,IL10,0
IL10,IL1B,0
IL10,IL6,0
TIMP2,IL6,0
TNF,IL10,0
IL10,TNF,0
IL1A,IL10,0
IL10,IL1A,0
TLR4,IL10,0
IL10,TLR4,0
IL18,IL10,0
IL10,IL18,0
JUN,TIMP2,0
TIMP2,JUN,0
SIRT1,TIMP2,0
TIMP2,SIRT1,0
IL6,TIMP2,0
TIMP2,IGFBP7,0
IGFBP7,TIMP2,0
TIMP2,TIMP1,0
TIMP1,TIMP2,0
VEGFA,TIMP2,0
TIMP2,VEGFA,0
TNF,TIMP2,0
TIMP2,TNF,0
TIMP2,IL1B,0
IL1B,TIMP2,0
TIMP2,SERPINE1,0
SERPINE1,TIMP2,0
TIMP2,PTGS2,0
PTGS2,TIMP2,0
TIMP2,IL1A,0
IL1A,TIMP2,0
MTOR,MMP9,0
SIRT1,MMP9,0
MDM2,STAT3,0
STAT1,MDM2,0
PTGS2,MDM2,0
MDM2,PTGS2,0
PRKAA1,MDM2,0
MDM2,PRKAA1,0
SIRT6,MDM2,0
MDM2,SIRT6,0
MDM2,KEAP1,0
KEAP1,MDM2,0
MDM2,STAT1,0
SESN2,MDM2,0
NFE2L2,MDM2,0
MDM2,NFE2L2,0
TSC1,MDM2,0
MDM2,TSC1,0
TIMP1,MMP9,0
MMP9,TIMP1,0
VEGFA,MMP9,0
MMP9,VEGFA,0
MDM2,SESN2,0
IL6,MDM2,0
MMP9,STAT1,0
PRKDC,MDM2,0
SIRT1,MDM2,0
MDM2,SIRT1,0
NFKB1,MDM2,0
MDM2,NFKB1,0
MDM2,LIG4,0
LIG4,MDM2,0
TNF,MDM2,0
MDM2,TNF,0
MDM2,PRKDC,0
MDM2,IL6,0
TSC2,MDM2,0
MDM2,TSC2,0
MDM2,JAK2,0
JAK2,MDM2,0
VEGFA,MDM2,0
MDM2,VEGFA,0
MDM2,MAPK3,0
MAPK3,MDM2,0
MMP9,MMP3,0
MMP3,MMP9,0
MMP9,MMP2,0
MMP9,SELE,0
MAPK3,MMP9,0
MYC,MMP9,0
MMP9,MYC,0
TNFRSF1A,MMP9,0
MMP9,TNFRSF1A,0
MMP9,IL1A,0
IL1A,MMP9,0
SELE,MMP9,0
MMP9,JAK2,0
MMP2,MMP9,0
JAK2,MMP9,0
RELA,MMP9,0
MMP9,RELA,0
MMP9,IL18,0
IL18,MMP9,0
MMP9,MAPK8,0
MAPK8,MMP9,0
STAT1,MMP9,0
MMP9,MAPK3,0
MMP9,VCAM1,0
VCAM1,MMP9,0
JUN,MMP9,0
MMP9,IL1B,0
IL1B,MMP9,0
TLR4,MMP9,0
MMP9,TLR4,0
TNF,MMP9,0
MMP9,TNF,0
MMP9,IL6,0
IL6,MMP9,0
STAT3,MMP9,0
MMP9,STAT3,0
SERPINE1,MMP9,0
MMP9,SERPINE1,0
PTGS2,MMP9,0
MMP9,PTGS2,0
SNAI1,MMP9,0
MMP9,SNAI1,0
MMP9,JUN,0
TSC1,MAPK14,0
MAPK14,TSC1,0
PRNP,MAPK14,0
CDKN1B,CCND1,0
HDAC1,CHEK2,0
CHEK2,HDAC1,0
CHEK2,CDKN2B,0
CDKN2B,CHEK2,0
HSP90AA1,CHEK2,0
CHEK2,HSP90AA1,0
CDKN1B,CDK6,0
CDK6,CDKN1B,0
CCND1,CDKN1B,0
CHEK2,CDK6,0
CDKN1B,CCNE1,0
CCNE1,CDKN1B,0
CDKN1B,CDKN1A,0
CDKN1A,CDKN1B,0
CDKN1B,CCNB1,0
CCNB1,CDKN1B,0
E2F1,CDKN1B,0
CDKN1B,E2F1,0
CDK6,CHEK2,0
CHEK2,HERC2,0
CHEK2,ATR,0
CHEK2,BLM,0
CHEK2,CHEK1,0
CHEK1,CHEK2,0
CHEK2,CCNB1,0
CCNB1,CHEK2,0
CHEK2,CCNE1,0
CCNE1,CHEK2,0
CHEK2,CDKN1A,0
CDKN1A,CHEK2,0
BLM,CHEK2,0
HERC2,CHEK2,0
FOXO3,CHEK2,0
CHEK2,FOXO3,0
CHEK2,CDKN2A,0
CDKN2A,CHEK2,0
E2F1,CHEK2,0
CHEK2,E2F1,0
CHEK2,CCND1,0
CCND1,CHEK2,0
CDKN2B,CDKN1B,0
CDKN1B,CDKN2B,0
FOXO3,CDKN1B,0
ATM,IFNG,0
CD74,IFNG,0
IFNG,CCND1,0
CCND1,IFNG,0
IFNG,HSP90AA1,0
HSP90AA1,IFNG,0
IFNG,BECN1,0
BECN1,IFNG,0
IFNG,ATM,0
IFNG,FOXO3,0
CDKN1B,FOXO3,0
FOXO3,IFNG,0
IFNG,CDKN2A,0
CDKN2A,IFNG,0
IFNG,HDAC1,0
HDAC1,IFNG,0
IFNG,CDKN1A,0
CDKN1A,IFNG,0
IFNG,ATG7,0
IFNG,CD74,0
HMGB1,IFNG,0
IFNG,HMGB1,0
ICAM1,IFNG,0
CDKN1B,ATM,0
ATM,CDKN1B,0
E2F3,CDKN1B,0
CDKN1B,E2F3,0
CDKN2A,CDKN1B,0
CDKN1B,CDKN2A,0
CHEK2,CDKN1B,0
CDKN1B,CHEK2,0
HDAC1,CDKN1B,0
CDKN1B,HDAC1,0
EP300,CDKN1B,0
CDKN1B,EP300,0
CHEK1,CDKN1B,0
CDKN1B,CHEK1,0
HSP90AA1,CDKN1B,0
CDKN1B,HSP90AA1,0
IFNG,ICAM1,0
ATR,CHEK2,0
ATM,CHEK2,0
IFNG,CDKN1B,0
CBS,GSS,0
HMGB1,ICAM1,0
HMGB1,HDAC1,0
HDAC1,HMGB1,0
HMGB1,ATG7,0
ATG7,HMGB1,0
GSS,GPX4,0
GPX4,GSS,0
GSS,CBS,0
CDK6,CCNB1,0
HMGB1,HSP90AA1,0
CCNB1,CDK6,0
CDKN1A,CCNB1,0
CCNB1,CDKN1A,0
CHEK1,CCNB1,0
CCNB1,CHEK1,0
CCNE1,CCNB1,0
CCNB1,CCNE1,0
E2F1,CCNB1,0
ICAM1,HMGB1,0
HSP90AA1,HMGB1,0
CHEK2,ATM,0
CCND1,CRYAB,0
BECN1,CCND1,0
FOXO3,CCND1,0
CCND1,FOXO3,0
CHEK1,CCND1,0
CCND1,CHEK1,0
HMGA2,CCND1,0
CCND1,HMGA2,0
CRYAB,CCND1,0
CCND1,ATG7,0
BECN1,HMGB1,0
ATG7,CCND1,0
ICAM1,CCND1,0
CCND1,ICAM1,0
ICAM1,CD74,0
CD74,ICAM1,0
ICAM1,CDKN1A,0
CDKN1A,ICAM1,0
HMGB1,BECN1,0
CCNB1,E2F1,0
CCNB1,ATR,0
ATR,CCNB1,0
HSP90AA1,EP300,0
EP300,ATF4,0
ATF4,EP300,0
EP300,CCND1,0
CCND1,EP300,0
EP300,ATM,0
ATM,EP300,0
EP300,E2F1,0
E2F1,EP300,0
EP300,HSP90AA1,0
CCND1,CCNB1,0
EP300,CDKN1A,0
CDKN1A,EP300,0
EP300,CDKN2A,0
CDKN2A,EP300,0
EP300,CDK6,0
CDK6,EP300,0
EP300,CDKN2B,0
CDKN2B,EP300,0
EP300,FOXO3,0
FOXO3,EP300,0
EP300,HDAC1,0
HDAC1,EP300,0
CCNB1,CCND1,0
CCNB1,ATM,0
ATM,CCNB1,0
CDKN2A,CCNB1,0
CCNB1,CDKN2A,0
E2F3,CCNB1,0
CCNB1,E2F3,0
HDAC1,CCNB1,0
CCNB1,HDAC1,0
FOXO3,CCNB1,0
CCNB1,FOXO3,0
CDKN2B,CCNB1,0
CCNB1,CDKN2B,0
HSP90AA1,CCNB1,0
CCNB1,HSP90AA1,0
CCNB1,BECN1,0
BECN1,CCNB1,0
ATG7,IFNG,0
CDKN1B,IFNG,0
MAPK14,PRNP,0
HMGB1,FN1,0
FN1,COL3A1,0
COL3A1,FN1,0
ICAM1,FN1,0
FN1,ICAM1,0
IFNG,FN1,0
FN1,IFNG,0
FN1,CCND1,0
CCND1,FN1,0
FN1,HMGB1,0
HMGA1,FOXO1,0
FN1,CDKN2A,0
CDKN2A,FN1,0
FN1,CREB1,0
CREB1,FN1,0
HSP90AA1,FN1,0
FN1,HSP90AA1,0
FN1,CDKN1A,0
CDKN1A,FN1,0
FOXO1,HMGA1,0
CCNE1,FOXO1,0
FOXO1,CDKN1B,0
FOXO4,FOXO1,0
HSP90AA1,FOXO1,0
FOXO1,HSP90AA1,0
FOXO1,BECN1,0
BECN1,FOXO1,0
FOXO1,ATF4,0
ATF4,FOXO1,0
FOXO1,BNIP3,0
BNIP3,FOXO1,0
FOXO1,FOXO4,0
FOXO1,CCNE1,0
IFNG,FOXO1,0
FOXO1,IFNG,0
FOXO1,CCNB1,0
CCNB1,FOXO1,0
FOXO1,CDK6,0
CDK6,FOXO1,0
FOXO1,CDKN2A,0
CDKN2A,FOXO1,0
HMGA2,FN1,0
FN1,HMGA2,0
FN1,CCNE1,0
H2AX,HSP90AA1,0
CCNE1,H2AX,0
H2AX,E2F1,0
E2F1,H2AX,0
HERC2,H2AX,0
H2AX,HERC2,0
H2AX,CCND1,0
CCND1,H2AX,0
HSP90AA1,H2AX,0
H2AX,CDK6,0
CCNE1,FN1,0
CDK6,H2AX,0
H2AX,CDKN1B,0
CDKN1B,H2AX,0
HMGA2,H2AX,0
H2AX,HMGA2,0
HMGB1,H2AX,0
H2AX,HMGB1,0
H2AX,FOXO3,0
H2AX,CCNE1,0
CDKN2A,H2AX,0
H2AX,CDKN2A,0
CDKN1A,H2AX,0
FN1,CDKN1B,0
CDKN1B,FN1,0
H2AX,ATM,0
ATM,H2AX,0
H2AX,CCNB1,0
CCNB1,H2AX,0
H2AX,CHEK2,0
CHEK2,H2AX,0
H2AX,ATR,0
ATR,H2AX,0
H2AX,BLM,0
BLM,H2AX,0
H2AX,CHEK1,0
CHEK1,H2AX,0
HDAC1,H2AX,0
H2AX,HDAC1,0
H2AX,CDKN1A,0
CDKN1B,FOXO1,0
CDKN1A,FOXO1,0
EP300,CREB1,0
BECN1,CREB1,0
CREB1,ICAM1,0
CREB1,CDKN1A,0
CDKN1A,CREB1,0
CREB1,CDKN1B,0
CDKN1B,CREB1,0
HMGB1,CREB1,0
CREB1,HMGB1,0
CREB1,BECN1,0
FOXO4,EP300,0
CREB1,HSP90AA1,0
EP300,FOXO4,0
FOXO4,FOXO3,0
FOXO3,FOXO4,0
FOXO4,CDKN1B,0
CDKN1B,FOXO4,0
FOXO4,ATG7,0
ATG7,FOXO4,0
FOXO4,CDKN1A,0
ICAM1,CREB1,0
HSP90AA1,CREB1,0
FOXO1,CDKN1A,0
CCND1,CREB1,0
CREB1,EP300,0
CREB1,ATF4,0
ATF4,CREB1,0
FTH1,CREB1,0
CREB1,FTH1,0
HDAC1,CREB1,0
CREB1,HDAC1,0
CREB1,CCND1,0
FOXO3,CREB1,0
CDKN2A,CREB1,0
CREB1,FOXO3,0
E2F1,CREB1,0
CREB1,E2F1,0
IFNG,CREB1,0
CREB1,IFNG,0
CREB1,ATM,0
ATM,CREB1,0
CREB1,CDKN2A,0
CDKN1A,FOXO4,0
FOXO4,BNIP3,0
BNIP3,FOXO4,0
FOXO1,EP300,0
CDKN2A,ATF2,0
ATF2,CDKN2A,0
FOXO1,ATG7,0
ATG7,FOXO1,0
FOXO3,FOXO1,0
FOXO1,FOXO3,0
FOXO1,CREB1,0
CREB1,FOXO1,0
EP300,FOXO1,0
HSP90AA1,FOXO4,0
FOXO1,CCND1,0
CCND1,FOXO1,0
HDAC1,FOXO1,0
FOXO1,HDAC1,0
FOXO1,E2F1,0
E2F1,FOXO1,0
FOXO1,ATM,0
ATM,FOXO1,0
ATF2,ATM,0
ATM,ATF2,0
ATF2,CCND1,0
CCND1,ATF2,0
FOXO4,HSP90AA1,0
FOXO4,ATM,0
ATM,FOXO4,0
FOXO4,BECN1,0
BECN1,FOXO4,0
FOXO4,CCND1,0
CCND1,FOXO4,0
CREB1,ATF2,0
ATF2,CREB1,0
EP300,ATF2,0
ATF2,EP300,0
ATF4,ATF2,0
ATF2,ATF4,0
HMGA1,ATF2,0
ATF2,HMGA1,0
HDAC1,ATF2,0
ATF2,HDAC1,0
CCND1,BECN1,0
ATM,CCND1,0
CCND1,ATM,0
IL1B,PLIN2,0
TERT,TGFB1,0
TGFB1,IGFBP7,0
IGFBP7,TGFB1,0
PNPLA2,PLIN2,0
PLIN2,PNPLA2,0
SQSTM1,PLIN2,0
PLIN2,SQSTM1,0
PLIN2,IL1B,0
PRKAA2,PLIN2,0
RPS6KB1,TGFB1,0
PLIN2,PRKAA2,0
PLIN2,LPIN1,0
LPIN1,PLIN2,0
PPARGC1A,PLIN2,0
PLIN2,PPARGC1A,0
TNF,PLIN2,0
PLIN2,TNF,0
PLIN2,IL6,0
TGFB1,TERT,0
TGFB1,RPS6KB1,0
NFKB1,TGFB1,0
PPARGC1A,TGFB1,0
TGFB1,TSC2,0
TGFB1,S100A8,0
S100A8,TGFB1,0
TGFB1,MAPK8,0
MAPK8,TGFB1,0
TGFB1,SELE,0
SELE,TGFB1,0
TGFB1,PPARGC1A,0
TGFB1,RELA,0
MIF,TGFB1,0
RELA,TGFB1,0
TGFB1,NLRP3,0
NLRP3,TGFB1,0
TGFB1,KEAP1,0
KEAP1,TGFB1,0
TGFB1,MMP10,0
MMP10,TGFB1,0
TGFB1,MIF,0
IL6,PLIN2,0
PLIN2,MAP1LC3B,0
MAP1LC3B,PLIN2,0
CDK6,ATR,0
BLM,ATR,0
ATR,BLM,0
CHEK1,BLM,0
BLM,CHEK1,0
CDKN1A,CDK6,0
CDK6,CDKN1A,0
CHEK1,CDK6,0
CDK6,CHEK1,0
ATR,CDK6,0
MNT,MAX,0
CDK6,ATM,0
ATM,CDK6,0
HMGA2,CDK6,0
CDK6,HMGA2,0
HMGA2,CHEK1,0
CHEK1,HMGA2,0
HMGA2,ATM,0
ATM,HMGA2,0
ATM,BLM,0
BLM,ATM,0
ATM,HERC2,0
HERC2,ATM,0
MAX,MNT,0
MYC,MNT,0
MNT,MYC,0
CDKN1A,ATM,0
ATM,CDKN1A,0
ATR,ATM,0
ATM,ATR,0
CDKN1A,ATR,0
ATR,CDKN1A,0
CHEK1,ATR,0
ATR,CHEK1,0
CHEK1,ATM,0
ATM,CHEK1,0
CHEK1,CDKN1A,0
CDKN1A,CHEK1,0
ATM,ATG7,0
ATG7,ATM,0
TSC2,TGFB1,0
TGFB1,NFKB1,0
BNIP3,CCND1,0
TIMP1,TGFB1,0
TGFB1,IL1B,0
IL1B,TGFB1,0
TGFB1,MMP9,0
MMP9,TGFB1,0
TGFB1,IL10,0
IL10,TGFB1,0
TGFB1,STAT3,0
STAT3,TGFB1,0
TGFB1,TIMP1,0
TGFB1,IL6,0
TGFB1,SERPINE1,0
SERPINE1,TGFB1,0
TGFB1,SNAI1,0
SNAI1,TGFB1,0
TGFB1,MMP2,0
MMP2,TGFB1,0
VEGFA,TGFB1,0
TGFB1,VEGFA,0
IL6,TGFB1,0
TGFB1,TNF,0
TGFB1,TNFRSF1A,0
STEAP3,LPCAT3,0
SAT1,LPCAT3,0
LPCAT3,SAT1,0
NCOA4,LPCAT3,0
LPCAT3,NCOA4,0
SLC3A2,LPCAT3,0
LPCAT3,SLC3A2,0
SLC7A11,LPCAT3,0
LPCAT3,SLC7A11,0
LPCAT3,STEAP3,0
TNF,TGFB1,0
TFRC,LPCAT3,0
LPCAT3,TFRC,0
SLC40A1,LPCAT3,0
LPCAT3,SLC40A1,0
VDAC2,LPCAT3,0
LPCAT3,VDAC2,0
NFE2L2,LPCAT3,0
LPCAT3,NFE2L2,0
TGFB1,MAPK3,0
MAPK3,TGFB1,0
TGFB1,MAPK14,0
MMP12,TGFB1,0
PTEN,TGFB1,0
TGFB1,IL18,0
IL18,TGFB1,0
TGFB1,SIRT1,0
SIRT1,TGFB1,0
TGFB1,MTOR,0
MTOR,TGFB1,0
TGFB1,MMP12,0
TGFB1,NFE2L2,0
MAPK14,TGFB1,0
NFE2L2,TGFB1,0
TGFB1,JAK2,0
JAK2,TGFB1,0
TGFB1,STAT1,0
STAT1,TGFB1,0
TGFB1,SQSTM1,0
SQSTM1,TGFB1,0
TNFRSF1A,TGFB1,0
TGFB1,PTEN,0
PTGS2,TGFB1,0
TGFB1,PTGS2,0
TGFB1,VCAM1,0
TGFB1,MMP13,0
MMP13,TGFB1,0
TGFB1,JUN,0
JUN,TGFB1,0
TLR4,TGFB1,0
TGFB1,TLR4,0
TGFB1,MMP3,0
MMP3,TGFB1,0
TGFB1,MYC,0
MYC,TGFB1,0
TIMP2,TGFB1,0
TGFB1,TIMP2,0
TGFB1,IL1A,0
IL1A,TGFB1,0
TGFB1,NOX4,0
NOX4,TGFB1,0
VCAM1,TGFB1,0
BECN1,ATG7,0
ATG7,BECN1,0
BECN1,ATM,0
HDAC1,CDKN2B,0
E2F1,CDKN2B,0
CDKN2B,E2F1,0
CDKN2B,CCNE1,0
CCNE1,CDKN2B,0
CHEK1,CDKN2B,0
CDKN2B,CHEK1,0
CDKN2B,ATM,0
ATM,CDKN2B,0
CDKN2B,HDAC1,0
CDKN2B,CDKN1A,0
E2F3,CDKN2B,0
CDKN2B,E2F3,0
GPX4,FTH1,0
FTH1,GPX4,0
GPX4,CBS,0
CBS,GPX4,0
GPX4,BECN1,0
BECN1,GPX4,0
CDKN1A,CDKN2B,0
CDKN2A,CDKN2B,0
ATM,BECN1,0
E2F1,CHEK1,0
E2F1,CDKN1A,0
CDKN1A,E2F1,0
E2F1,CDK6,0
CDK6,E2F1,0
E2F1,CDKN2A,0
CDKN2A,E2F1,0
E2F1,ATM,0
ATM,E2F1,0
CHEK1,E2F1,0
CDKN2B,CDKN2A,0
HMGA2,E2F1,0
E2F1,HMGA2,0
E2F1,ATG7,0
ATG7,E2F1,0
HMGA1,E2F1,0
E2F1,HMGA1,0
CDKN2B,CDK6,0
CDK6,CDKN2B,0
GPX4,ATF4,0
ATF4,GPX4,0
HSP90AA1,CRYAB,0
CCND1,CCNE1,0
CCND1,CDK6,0
CDKN1A,CCND1,0
CCND1,CDKN1A,0
CDKN2B,CCND1,0
CCND1,CDKN2B,0
E2F1,CCND1,0
CCND1,E2F1,0
CCNE1,CCND1,0
CDKN2A,CCND1,0
CRYAB,HSP90AA1,0
CCND1,CDKN2A,0
E2F3,CCND1,0
CCND1,E2F3,0
HDAC1,CCND1,0
CCND1,HDAC1,0
HSP90AA1,CCND1,0
CCND1,HSP90AA1,0
CCND1,BNIP3,0
CDK6,CCND1,0
E2F1,HSP90AA1,0
HSP90AA1,E2F1,0
ATG7,HSP90AA1,0
HSP90AA1,CDKN1A,0
CDKN1A,HSP90AA1,0
HSP90AA1,ATM,0
ATM,HSP90AA1,0
HSP90AA1,CHEK1,0
CHEK1,HSP90AA1,0
HSP90AA1,HDAC1,0
HDAC1,HSP90AA1,0
HSP90AA1,CDK6,0
CDK6,HSP90AA1,0
HSP90AA1,BECN1,0
BECN1,HSP90AA1,0
HSP90AA1,FOXO3,0
FOXO3,HSP90AA1,0
HSP90AA1,CDKN2A,0
CDKN2A,HSP90AA1,0
HSP90AA1,ATG7,0
E2F1,E2F3,0
E2F3,E2F1,0
CCNE1,E2F1,0
ATG7,BNIP3,0
CCNE1,CDKN2A,0
HMGA2,CDKN2A,0
CDKN2A,HMGA2,0
CHEK1,CDKN2A,0
CDKN2A,CHEK1,0
BNIP3,BECN1,0
BECN1,BNIP3,0
BNIP3,ATG7,0
FOXO3,CDKN1A,0
FOXO3,CDK6,0
CDKN1A,FOXO3,0
FOXO3,ATG7,0
ATG7,FOXO3,0
FOXO3,ATM,0
ATM,FOXO3,0
FOXO3,BNIP3,0
BNIP3,FOXO3,0
FOXO3,BECN1,0
CDKN2A,CCNE1,0
ATM,CDKN2A,0
CDKN2A,ATM,0
CDKN1A,CDKN2A,0
BECN1,ATF4,0
ATF4,BECN1,0
ATG7,ATF4,0
ATF4,ATG7,0
CDK6,CCNE1,0
CCNE1,CDK6,0
CDKN1A,CCNE1,0
CCNE1,CDKN1A,0
CHEK1,CCNE1,0
CCNE1,CHEK1,0
CCNE1,ATM,0
ATM,CCNE1,0
CCNE1,ATR,0
ATR,CCNE1,0
CDKN2A,CDK6,0
CDK6,CDKN2A,0
CDKN2A,CDKN1A,0
BECN1,FOXO3,0
CDK6,FOXO3,0
E2F1,CCNE1,0
HDAC1,FOXO3,0
HDAC1,CDK6,0
CDK6,HDAC1,0
HDAC1,CDKN1A,0
CDKN1A,HDAC1,0
HDAC1,CHEK1,0
CHEK1,HDAC1,0
HMGA2,HDAC1,0
HDAC1,HMGA2,0
FOXO3,HDAC1,0
FOXO3,CDKN2A,0
HDAC1,E2F3,0
E2F3,HDAC1,0
HDAC1,BECN1,0
BECN1,HDAC1,0
HDAC1,E2F1,0
E2F1,HDAC1,0
FOXO3,E2F1,0
E2F1,FOXO3,0
CDKN2A,HDAC1,0
HDAC1,CDKN2A,0
CCNE1,HDAC1,0
HDAC1,CCNE1,0
CDKN2A,FOXO3,0
FOXO3,CCNE1,0
CCNE1,FOXO3,0
HMGA1,FOXO3,0
FOXO3,HMGA1,0
E2F3,CCNE1,0
CCNE1,E2F3,0
E2F3,CDK6,0
CDK6,E2F3,0
E2F3,CDKN1A,0
CDKN1A,E2F3,0
E2F3,ATM,0
ATM,E2F3,0
E2F3,CDKN2A,0
CDKN2A,E2F3,0
HDAC1,ATM,0
ATM,HDAC1,0
P2RY12,CX3CR1,0
