compound,gene,similarity
DFO,BRD7,0.90488744
DFO,SLAMF8,0.89882714
DFO,KDM6B,0.8981257
DFO,IRF7,0.8981257
DFO,EDN1,0.8981257
DFO,DPEP1,0.8898767
BCP,EDN1,0.88953686
BCP,IRF7,0.88953686
BCP,KDM6B,0.88953686
DFO,SPATA2,0.88915384
DFO,COX7A1,0.8888722
BCP,BRD7,0.88809466
DFO,NR1D1,0.88749075
BCP,SLAMF8,0.8851278
DFO,LPCAT3,0.8847787
DFO,ERN1,0.8838641
DFO,ACVR1B,0.88284314
DFO,MMP1,0.88249284
DFO,GMFB,0.88128215
DFO,EBF3,0.88026714
DFO,ICA1,0.879368
DFO,PDE4B,0.8792525
BCP,DPEP1,0.8791661
BCP,ICA1,0.8775032
BCP,COX7A1,0.8767372
BCP,NR1D1,0.87672573
DFO,YAP1,0.8747089
DFO,SP1,0.8736931
DFO,NOX4,0.87361217
DFO,SMURF2,0.8732439
DFO,SOCS1,0.8728248
BCP,EBF3,0.87269133
DFO,DUOX1,0.87245893
BCP,ACVR1B,0.87215996
DFO,HERPUD1,0.87192416
BCP,SPATA2,0.87158024
BCP,GMFB,0.8707193
DFO,BCL6,0.8705704
BCP,ERN1,0.8698729
DFO,MRE11,0.86974126
DFO,MEN1,0.86962926
BCP,PDE4B,0.8695112
BCP,LPCAT3,0.8691085
DFO,EPHA2,0.86794347
BCP,MMP1,0.867366
DFO,ALOX15,0.86729944
DFO,MAP3K14,0.867179
DFO,CAVIN1,0.8671643
BCP,SP1,0.86630523
Fer-1,IRF7,0.8658424
Fer-1,KDM6B,0.8658424
Fer-1,EDN1,0.8658424
DFO,MCU,0.864912
DFO,KLF6,0.86482954
DFO,PTBP1,0.86426437
DFO,IRF9,0.8641973
DFO,LGMN,0.86378074
Fer-1,BRD7,0.86317676
BCP,MRE11,0.8626311
BCP,BCL6,0.86198443
DFO,NR2F2,0.86188835
BCP,YAP1,0.86126107
DFO,DYRK1A,0.86038023
BCP,MEN1,0.8601599
Fer-1,SLAMF8,0.86006945
DFO,FOSL1,0.8598079
DFO,TNFAIP1,0.85910106
BCP,DUOX1,0.8581281
DFO,WWTR1,0.8575152
BCP,KLF6,0.8569356
BCP,NOX4,0.85620207
BCP,LOX,0.8561527
BCP,SOCS1,0.85562783
BCP,IRF9,0.8555898
BCP,EPHA2,0.8543852
BCP,PTBP1,0.8543596
BCP,MAP3K14,0.85380924
Fer-1,DPEP1,0.85353523
DFO,SNCA,0.8533867
DFO,LOX,0.8526056
BCP,HERPUD1,0.8525964
Fer-1,COX7A1,0.8515596
BCP,NR2F2,0.85126424
BCP,SMURF2,0.851108
Fer-1,NR1D1,0.8509153
BCP,CAVIN1,0.85035676
BCP,FOSL1,0.8495651
BCP,SMARCB1,0.84929544
DFO,LCN2,0.8482896
Fer-1,ICA1,0.8481349
DFO,SMARCB1,0.8477406
Fer-1,SPATA2,0.847581
Fer-1,ACVR1B,0.84654444
DFO,PADI4,0.84645134
BCP,MCU,0.8459866
DFO,TNFAIP3,0.84483
Fer-1,EBF3,0.84471667
BCP,ALOX15,0.8440447
BCP,TNFAIP1,0.84346044
Fer-1,PDE4B,0.8434284
BCP,LGMN,0.8432514
Fer-1,LPCAT3,0.8432474
BCP,WWTR1,0.8429519
Fer-1,ERN1,0.84292674
Fer-1,GMFB,0.8425581
BCP,DYRK1A,0.8418828
Fer-1,SP1,0.84105694
BCP,PADI4,0.8404374
Fer-1,MMP1,0.84022796
BCP,LCN2,0.84010834
BCP,SNCA,0.8379934
Erastin,EDN1,0.8362081
Erastin,KDM6B,0.8362081
Erastin,IRF7,0.8362081
Fer-1,BCL6,0.83425385
Lip-1,IRF7,0.83360565
Lip-1,KDM6B,0.83360565
Lip-1,EDN1,0.83360565
Fer-1,MRE11,0.8333344
BCP,TNFAIP3,0.83285874
Fer-1,YAP1,0.8326995
Lip-1,BRD7,0.8317268
Fer-1,KLF6,0.83070433
Erastin,BRD7,0.83065695
Fer-1,NOX4,0.8296794
Fer-1,MEN1,0.8286065
Erastin,SLAMF8,0.82852954
Fer-1,LOX,0.8281666
Fer-1,IRF9,0.82793534
Lip-1,SLAMF8,0.82765037
Fer-1,EPHA2,0.8263632
Fer-1,DUOX1,0.8255783
Fer-1,SOCS1,0.82482594
Erastin,DPEP1,0.82467574
Fer-1,PTBP1,0.82425314
Fer-1,NR2F2,0.8234882
Fer-1,MAP3K14,0.8232503
Fer-1,SMURF2,0.8228221
Erastin,COX7A1,0.82264435
Lip-1,DPEP1,0.8214583
Erastin,NR1D1,0.82106495
Fer-1,CAVIN1,0.82070816
Fer-1,HERPUD1,0.8205695
Erastin,ICA1,0.82040095
RSL3,FTL,0.8202221
Fer-1,SMARCB1,0.8194648
Lip-1,NR1D1,0.81932455
Lip-1,COX7A1,0.81870854
Fer-1,MCU,0.81762743
Fer-1,FOSL1,0.8173797
Fer-1,WWTR1,0.81684583
Erastin,GMFB,0.8155745
Erastin,ACVR1B,0.81504786
Erastin,EBF3,0.81466144
Lip-1,SPATA2,0.81428057
Fer-1,DYRK1A,0.81421965
Lip-1,ICA1,0.81396985
Erastin,ERN1,0.8137039
Erastin,PDE4B,0.81359994
Fer-1,LGMN,0.81290126
Fer-1,LCN2,0.8128189
Fer-1,ALOX15,0.81259495
Lip-1,ACVR1B,0.811647
Lip-1,EBF3,0.81069213
Erastin,MMP1,0.8106198
Fer-1,PADI4,0.81035423
Lip-1,GMFB,0.81007576
Lip-1,LPCAT3,0.8096719
Lip-1,ERN1,0.8096031
Fer-1,TNFAIP1,0.80944985
Erastin,SP1,0.8094023
Erastin,LPCAT3,0.8092973
Erastin,SPATA2,0.80849427
Lip-1,PDE4B,0.8070306
Lip-1,MMP1,0.8068647
Fer-1,SNCA,0.8060236
Lip-1,SP1,0.8047079
ML162,KDM6B,0.8032669
ML162,EDN1,0.8032669
ML162,IRF7,0.8032669
Erastin,MRE11,0.8013531
Erastin,YAP1,0.79981774
Erastin,BCL6,0.79968435
Erastin,SOCS1,0.79890877
Fer-1,TNFAIP3,0.79882175
Erastin,MEN1,0.79788107
Erastin,IRF9,0.79787034
Lip-1,MRE11,0.79753804
Lip-1,BCL6,0.79725844
ML162,FTL,0.79615635
Lip-1,NOX4,0.7960513
Lip-1,YAP1,0.795788
Erastin,DUOX1,0.795746
Erastin,KLF6,0.79563075
Lip-1,MEN1,0.79523134
Erastin,EPHA2,0.79471254
Erastin,NOX4,0.79432666
Lip-1,DUOX1,0.79415846
Lip-1,SOCS1,0.7938894
Erastin,SMURF2,0.7928163
Erastin,MAP3K14,0.79254836
Erastin,LOX,0.7916027
Lip-1,EPHA2,0.79154944
ML162,BRD7,0.79128635
Lip-1,KLF6,0.7912752
Erastin,HERPUD1,0.7911693
ML162,SLAMF8,0.79113513
ML162,DPEP1,0.7910235
Erastin,PTBP1,0.7903344
Erastin,SMARCB1,0.7903234
Lip-1,SMURF2,0.79024243
Lip-1,IRF9,0.78989017
Lip-1,PTBP1,0.7897448
ML162,COX7A1,0.7890068
Lip-1,HERPUD1,0.78892237
Lip-1,MAP3K14,0.78868926
ML162,NR1D1,0.7884
ML162,ICA1,0.7883167
Erastin,NR2F2,0.78770304
Erastin,FOSL1,0.7876962
ML162,ACVR1B,0.78753835
Lip-1,LOX,0.78752035
Fer-1,FTL,0.78729934
Erastin,CAVIN1,0.78674334
Lip-1,FTL,0.7866663
Lip-1,NR2F2,0.7863287
Erastin,FTL,0.7859431
Erastin,LGMN,0.7855613
Erastin,MCU,0.7853507
ML162,PDE4B,0.78504366
Lip-1,CAVIN1,0.7834082
ML162,EBF3,0.7824585
Erastin,TNFAIP1,0.7823662
Erastin,ALOX15,0.7819132
Lip-1,FOSL1,0.7817953
ML162,GMFB,0.78169763
Lip-1,MCU,0.78163385
Lip-1,ALOX15,0.78147966
ML162,SP1,0.78106105
Erastin,DYRK1A,0.7795979
Erastin,WWTR1,0.7794998
Erastin,LCN2,0.7790133
Erastin,PADI4,0.7789136
Lip-1,LGMN,0.77869004
Lip-1,DYRK1A,0.77766883
Lip-1,SMARCB1,0.77761066
VC,FTL,0.77759486
Lip-1,WWTR1,0.77680594
Lip-1,TNFAIP1,0.77660376
ML162,ERN1,0.7762519
ML162,LPCAT3,0.7751524
ML162,MMP1,0.775002
Erastin,SNCA,0.77492976
Lip-1,LCN2,0.77244866
ML162,LOX,0.77131534
ML162,SPATA2,0.77095973
Lip-1,SNCA,0.7706619
ML162,BCL6,0.77030236
Lip-1,PADI4,0.77012205
ML162,MRE11,0.77009594
ML162,KLF6,0.7694646
RSL3,IRF7,0.7692875
RSL3,EDN1,0.7692875
RSL3,KDM6B,0.7692875
ML162,IRF9,0.76826346
Erastin,TNFAIP3,0.7668615
ML162,SMARCB1,0.76588005
ML162,YAP1,0.7658077
ML162,MEN1,0.76395744
ML162,EPHA2,0.7627024
Lip-1,TNFAIP3,0.7620316
ML162,NR2F2,0.76045144
ML162,PTBP1,0.7591656
ML162,NOX4,0.75890154
VC,KDM6B,0.75767446
VC,IRF7,0.75767446
VC,EDN1,0.75767446
ML162,SOCS1,0.75763524
ML162,MAP3K14,0.75742555
RSL3,DPEP1,0.7566006
RSL3,SLAMF8,0.75647455
RSL3,BRD7,0.75631595
ML162,DUOX1,0.75534326
RSL3,NR1D1,0.7548458
ML162,WWTR1,0.75470257
ML162,SMURF2,0.7535614
RSL3,COX7A1,0.75337464
ML162,CAVIN1,0.75278103
ML162,LCN2,0.75276005
RSL3,ICA1,0.75243014
ML162,MCU,0.7507932
ML162,FOSL1,0.75071484
ML162,PADI4,0.7498483
ML162,HERPUD1,0.7492061
RSL3,ACVR1B,0.7490119
ML162,LGMN,0.7471943
ML162,DYRK1A,0.7471214
RSL3,PDE4B,0.74707955
RSL3,GMFB,0.7469127
RSL3,EBF3,0.74565876
VC,DPEP1,0.7455169
ML162,TNFAIP1,0.74441904
VC,ICA1,0.7437573
VC,SLAMF8,0.7429699
VC,NR1D1,0.74257827
VC,COX7A1,0.7419899
VC,BRD7,0.7416484
ML162,ALOX15,0.7416275
RSL3,SP1,0.7406865
RSL3,ERN1,0.74054664
RSL3,MMP1,0.7394008
RSL3,LPCAT3,0.7391458
VC,ACVR1B,0.738129
VC,PDE4B,0.7380828
ML162,SNCA,0.7366503
VC,EBF3,0.736227
VC,GMFB,0.7358334
ML162,TNFAIP3,0.73400456
VC,SP1,0.73239666
RSL3,SPATA2,0.73229903
RSL3,MRE11,0.72986627
BCP,FTL,0.72958237
RSL3,BCL6,0.7294979
VC,ERN1,0.7281695
VC,MMP1,0.7279059
RSL3,KLF6,0.7278193
RSL3,IRF9,0.72722435
RSL3,LOX,0.7266194
VC,LPCAT3,0.7264028
RSL3,MEN1,0.72536176
RSL3,YAP1,0.72493345
RSL3,EPHA2,0.72442526
RSL3,SMARCB1,0.72439975
RSL3,SOCS1,0.72379744
RSL3,NOX4,0.7219514
VC,LOX,0.7215652
VC,MRE11,0.7208984
VC,SMARCB1,0.7208534
RSL3,DUOX1,0.7204629
RSL3,MAP3K14,0.7202727
VC,BCL6,0.7199894
RSL3,PTBP1,0.7199761
RSL3,NR2F2,0.71951044
VC,IRF9,0.7185615
RSL3,SMURF2,0.7182089
VC,MEN1,0.71761096
VC,KLF6,0.71752495
VC,YAP1,0.7152318
VC,EPHA2,0.7149144
RSL3,HERPUD1,0.7143877
VC,SOCS1,0.7141167
RSL3,MCU,0.7124467
VC,SPATA2,0.7123724
RSL3,WWTR1,0.71220237
RSL3,FOSL1,0.71201724
RSL3,CAVIN1,0.7113565
VC,DUOX1,0.71079165
VC,MAP3K14,0.7105561
VC,PTBP1,0.7104659
VC,NOX4,0.70998144
RSL3,LGMN,0.7098536
VC,NR2F2,0.70948863
RSL3,LCN2,0.7092117
RSL3,TNFAIP1,0.70819175
RSL3,PADI4,0.7079723
VC,SMURF2,0.7072827
RSL3,DYRK1A,0.7068803
RSL3,ALOX15,0.70592284
DFO,FTL,0.7049522
VC,HERPUD1,0.7049102
VC,FOSL1,0.70458364
VC,CAVIN1,0.7032315
VC,MCU,0.702384
VC,WWTR1,0.7021979
VC,PADI4,0.702138
VC,LGMN,0.70180315
VC,LCN2,0.70177734
VC,TNFAIP1,0.698072
RSL3,SNCA,0.69796246
VC,DYRK1A,0.69555306
VC,ALOX15,0.6949623
RSL3,TNFAIP3,0.69199336
VC,SNCA,0.690625
VC,TNFAIP3,0.6837162
DFO,EMP1,0.25546947
DFO,EPHA4,0.25545028
Fer-1,EPHA4,0.20096175
Fer-1,EMP1,0.2009537
BCP,EPHA4,0.19291572
BCP,EMP1,0.19283728
DFO,HBP1,0.15696962
Fer-1,HBP1,0.15666747
DFO,TNFRSF1A,0.14974484
ML162,RBM3,0.14777575
ML162,EGR1,0.14641076
Fer-1,RBM3,0.14425953
Fer-1,EGR1,0.14425947
Fer-1,CD82,0.1414533
Fer-1,SETD7,0.14142106
Fer-1,LIFR,0.14141874
Fer-1,TBX2,0.14141366
Fer-1,FBXO31,0.14138909
Fer-1,WNT5A,0.14133658
Fer-1,NUAK2,0.14130867
Fer-1,TXNIP,0.14130248
Fer-1,SOCS2,0.14058936
Fer-1,SLC1A5,0.14058422
ML162,HBP1,0.13896547
Fer-1,H2AX,0.13847847
ML162,EPHA4,0.13715939
ML162,EMP1,0.13713455
ML162,CD82,0.13706098
ML162,PRKD1,0.13703601
ML162,SETD7,0.13703167
ML162,TBX2,0.13702938
ML162,RUNX3,0.13698
ML162,LIFR,0.13697834
ML162,NUAK2,0.136915
ML162,WNT5A,0.13691187
ML162,FBXO31,0.13690692
ML162,TXNIP,0.13688289
ML162,H2AX,0.13596363
ML162,SOCS2,0.13552389
ML162,SLC1A5,0.13552201
Lip-1,EMP1,0.13489357
Lip-1,EPHA4,0.13487285
BCP,HBP1,0.13354513
Fer-1,PRKD1,0.13313323
Fer-1,RUNX3,0.13310969
DFO,SLC1A5,0.13177323
DFO,SOCS2,0.13171951
DFO,FBXO31,0.131074
DFO,CD82,0.13101831
DFO,LIFR,0.1310117
DFO,TBX2,0.13099556
DFO,SETD7,0.13099547
DFO,WNT5A,0.130956
DFO,TXNIP,0.13093208
DFO,NUAK2,0.13086168
DFO,LACTB,0.1298663
Fer-1,LACTB,0.12967485
Fer-1,CTSB,0.12953359
Fer-1,PPP2R2B,0.12950678
DFO,PPP2R2B,0.12887655
DFO,CTSB,0.12881461
DFO,H2AX,0.12780747
ML162,MPO,0.12580918
DFO,EGR1,0.125506
Fer-1,MPO,0.12548627
ML162,CTSB,0.12266746
ML162,PPP2R2B,0.12256723
ML162,LACTB,0.12241088
BCP,RBM3,0.11772848
DFO,RBM3,0.11749482
Erastin,EPHA4,0.1164746
Erastin,EMP1,0.11644279
DFO,MPO,0.1147079
BCP,EGR1,0.10888232
DFO,RUNX3,0.10501515
DFO,PRKD1,0.10500127
BCP,CD82,0.1047727
BCP,SETD7,0.10474467
BCP,LIFR,0.104723305
BCP,TBX2,0.10470962
BCP,FBXO31,0.104675904
BCP,WNT5A,0.104633756
BCP,NUAK2,0.10460293
BCP,TXNIP,0.104593016
DFO,E2F3,0.104448
BCP,SLC1A5,0.10422112
BCP,SOCS2,0.10421256
BCP,H2AX,0.101311676
BCP,PRKD1,0.09813805
BCP,RUNX3,0.09812427
Lip-1,TNFRSF1A,0.09566394
BCP,CTSB,0.09291593
BCP,PPP2R2B,0.09288877
BCP,LACTB,0.09246816
BCP,MPO,0.0854477
RSL3,ACSL4,0.08542712
Lip-1,HBP1,0.08443994
RSL3,VEGFA,0.083580405
Fer-1,SLC3A2,0.08279791
Fer-1,MCM4,0.08273381
Fer-1,E2F2,0.08255838
Fer-1,IL10,0.08252439
RSL3,TP53,0.08235655
Erastin,HBP1,0.08219905
Fer-1,EIF2A,0.08195092
Fer-1,HDAC2,0.081839636
Fer-1,HSP90AA1,0.08176904
Fer-1,SNAI1,0.08168121
VC,TP53,0.0813392
Fer-1,TOP2A,0.081322744
Fer-1,SESN2,0.081221625
Fer-1,CCND1,0.08103761
Lip-1,EGR1,0.08089483
Fer-1,STEAP3,0.080443576
Fer-1,FN1,0.08037184
Fer-1,MTOR,0.080359854
Fer-1,JAK2,0.0799229
Fer-1,CHEK1,0.0798761
Fer-1,RPA2,0.079654455
Fer-1,CDK4,0.07931377
Fer-1,IGFBP5,0.07853973
Erastin,RBM3,0.078528374
Fer-1,CDC20,0.078508146
Erastin,EGR1,0.078028195
VC,VEGFA,0.077454284
VC,ACSL4,0.07621259
Fer-1,TRIB3,0.07593684
Fer-1,MAP1LC3B,0.075692125
RSL3,S100A8,0.07566981
DFO,ABCC1,0.07533824
Lip-1,RBM3,0.07419979
Lip-1,CD82,0.07362913
Lip-1,LIFR,0.07361091
RSL3,MMP9,0.07360639
Lip-1,SETD7,0.07359594
Lip-1,TBX2,0.073586784
Lip-1,FBXO31,0.0735824
Lip-1,WNT5A,0.07352414
Lip-1,TXNIP,0.07349027
Lip-1,NUAK2,0.07348997
VC,RBM3,0.07337858
VC,NFE2L2,0.073043995
VC,EGR1,0.0728718
DFO,SIRT1,0.07251111
Lip-1,SOCS2,0.07234415
Lip-1,SLC1A5,0.07233871
Fer-1,PNPLA2,0.07211071
Fer-1,TIMP2,0.072110705
Fer-1,WRN,0.07211068
Fer-1,ATM,0.07211068
Lip-1,H2AX,0.07188548
Erastin,CD82,0.071828775
Erastin,TBX2,0.07180056
Erastin,SETD7,0.07178262
Erastin,LIFR,0.071767665
Erastin,FBXO31,0.07170821
Erastin,WNT5A,0.07167044
Erastin,NUAK2,0.07166573
Erastin,TXNIP,0.0716455
Fer-1,GCLM,0.07105582
Erastin,SOCS2,0.070698135
Erastin,SLC1A5,0.07067421
BCP,ABCC1,0.07012775
Fer-1,E2F3,0.06953665
VC,S100A8,0.06936772
Fer-1,ABCC1,0.06924476
Erastin,H2AX,0.06854784
RSL3,EGR1,0.067607686
VC,MMP9,0.06716834
DFO,CCL4,0.066336095
Erastin,PRKD1,0.066291586
Erastin,RUNX3,0.06624432
Fer-1,EP300,0.06605624
RSL3,NFE2L2,0.06590818
Lip-1,PRKD1,0.06506054
Lip-1,RUNX3,0.06503062
RSL3,RBM3,0.064564005
BCP,GCLM,0.06436949
Fer-1,JUN,0.063622184
RSL3,TLR4,0.0623814
Fer-1,ATR,0.062196672
DFO,AURKA,0.06189227
Lip-1,ABCC1,0.06135725
BCP,E2F3,0.061320532
RSL3,HMOX1,0.061211657
VC,PRKD1,0.061059806
VC,RUNX3,0.0610015
BCP,SLC3A2,0.060918946
BCP,MCM4,0.06086957
BCP,IL10,0.06059786
Lip-1,LACTB,0.060381614
Lip-1,CTSB,0.060202073
Lip-1,PPP2R2B,0.06017056
Fer-1,HMGA1,0.060009778
BCP,E2F2,0.05986848
BCP,RPA2,0.059585445
Fer-1,ATG7,0.059424825
BCP,HDAC2,0.059275735
BCP,EIF2A,0.05924651
BCP,SNAI1,0.059228167
BCP,CDK4,0.059186894
BCP,JAK2,0.05902459
VC,CD82,0.05868696
VC,SETD7,0.058651987
VC,TBX2,0.05865121
VC,HBP1,0.05859142
VC,LIFR,0.058577795
VC,NUAK2,0.05854045
BCP,CCND1,0.058515597
VC,WNT5A,0.058508366
BCP,HSP90AA1,0.058507014
BCP,TOP2A,0.058491558
VC,FBXO31,0.058479458
BCP,SESN2,0.058459643
VC,TXNIP,0.058456283
VC,H2AX,0.058235448
Fer-1,E2F1,0.058138106
Erastin,LACTB,0.05801984
Erastin,CTSB,0.057918336
BCP,FN1,0.05789688
Erastin,PPP2R2B,0.05786952
Erastin,MPO,0.057565715
BCP,CHEK1,0.057132155
BCP,MTOR,0.057120208
ML162,E2F2,0.05702416
VC,SOCS2,0.056842793
VC,SLC1A5,0.056829043
Fer-1,CDKN2B,0.05672462
ML162,HDAC2,0.056481633
ML162,IL10,0.05646821
ML162,EIF2A,0.056391984
ML162,JAK2,0.0562632
ML162,HSP90AA1,0.056249686
BCP,STEAP3,0.056244094
BCP,CDC20,0.056216996
BCP,IGFBP5,0.056175284
ML162,TOP2A,0.05586058
ML162,SESN2,0.05575287
Lip-1,MPO,0.05573057
Fer-1,MCM3,0.055591885
Fer-1,LIG1,0.05542859
BCP,TRIB3,0.055393588
Fer-1,HDAC1,0.055369947
Fer-1,CSF2,0.055314798
Fer-1,CD8A,0.055280812
Fer-1,HMGA2,0.05527057
RSL3,PRKD1,0.05489355
RSL3,RUNX3,0.05482911
ML162,SNAI1,0.05482564
ML162,SLC3A2,0.05475983
ML162,CHEK1,0.054689456
ML162,MCM4,0.05463698
RSL3,CD82,0.054543696
RSL3,TBX2,0.054516166
RSL3,SETD7,0.054508217
RSL3,LIFR,0.05446424
ML162,CCND1,0.054405462
RSL3,NUAK2,0.05439807
RSL3,WNT5A,0.05439038
RSL3,FBXO31,0.05438498
RSL3,TXNIP,0.054363813
RSL3,HBP1,0.054265093
RSL3,EPHA4,0.05413973
RSL3,EMP1,0.054099772
RSL3,H2AX,0.05399913
Fer-1,PCNA,0.053950224
ML162,FN1,0.053751428
Fer-1,CHAC1,0.053576767
Fer-1,MDM4,0.05346354
Lip-1,CD74,0.053450964
ML162,STEAP3,0.05342113
ML162,IGFBP5,0.053087756
ML162,CDC20,0.053036157
VC,GPX4,0.05299038
BCP,MAP1LC3B,0.052723557
ML162,MTOR,0.05271521
RSL3,SOCS2,0.052679576
RSL3,SLC1A5,0.052673597
Fer-1,EIF2AK3,0.05263862
Fer-1,CHEK2,0.052368432
ML162,RPA2,0.051911123
BCP,TIMP2,0.051673573
BCP,PNPLA2,0.05167357
BCP,ATM,0.05167356
BCP,WRN,0.05167356
RSL3,GPX4,0.05163466
Fer-1,PRKDC,0.051448815
Fer-1,DPP4,0.05144881
Fer-1,FOXO3,0.051404864
ML162,CDK4,0.051215824
VC,HMGB1,0.050764874
DFO,ADIPOQ,0.050630003
Fer-1,MMP10,0.050357863
DFO,GCLM,0.050164185
ML162,MDM4,0.04962582
ML162,MAP1LC3B,0.04951597
ML162,CHAC1,0.049457602
BCP,JUN,0.049312852
Fer-1,PPARGC1A,0.04893947
VC,LPIN2,0.048912205
ML162,CHEK2,0.04890144
ML162,TRIB3,0.048060454
Fer-1,BLM,0.047904868
Fer-1,BUB1B,0.04772089
Fer-1,IL1A,0.04772088
Fer-1,RFC3,0.04771856
Fer-1,BRCA2,0.047718547
Fer-1,MMP2,0.04771854
Fer-1,PRKAA2,0.047704495
Fer-1,TSC2,0.04770447
Fer-1,FANCD2,0.047565393
Fer-1,COL1A1,0.04756534
ML162,E2F1,0.04742858
VC,MPO,0.047420546
Fer-1,RGS4,0.04721453
ML162,RGS4,0.047168247
ML162,BLM,0.04711397
ML162,FANCD2,0.04710157
ML162,COL1A1,0.04710153
ML162,RFC3,0.047089793
ML162,BRCA2,0.04708979
ML162,MMP2,0.047089785
ML162,TSC2,0.047085606
ML162,PRKAA2,0.047085606
ML162,BUB1B,0.04707177
ML162,IL1A,0.04707176
RSL3,CD74,0.046889447
VC,ALOX12,0.04666741
BCP,TNFRSF1A,0.046459325
ML162,PLK1,0.046406854
ML162,CCNB1,0.046406843
Fer-1,PLK1,0.046284355
Fer-1,CCNB1,0.04628433
VC,CDKN1A,0.046204545
Lip-1,GCLM,0.046111044
BCP,HMGA1,0.0461019
ML162,PPARGC1A,0.044832032
Fer-1,ATF2,0.044804987
Fer-1,HSPB1,0.044221386
VC,EPHA4,0.044205178
VC,EMP1,0.04415397
Fer-1,TERT,0.043957684
BCP,SIRT1,0.0436953
VC,HIF1A,0.043690387
BCP,ATR,0.043651283
VC,FTH1,0.043183498
ML162,ATF2,0.04284518
RSL3,CDK2,0.042202067
RSL3,MPO,0.041711736
Fer-1,ATG3,0.041620232
VC,CTSB,0.04146113
VC,PPP2R2B,0.04133812
RSL3,TNF,0.041057684
ML162,MCM3,0.04103515
VC,TLR4,0.040956788
ML162,HDAC1,0.040906537
Fer-1,RFC5,0.04069856
VC,LACTB,0.040695783
ML162,LIG1,0.040687934
ML162,CSF2,0.0406046
ML162,CD8A,0.04057942
ML162,HMGA2,0.04057489
Fer-1,MCM5,0.040035993
Fer-1,LIG3,0.039528515
RSL3,LPIN2,0.038677
RSL3,CTSB,0.038212474
Fer-1,SIRT6,0.03811331
RSL3,PPP2R2B,0.038107343
RSL3,LACTB,0.03798684
BCP,CDKN2B,0.037578646
Lip-1,JUN,0.03756188
Erastin,TNFRSF1A,0.03748502
DFO,CCNE1,0.03730342
DFO,RAD50,0.037303388
DFO,CDKN2A,0.037302267
Fer-1,TNFRSF1A,0.03714768
RSL3,HMGB1,0.036657512
ML162,PCNA,0.036054075
RSL3,CDKN1A,0.035508245
VC,CDK2,0.035483412
Lip-1,E2F3,0.03522661
DFO,JUN,0.03520257
Fer-1,AURKA,0.035043247
ML162,PNPLA2,0.033901647
ML162,WRN,0.033901636
ML162,ATM,0.033901636
ML162,TIMP2,0.03390163
Fer-1,SIRT1,0.033709515
Lip-1,SLC3A2,0.033580877
Lip-1,MCM4,0.03344188
DFO,ATR,0.033402644
DFO,HMGA1,0.033235583
DFO,RPS6KB1,0.03319893
DFO,GABARAPL1,0.03317486
Lip-1,STEAP3,0.033155393
Fer-1,TIMP1,0.032958813
VC,HMOX1,0.03294241
BCP,EIF2AK3,0.03292875
RSL3,FTH1,0.032816947
Lip-1,E2F2,0.032794613
Lip-1,HMGA1,0.03256359
Lip-1,SNAI1,0.03254869
Lip-1,MTOR,0.03253633
Lip-1,EIF2A,0.03248794
Lip-1,IL10,0.032421786
Lip-1,HDAC2,0.032046065
Lip-1,HSP90AA1,0.03202035
Lip-1,TOP2A,0.031937312
Lip-1,CCND1,0.031842202
Lip-1,SESN2,0.03180693
Lip-1,VCAM1,0.031655945
BCP,ATG7,0.03134817
ML162,HSPB1,0.031346716
Lip-1,FN1,0.031100603
Fer-1,ADIPOQ,0.031078633
Lip-1,RPA2,0.03096131
Lip-1,CDK4,0.030887341
Fer-1,MAPK14,0.030860864
DFO,ABCC2,0.030625356
RSL3,HIF1A,0.030480681
Fer-1,RPS6KB1,0.0302223
Fer-1,GABARAPL1,0.030209016
Lip-1,CHEK1,0.030205479
Lip-1,JAK2,0.030029034
BCP,EP300,0.029557342
BCP,TERT,0.029490756
DFO,BNIP3,0.029315965
Lip-1,IGFBP5,0.028739734
VC,TNF,0.028719546
BCP,AURKA,0.028664874
Lip-1,CDC20,0.028664555
Fer-1,BNIP3,0.02808351
Lip-1,MAP1LC3B,0.02791482
VC,CXCL10,0.027664967
Lip-1,TRIB3,0.027609123
DFO,EP300,0.027591545
BCP,ADIPOQ,0.027157864
BCP,MMP10,0.026840096
ML162,MAPK14,0.026265113
RSL3,ALOX12,0.025471143
BCP,MCM5,0.025431314
RSL3,CXCL10,0.024992459
VC,TGFB1,0.024776928
DFO,BAP1,0.023871245
Lip-1,CCL4,0.023282826
DFO,BRD4,0.023018476
Fer-1,MCM7,0.022862792
Fer-1,MAPK3,0.02254677
Fer-1,BRCA1,0.022546748
Fer-1,LPIN1,0.02254674
Fer-1,RFC2,0.022370556
BCP,ATG3,0.02231516
DFO,MAD2L1,0.021963855
BCP,RPS6KB1,0.021751901
BCP,GABARAPL1,0.02173906
DFO,COL1A2,0.021100271
Lip-1,ATR,0.021063024
ML162,RFC5,0.020822218
VC,CXCL2,0.020612665
ML162,MMP10,0.020496257
VC,PARP1,0.020491762
VC,XRCC1,0.020324083
BCP,PCNA,0.020321185
VC,JAK2,0.020227246
ML162,HSPA5,0.019901976
VC,E2F2,0.019840268
VC,EIF2A,0.0197887
VC,CXCL1,0.019656459
VC,BUB1,0.019656438
ML162,LIG3,0.019650519
VC,MYC,0.019534344
VC,HDAC2,0.01952082
VC,SNAI1,0.019438734
VC,TOP2A,0.019395238
VC,SESN2,0.019265162
VC,IL10,0.019178037
ML162,GCLC,0.0191471
VC,SLC3A2,0.019074624
VC,CCND1,0.018948693
BCP,SIRT6,0.018837374
VC,MCM4,0.018774161
ML162,SERPINE1,0.018691294
ML162,AURKB,0.018690627
VC,RPA2,0.018662399
BCP,BNIP3,0.018502656
VC,HSP90AA1,0.01848972
Fer-1,ABCC2,0.018302962
VC,CDK4,0.018248001
VC,FN1,0.01819252
DFO,CDKN2B,0.018178586
VC,CHEK1,0.017872157
VC,VDAC3,0.017789645
ML162,GADD45A,0.017745154
ML162,CD38,0.017744567
ML162,CDO1,0.017744318
VC,SLC7A11,0.017688107
BCP,DPP4,0.017671647
BCP,PRKDC,0.017671645
ML162,COL3A1,0.017641839
BCP,FOXO3,0.017614875
VC,STEAP3,0.01743353
ML162,XRCC5,0.017341735
Fer-1,MAD2L1,0.017193895
Fer-1,CCNE1,0.01700747
Fer-1,RAD50,0.017007453
Fer-1,CDKN2A,0.017006792
Lip-1,TIMP2,0.016978623
Lip-1,PNPLA2,0.016978603
Lip-1,WRN,0.01697859
Lip-1,ATM,0.01697859
VC,MTOR,0.016907481
DFO,EIF2AK3,0.016661527
VC,IGFBP5,0.016230399
VC,CDC20,0.016184742
ML162,BECN1,0.016131211
ML162,NBN,0.016131058
ML162,RFC1,0.016120497
ML162,NCOA4,0.016120432
BCP,E2F1,0.016015107
ML162,CSF3,0.015919976
ML162,AKT1,0.01576972
ML162,PRNP,0.015769657
ML162,CD4,0.015768757
ML162,FOXO4,0.015734227
ML162,MNT,0.01573306
ML162,MAPK1,0.015729504
ML162,ATG5,0.015726916
ML162,RB1,0.015625572
Fer-1,COL1A2,0.015599486
ML162,CDKN1B,0.015237323
ML162,MAP1LC3A,0.01523731
ML162,HDAC3,0.0152369365
ML162,MAX,0.01523655
ML162,IRF1,0.015182687
ML162,FOXO1,0.015182389
ML162,IL18,0.015182387
ML162,NFKB1,0.015182381
ML162,PRKAA1,0.015182025
ML162,SOD1,0.015182013
ML162,SAT1,0.015145371
ML162,DDIT3,0.015145369
Lip-1,CDKN2B,0.015049804
ML162,PLIN2,0.0150485635
ML162,ATG7,0.014986891
VC,TRIB3,0.014911279
VC,MAP1LC3B,0.0147283785
BCP,HSPB1,0.014525958
Lip-1,EP300,0.014492632
ML162,MAPK8,0.013959558
DFO,ATG3,0.013931062
ML162,NFE2L2,0.013898565
Fer-1,MAP1LC3A,0.0138333915
Fer-1,CDKN1B,0.013833213
Fer-1,HDAC3,0.013832781
Fer-1,MAX,0.013832765
Lip-1,ATG3,0.013558061
ML162,ACSL4,0.013216032
ML162,VEGFA,0.013213052
Fer-1,XRCC5,0.012977067
BCP,MCM3,0.0123471245
Fer-1,GADD45A,0.0122890035
Fer-1,CD38,0.012288483
Fer-1,CDO1,0.012288381
BCP,RFC5,0.0122845685
BCP,LIG1,0.012212671
BCP,CSF2,0.012123127
BCP,CD8A,0.012097842
BCP,HMGA2,0.012090838
ML162,TP53,0.012044501
BCP,HDAC1,0.012043186
VC,SLC40A1,0.01179033
DFO,RAD51,0.011729563
BCP,ABCC2,0.011536154
ML162,BUB3,0.011445412
ML162,CBS,0.011444703
ML162,IGFBP7,0.011444585
RSL3,PTGS2,0.011263306
Erastin,SLC3A2,0.010781254
Erastin,MCM4,0.010684954
BCP,LIG3,0.01054922
Fer-1,CSF3,0.010058007
Erastin,E2F2,0.009949626
Erastin,IL10,0.009890102
Erastin,SNAI1,0.009857453
Fer-1,HSPA5,0.009739234
BCP,CCNE1,0.009705978
BCP,RAD50,0.009705964
BCP,CDKN2A,0.009705192
ML162,MMP9,0.009695842
Lip-1,SIRT6,0.009541207
Erastin,EIF2A,0.009471031
Erastin,ABCC1,0.009295536
ML162,AURKA,0.009266908
Erastin,HDAC2,0.009245833
Erastin,CCND1,0.009078013
Erastin,RPA2,0.009020458
ML162,S100A8,0.0089642415
Lip-1,EIF2AK3,0.008963409
Erastin,TOP2A,0.008902133
Erastin,HSP90AA1,0.008810434
Erastin,SESN2,0.008736322
Lip-1,HMOX1,0.008640036
Erastin,JAK2,0.008563364
Erastin,CDK4,0.008445444
Erastin,FN1,0.008205929
Erastin,STEAP3,0.0080953855
Erastin,TP53,0.008086712
Erastin,MTOR,0.008011988
Fer-1,PLIN2,0.0075708358
Fer-1,COL3A1,0.0075008753
Fer-1,BUB3,0.0074998788
Fer-1,CBS,0.007499192
Fer-1,IGFBP7,0.0074990764
Fer-1,MAPK8,0.0074571995
Erastin,CHEK1,0.007207269
ML162,ATR,0.007145321
BCP,CHAC1,0.007055514
Erastin,GCLM,0.006860553
Lip-1,TERT,0.0068545975
Fer-1,GCLC,0.006815886
BCP,MDM4,0.0068064434
Erastin,CD74,0.0065966737
RSL3,VCAM1,0.0065392787
Fer-1,NCOA4,0.0060497145
Fer-1,RFC1,0.006049246
Fer-1,BECN1,0.0060369074
Fer-1,NBN,0.006036746
Fer-1,PRNP,0.0058145844
Fer-1,AKT1,0.0058141905
Fer-1,CD4,0.005813043
BCP,MAD2L1,0.005785863
Fer-1,RB1,0.0056665717
Erastin,IGFBP5,0.0056081507
Erastin,CDC20,0.0055740685
Fer-1,IRF1,0.0054640668
Fer-1,NFKB1,0.0054638167
Fer-1,IL18,0.005463814
Fer-1,FOXO1,0.0054636505
Fer-1,PRKAA1,0.005463521
Fer-1,SOD1,0.005463506
Fer-1,SERPINE1,0.005414281
Fer-1,AURKB,0.005413655
Fer-1,SAT1,0.0053839837
Fer-1,DDIT3,0.0053839656
ML162,DPP4,0.0050416444
ML162,PRKDC,0.0050416407
ML162,FOXO3,0.0050035357
Fer-1,FOXO4,0.0048265737
Fer-1,MNT,0.004826228
Fer-1,MAPK1,0.0048210467
Fer-1,ATG5,0.004820273
BCP,PPARGC1A,0.004798388
BCP,ATF2,0.0047436054
DFO,SIRT6,0.0047169826
Erastin,TRIB3,0.004692355
BCP,TIMP1,0.004612867
BCP,CHEK2,0.0044902596
BCP,COL1A2,0.0042912047
RSL3,BRD4,0.003865712
ML162,CDKN2B,0.0038570678
Lip-1,BRD4,0.0037962385
Fer-1,RAD51,0.0036487037
RSL3,SLC40A1,0.0035223854
Erastin,MAP1LC3B,0.0032296812
Fer-1,CD74,0.0031765709
ML162,RPS6KB1,0.0031226908
ML162,GABARAPL1,0.0031148787
Erastin,JUN,0.0031132028
Lip-1,MCM5,0.002732719
DFO,LIG4,0.002524355
ML162,EP300,0.0023827655
BCP,BUB1B,0.002299988
BCP,IL1A,0.0022999824
BCP,TSC2,0.002293508
BCP,PRKAA2,0.002293503
VC,MDM4,0.0022742508
VC,CHAC1,0.002098012
BCP,BLM,0.002097586
BCP,BRCA2,0.0020713406
BCP,RFC3,0.0020713322
BCP,MMP2,0.0020713261
BCP,FANCD2,0.0020264771
BCP,COL1A1,0.002026416
ML162,BNIP3,0.001977818
Erastin,CDK2,0.0019309407
ML162,TIMP1,0.001856935
DFO,TERT,0.0018506326
VC,CHEK2,0.0018236884
ML162,ALOX12,0.0010423831
VC,E2F1,0.00091160997
RSL3,TNFRSF1A,0.0008037119
BCP,RGS4,0.0007935367
ML162,EIF2AK3,0.00057376846
VC,VDAC2,0.00017527302
ML162,GCLM,-3.064836e-05
DFO,ATG7,-0.00035212177
BCP,PLK1,-0.00038346826
BCP,CCNB1,-0.0003834905
ML162,JUN,-0.00066259125
VC,FANCD2,-0.00082544034
VC,COL1A1,-0.00082547363
VC,TSC2,-0.00084383355
VC,PRKAA2,-0.0008438365
VC,BUB1B,-0.0008720399
VC,IL1A,-0.0008720399
BCP,CCL4,-0.0008939707
VC,RGS4,-0.0009197143
RSL3,NLRP3,-0.0009436429
VC,BRCA2,-0.0009509137
VC,MMP2,-0.00095092744
VC,RFC3,-0.0009509276
Erastin,HMGA1,-0.0010132157
VC,BLM,-0.0010303229
VC,PLK1,-0.0012692846
VC,CCNB1,-0.0012693042
Lip-1,ATG7,-0.001461388
Lip-1,TP53,-0.0015022152
Erastin,LPIN2,-0.0015203696
Fer-1,LIG4,-0.0021515114
ML162,MCM7,-0.0024233833
ML162,BRCA1,-0.0025854474
ML162,MAPK3,-0.002585451
ML162,LPIN1,-0.0025854541
ML162,HMGA1,-0.0026892757
Fer-1,CDK6,-0.0028655285
ML162,RFC2,-0.0030177794
Lip-1,DPP4,-0.003030085
Lip-1,PRKDC,-0.0030300904
Lip-1,FOXO3,-0.0030774686
BCP,RAD51,-0.0031743604
ML162,LPIN2,-0.0032285852
VC,PPARGC1A,-0.00353806
Erastin,AURKA,-0.0037165382
DFO,FOS,-0.0040504616
BCP,MAPK14,-0.0040610014
Fer-1,ATF3,-0.0041831154
Fer-1,GADD45B,-0.004183365
Fer-1,MCM6,-0.0041837874
Fer-1,SQSTM1,-0.0041862763
DFO,CDK6,-0.0042895568
BCP,CDK6,-0.004536311
ML162,ADIPOQ,-0.004720402
DFO,MCM5,-0.005052005
ML162,GPX4,-0.0050793174
RSL3,E2F2,-0.0055913846
Fer-1,TSC1,-0.00567707
RSL3,STEAP3,-0.005725594
Fer-1,TERF1,-0.005760713
RSL3,JAK2,-0.0058393436
RSL3,EIF2A,-0.0058752247
VC,VCAM1,-0.0059372005
RSL3,SNAI1,-0.005956637
Erastin,TNF,-0.0059837713
VC,ATF2,-0.0060366406
RSL3,SLC3A2,-0.006175793
VC,PTGS2,-0.0061840606
RSL3,HDAC2,-0.0061940774
RSL3,TOP2A,-0.0062803463
DFO,CD74,-0.0062882816
RSL3,MCM4,-0.0063602994
RSL3,IL10,-0.006465147
RSL3,SESN2,-0.006467625
VC,MCM3,-0.0064782067
RSL3,CCND1,-0.006519382
RSL3,HSP90AA1,-0.006524101
Erastin,ADIPOQ,-0.006637332
VC,HDAC1,-0.006700597
RSL3,MTOR,-0.0068565113
VC,LIG1,-0.0069231596
RSL3,RPA2,-0.006933982
Lip-1,TLR4,-0.006941988
VC,CSF2,-0.007003968
ML162,ABCC2,-0.0070193526
VC,CD8A,-0.0070273937
VC,HMGA2,-0.007030987
VC,AURKA,-0.0071071307
RSL3,FN1,-0.007358097
Lip-1,NLRP3,-0.007382132
RSL3,CDK4,-0.0074384827
Erastin,ATR,-0.007515368
RSL3,TGFB1,-0.0076228273
Lip-1,CDK2,-0.007798172
RSL3,CHEK1,-0.007924339
DFO,PRKDC,-0.008052839
DFO,DPP4,-0.008052865
DFO,FOXO3,-0.008097236
VC,CD74,-0.008618473
VC,PNPLA2,-0.008863735
VC,WRN,-0.008863739
VC,ATM,-0.008863739
VC,TIMP2,-0.0088637415
DFO,TIMP2,-0.008902251
DFO,WRN,-0.0089022955
DFO,ATM,-0.0089022955
DFO,PNPLA2,-0.008902299
ML162,TERT,-0.008916911
DFO,ATF4,-0.0090355305
Erastin,BRD4,-0.009162367
Fer-1,ZEB1,-0.009243383
Fer-1,MCM2,-0.009244763
Fer-1,CCNA2,-0.009244787
Fer-1,IGFBP3,-0.009244931
Fer-1,MKI67,-0.009256994
Fer-1,TFAM,-0.009296384
Fer-1,MMP12,-0.009297897
Fer-1,MMP13,-0.0092981765
ML162,MAD2L1,-0.009338426
ML162,ATF3,-0.009386314
ML162,GADD45B,-0.00938688
ML162,MCM6,-0.009387015
ML162,SQSTM1,-0.009388904
Erastin,VEGFA,-0.009407262
Erastin,ACSL4,-0.009691199
Erastin,PNPLA2,-0.009692071
Erastin,TIMP2,-0.009692077
Erastin,WRN,-0.009692089
Erastin,ATM,-0.009692089
RSL3,IGFBP5,-0.00972439
Fer-1,LMNB1,-0.009741892
RSL3,CDC20,-0.009818704
BCP,MCM7,-0.010070727
BCP,BRCA1,-0.010441476
BCP,LPIN1,-0.010441476
BCP,MAPK3,-0.010441488
RSL3,MAP1LC3B,-0.010541751
BCP,RFC2,-0.010587551
RSL3,TRIB3,-0.010799932
Lip-1,LPIN2,-0.01106155
Erastin,VCAM1,-0.011109026
ML162,COL1A2,-0.01135271
Fer-1,GABARAP,-0.011378579
VC,SELE,-0.011509617
ML162,MCM5,-0.011558717
Lip-1,ADIPOQ,-0.011737137
Erastin,E2F3,-0.012213388
BCP,LIG4,-0.012367516
Erastin,CDKN2B,-0.013316279
ML162,FTH1,-0.013612364
Lip-1,PCNA,-0.013862296
ML162,HMGB1,-0.014012498
Lip-1,MMP10,-0.014284067
Lip-1,ICAM1,-0.014475441
Lip-1,VEGFA,-0.014499849
ML162,CDKN1A,-0.014505143
Lip-1,SIRT1,-0.014630504
Lip-1,ACSL4,-0.014644817
Fer-1,VCAM1,-0.0148049155
Erastin,NFE2L2,-0.015070593
VC,PCNA,-0.015334944
Erastin,RPS6KB1,-0.015835885
Erastin,GABARAPL1,-0.015848806
ML162,MMP3,-0.015858285
Lip-1,FOS,-0.015859373
RSL3,VDAC2,-0.01589371
Erastin,FTH1,-0.0159145
ML162,ABCC1,-0.015978944
RSL3,IFNG,-0.016181236
ML162,HIF1A,-0.016232798
Fer-1,RELA,-0.016586222
Fer-1,XRCC6,-0.01658687
Fer-1,RFC4,-0.01658842
VC,BRD4,-0.01663508
Fer-1,CSE1L,-0.016689138
RSL3,CXCL2,-0.01674656
RSL3,PARP1,-0.01681601
RSL3,XRCC1,-0.016891994
VC,IFNG,-0.017580954
Lip-1,IL6,-0.017612513
Lip-1,E2F1,-0.017631305
Fer-1,HSPD1,-0.017671254
Fer-1,MDM2,-0.01767203
ML162,CCNE1,-0.017800484
ML162,RAD50,-0.017800525
ML162,CDKN2A,-0.017800957
VC,HSPB1,-0.017810605
RSL3,VDAC3,-0.017867064
DFO,LIG1,-0.017892295
DFO,MCM3,-0.017943326
DFO,CSF2,-0.018020833
DFO,CD8A,-0.018057402
DFO,HMGA2,-0.018073063
RSL3,BUB1,-0.018073367
RSL3,CXCL1,-0.018073367
RSL3,MYC,-0.018144254
Erastin,BNIP3,-0.018148057
ML162,ATG3,-0.018168302
Erastin,EP300,-0.018177627
DFO,HDAC1,-0.018238101
Erastin,CCL4,-0.018513804
VC,MMP10,-0.018553987
RSL3,SLC7A11,-0.018877
Lip-1,LIG1,-0.018937867
BCP,BAP1,-0.018981408
Lip-1,CSF2,-0.019017406
Lip-1,MCM3,-0.01903883
Lip-1,CD8A,-0.019041453
Erastin,EIF2AK3,-0.019047117
Lip-1,HMGA2,-0.019052915
Lip-1,HDAC1,-0.019118853
ML162,SIRT6,-0.019299729
Fer-1,GOT1,-0.01930526
VC,XRCC5,-0.019309474
ML162,ZEB1,-0.019356478
ML162,MCM2,-0.019357253
ML162,CCNA2,-0.019357271
ML162,IGFBP3,-0.01935759
ML162,MKI67,-0.019364921
ML162,TFAM,-0.019420452
ML162,MMP12,-0.019421255
ML162,MMP13,-0.019421749
Fer-1,MMP3,-0.019962408
VC,GADD45A,-0.020034
VC,CD38,-0.02003471
VC,CDO1,-0.020035004
Erastin,TLR4,-0.020071775
Fer-1,CCL4,-0.020072822
DFO,MMP10,-0.020174924
BCP,ATF3,-0.020293908
BCP,GADD45B,-0.020293936
BCP,SQSTM1,-0.020293947
BCP,MCM6,-0.02029453
ML162,HMOX1,-0.020468814
Fer-1,CREBBP,-0.020502847
ML162,GABARAP,-0.020528328
VC,ADIPOQ,-0.020609207
Erastin,ABCC2,-0.020672038
VC,NLRP3,-0.02078406
VC,COL3A1,-0.020885449
BCP,VCAM1,-0.020966297
ML162,LMNB1,-0.02114041
VC,MAPK14,-0.021193111
VC,GCLC,-0.021210596
VC,HSPA5,-0.021325905
VC,SQSTM1,-0.021343354
VC,ATF3,-0.021344546
VC,MCM6,-0.02134524
VC,GADD45B,-0.021345243
Erastin,E2F1,-0.021391397
VC,RFC5,-0.021690419
Erastin,ATG3,-0.021844933
VC,CDKN1B,-0.021985073
VC,MAP1LC3A,-0.02198512
VC,HDAC3,-0.02198518
VC,MAX,-0.021985931
Erastin,TERT,-0.022014705
Lip-1,CHAC1,-0.022048837
VC,MMP3,-0.022160547
Lip-1,MDM4,-0.022305759
VC,GCLM,-0.022555327
VC,SERPINE1,-0.022591082
VC,AURKB,-0.022591814
Fer-1,BAP1,-0.022630008
VC,CSF3,-0.022687173
Fer-1,RPA1,-0.022958238
Fer-1,RPA3,-0.022958493
Erastin,MCM3,-0.023001498
ML162,E2F3,-0.023023471
Lip-1,AURKA,-0.023045557
Erastin,HDAC1,-0.023119794
BCP,ZEB1,-0.023125295
BCP,MCM2,-0.023126991
BCP,CCNA2,-0.023127027
BCP,IGFBP3,-0.023127105
Erastin,LIG1,-0.023131546
BCP,MKI67,-0.02313785
BCP,LMNB1,-0.023196079
Erastin,CSF2,-0.023199912
Lip-1,CHEK2,-0.023201052
VC,LIG3,-0.023202676
BCP,TFAM,-0.023214761
BCP,MMP12,-0.02321666
BCP,MMP13,-0.0232168
Erastin,CD8A,-0.023220534
Erastin,HMGA2,-0.023228867
VC,DDIT3,-0.02345786
VC,SAT1,-0.023457881
VC,IRF1,-0.02347996
VC,FOXO1,-0.023480184
VC,NFKB1,-0.02348027
VC,IL18,-0.023480276
VC,PRKAA1,-0.02348065
VC,SOD1,-0.023480665
ML162,RELA,-0.023511464
ML162,XRCC6,-0.023513619
ML162,RFC4,-0.023515124
VC,RFC1,-0.02361461
VC,NCOA4,-0.02361491
ML162,CSE1L,-0.023643654
VC,BECN1,-0.023651509
VC,NBN,-0.0236516
VC,ABCC2,-0.023759134
Erastin,CHAC1,-0.023834813
Erastin,MDM4,-0.02387484
Lip-1,RFC5,-0.023942472
VC,AKT1,-0.024008004
VC,PRNP,-0.02400829
VC,CD4,-0.024015017
VC,RB1,-0.024365833
Erastin,HMOX1,-0.024488185
VC,PLIN2,-0.024514828
Fer-1,CCL3,-0.024525791
DFO,E2F1,-0.024683397
RSL3,KEAP1,-0.024715861
Lip-1,LIG3,-0.024900798
VC,FOXO4,-0.024912795
VC,MNT,-0.024914132
VC,MAPK1,-0.024919754
VC,ATG5,-0.024922723
ML162,CD74,-0.025238134
Erastin,CHEK2,-0.025245883
VC,KEAP1,-0.025256846
Erastin,PCNA,-0.025419675
ML162,TSC1,-0.025448488
VC,MAPK8,-0.025613992
RSL3,GCLM,-0.025684841
ML162,TERF1,-0.025893899
Erastin,MCM5,-0.025965765
RSL3,ICAM1,-0.026095146
VC,ATG7,-0.026099807
RSL3,ABCC1,-0.026105912
Erastin,MAD2L1,-0.026109757
Erastin,SIRT6,-0.026134273
Lip-1,PPARGC1A,-0.026217176
BCP,GABARAP,-0.026358873
Lip-1,HSPB1,-0.02636073
VC,BUB3,-0.026459437
VC,CBS,-0.026460161
VC,IGFBP7,-0.026460255
DFO,MCM4,-0.026857197
Erastin,CCNE1,-0.026877876
Erastin,RAD50,-0.026877897
Erastin,CDKN2A,-0.026878849
BCP,BRD4,-0.026931528
DFO,SLC3A2,-0.027010962
Lip-1,BLM,-0.02717767
Lip-1,RPS6KB1,-0.027207749
Lip-1,GABARAPL1,-0.027223801
DFO,IL10,-0.027370546
Lip-1,IL1A,-0.027397042
Lip-1,BUB1B,-0.027397042
Lip-1,MMP2,-0.027414229
Lip-1,BRCA2,-0.02741424
Lip-1,RFC3,-0.02741425
Fer-1,BRD4,-0.02741547
ML162,TLR4,-0.027415596
Lip-1,PRKAA2,-0.027427081
Lip-1,TSC2,-0.02742709
Lip-1,FANCD2,-0.02762637
Lip-1,COL1A1,-0.02762642
VC,ICAM1,-0.027790107
Lip-1,FTH1,-0.027823739
RSL3,SELE,-0.028009372
Erastin,PPARGC1A,-0.028194143
Lip-1,RGS4,-0.028198088
Erastin,ICAM1,-0.028237365
Erastin,BLM,-0.028271107
Erastin,IL6,-0.028361276
Erastin,BUB1B,-0.028364662
Erastin,IL1A,-0.02836468
Erastin,PRKAA2,-0.028373206
Erastin,TSC2,-0.028373212
Erastin,BRCA2,-0.028378097
Erastin,RFC3,-0.028378103
Erastin,MMP2,-0.028378107
Erastin,FANCD2,-0.028477948
Erastin,COL1A1,-0.028478019
Lip-1,TIMP1,-0.028503986
Erastin,COL1A2,-0.02868464
Lip-1,PLK1,-0.028753871
Lip-1,CCNB1,-0.028753882
BCP,HSPD1,-0.02879346
BCP,MDM2,-0.028794453
Erastin,RGS4,-0.02880547
VC,RPS6KB1,-0.029268075
VC,GABARAPL1,-0.029271131
Lip-1,BNIP3,-0.029439481
DFO,E2F2,-0.029449362
BCP,IL6,-0.02954797
ML162,TGFB1,-0.029560851
Erastin,PRKDC,-0.029634058
Erastin,DPP4,-0.029634077
Erastin,FOXO3,-0.029681806
Erastin,ATG7,-0.029792229
ML162,CXCL2,-0.029822137
Erastin,PLK1,-0.029849982
Erastin,CCNB1,-0.029849986
ML162,PARP1,-0.029997535
Lip-1,TNF,-0.030000845
ML162,XRCC1,-0.030074509
RSL3,MDM4,-0.030154672
RSL3,CCL4,-0.030205354
VC,ABCC1,-0.030223787
VC,BNIP3,-0.030246768
RSL3,CHAC1,-0.030259172
DFO,HDAC2,-0.030357169
Lip-1,ATF2,-0.030419916
BCP,GOT1,-0.030556794
DFO,SNAI1,-0.030611731
VC,ALOX5,-0.030615708
DFO,EIF2A,-0.030646296
BCP,GADD45A,-0.030687539
BCP,CD38,-0.030687848
BCP,CDO1,-0.030687924
DFO,HSP90AA1,-0.030800465
RSL3,CHEK2,-0.030829936
VC,ATR,-0.031049583
VC,IL6,-0.031123687
RSL3,IL6,-0.031194044
DFO,NLRP3,-0.031264678
Erastin,ALOX12,-0.031400885
Erastin,ATF2,-0.03142519
BCP,TERF1,-0.031469427
ML162,CXCL1,-0.031580254
ML162,BUB1,-0.031580288
DFO,CCND1,-0.031626772
BCP,XRCC5,-0.03167138
DFO,TOP2A,-0.0316852
DFO,SESN2,-0.03170758
BCP,TSC1,-0.03171225
RSL3,E2F1,-0.031718414
ML162,MYC,-0.03175336
ML162,CREBBP,-0.0319338
BCP,CREBBP,-0.032007486
BCP,XRCC6,-0.0320385
BCP,RFC4,-0.032040354
BCP,RELA,-0.032040607
BCP,CSE1L,-0.032156467
DFO,FN1,-0.032226514
DFO,RPA2,-0.03227811
ML162,SIRT1,-0.032689013
ML162,VDAC3,-0.03271815
DFO,CDK4,-0.032951005
DFO,CHEK1,-0.03300097
ML162,HSPD1,-0.033134736
ML162,MDM2,-0.033135224
Fer-1,LPIN2,-0.033266887
Erastin,MMP10,-0.033350002
Erastin,HSPB1,-0.03340022
DFO,CDC20,-0.033429313
DFO,TIMP1,-0.033500083
ML162,RPA3,-0.03357346
ML162,RPA1,-0.033573505
DFO,IGFBP5,-0.033574376
RSL3,RGS4,-0.033635043
RSL3,BLM,-0.03364193
ML162,SLC7A11,-0.033647966
VC,RPA3,-0.033649527
VC,RPA1,-0.03364962
DFO,JAK2,-0.03369267
RSL3,RFC3,-0.033707693
RSL3,BRCA2,-0.0337077
RSL3,MMP2,-0.033707704
RSL3,FANCD2,-0.033711124
RSL3,COL1A1,-0.033711165
RSL3,TSC2,-0.033711676
RSL3,PRKAA2,-0.033711698
RSL3,IL1A,-0.03372033
RSL3,BUB1B,-0.033720333
BCP,HSPA5,-0.03393818
RSL3,IL1B,-0.034106992
BCP,MAP1LC3A,-0.034122486
BCP,CDKN1B,-0.034122653
BCP,MAX,-0.03412293
BCP,HDAC3,-0.0341236
RSL3,PNPLA2,-0.034198254
RSL3,TIMP2,-0.034198258
RSL3,ATM,-0.03419826
RSL3,WRN,-0.03419826
RSL3,PLK1,-0.034420446
RSL3,CCNB1,-0.034420453
Erastin,SIRT1,-0.034550894
VC,ZEB1,-0.03472797
VC,MCM2,-0.034728337
VC,CCNA2,-0.034728367
VC,IGFBP3,-0.03472877
VC,MKI67,-0.03473088
ML162,GOT1,-0.034746412
VC,TFAM,-0.034838494
VC,MMP12,-0.034838833
VC,MMP13,-0.034839403
VC,MAD2L1,-0.03502421
RSL3,ALOX5,-0.035127793
VC,IL1B,-0.035293303
DFO,MTOR,-0.035591066
RSL3,TERF2,-0.035607956
BCP,CSF3,-0.035643138
VC,GABARAP,-0.035664193
VC,RELA,-0.03574457
VC,XRCC6,-0.035745572
VC,RFC4,-0.03574665
VC,TERF2,-0.03580841
VC,CSE1L,-0.035901118
BCP,RPA1,-0.036154985
RSL3,MCM3,-0.036155075
BCP,RPA3,-0.036155365
RSL3,HDAC1,-0.03629889
RSL3,ATR,-0.036306486
BCP,NCOA4,-0.036340702
BCP,RFC1,-0.036341697
BCP,BECN1,-0.03637901
BCP,NBN,-0.036379315
RSL3,LIG1,-0.036440913
RSL3,CSF2,-0.036526486
ML162,CCL3,-0.036549617
RSL3,CD8A,-0.036551736
Lip-1,CCNE1,-0.036553778
Lip-1,RAD50,-0.03655381
Lip-1,CDKN2A,-0.03655488
RSL3,HMGA2,-0.03655732
RSL3,PPARGC1A,-0.036590073
BCP,PRNP,-0.03679119
BCP,AKT1,-0.03679208
BCP,CD4,-0.036797673
Lip-1,ABCC2,-0.036982663
BCP,IRF1,-0.036998976
BCP,NFKB1,-0.03699924
BCP,IL18,-0.036999244
BCP,SOD1,-0.036999356
BCP,PRKAA1,-0.03699936
BCP,FOXO1,-0.036999565
RSL3,JUN,-0.03701395
ML162,CXCL10,-0.037052482
BCP,SAT1,-0.037061863
BCP,DDIT3,-0.037061878
RSL3,AURKA,-0.03709019
DFO,TRIB3,-0.037115976
ML162,CDK2,-0.03713136
VC,CCL3,-0.03717165
VC,LMNB1,-0.037192237
BCP,RB1,-0.03720058
BCP,FOS,-0.037279207
DFO,TERF1,-0.037280813
BCP,CCL3,-0.037321597
BCP,MMP3,-0.0375555
VC,TIMP1,-0.037756387
VC,COL1A2,-0.037807487
Lip-1,MAD2L1,-0.03794413
DFO,STEAP3,-0.03804106
DFO,TSC1,-0.038307276
BCP,MAPK8,-0.038454898
Erastin,FOS,-0.0386999
VC,TNFRSF1A,-0.03877177
BCP,GCLC,-0.038812045
BCP,MNT,-0.03889619
BCP,FOXO4,-0.03889626
BCP,ATG5,-0.0389057
BCP,MAPK1,-0.03890581
RSL3,TFRC,-0.03898456
Lip-1,MAPK14,-0.039225236
Lip-1,MCM7,-0.03950343
VC,JUN,-0.039600704
BCP,PLIN2,-0.039658256
RSL3,ATF2,-0.039729536
Lip-1,BRCA1,-0.03973944
Lip-1,MAPK3,-0.039739445
Lip-1,LPIN1,-0.03973945
Lip-1,RFC2,-0.039844137
DFO,PCNA,-0.040213916
BCP,COL3A1,-0.040216845
DFO,CHAC1,-0.0402853
Lip-1,COL1A2,-0.040395617
VC,CDKN2B,-0.040558223
DFO,MDM4,-0.040622354
Erastin,NLRP3,-0.04075313
VC,CCL4,-0.040783692
DFO,CDK2,-0.040942896
RSL3,HMGA1,-0.04100437
Erastin,S100A8,-0.041147977
VC,TFRC,-0.041165605
BCP,ICAM1,-0.041168813
DFO,MAP1LC3B,-0.041334964
RSL3,PCNA,-0.041449297
BCP,SERPINE1,-0.04157633
BCP,AURKB,-0.041576937
Erastin,RFC5,-0.041577708
BCP,BUB3,-0.041901276
BCP,CBS,-0.04190196
BCP,IGFBP7,-0.041902103
DFO,CHEK2,-0.04220115
RSL3,FOS,-0.042651195
Erastin,LIG3,-0.042760536
ML162,TNF,-0.04283831
VC,CCNE1,-0.043231208
VC,RAD50,-0.043231223
VC,CDKN2A,-0.043232016
VC,HMGA1,-0.043301024
ML162,LIG4,-0.044501025
Lip-1,ATF4,-0.044509564
DFO,PPARGC1A,-0.044668674
DFO,RFC5,-0.04478872
VC,DPP4,-0.04479773
VC,PRKDC,-0.04479774
VC,FOXO3,-0.04483292
VC,EIF2AK3,-0.045309372
VC,TERT,-0.04536709
Erastin,MMP9,-0.04543445
VC,EP300,-0.045459263
RSL3,ADIPOQ,-0.045615613
Erastin,SLC40A1,-0.0462313
DFO,LIG3,-0.046369065
VC,CREBBP,-0.04648106
DFO,IL6,-0.047020502
Fer-1,TP53,-0.04721931
VC,MCM7,-0.047439165
Lip-1,RAD51,-0.047486503
RSL3,HSPB1,-0.04748822
VC,HSPD1,-0.04755163
VC,MDM2,-0.04755179
VC,BRCA1,-0.04765878
VC,MAPK3,-0.047658782
VC,LPIN1,-0.047658794
VC,MCM5,-0.04783879
ML162,RAD51,-0.047920205
VC,RFC2,-0.0481282
Fer-1,CDK2,-0.04829596
DFO,ATF2,-0.048894655
VC,GOT1,-0.048967864
RSL3,CDKN2B,-0.04910011
Erastin,ATF3,-0.049204826
Erastin,SQSTM1,-0.049204838
Erastin,GADD45B,-0.049205136
Erastin,MCM6,-0.049205497
VC,TSC1,-0.04935099
DFO,HSPB1,-0.049543716
Erastin,MAPK14,-0.049680553
Fer-1,HMOX1,-0.049701262
VC,TERF1,-0.049994536
Lip-1,TERF2,-0.050097022
ML162,VCAM1,-0.05016771
DFO,BLM,-0.050329134
DFO,BUB1B,-0.05060273
DFO,IL1A,-0.05060276
DFO,RFC3,-0.050619278
DFO,BRCA2,-0.050619278
DFO,MMP2,-0.050619278
Erastin,TIMP1,-0.050643455
DFO,PRKAA2,-0.050643947
DFO,TSC2,-0.05064398
DFO,FANCD2,-0.050901912
DFO,COL1A1,-0.050901968
Fer-1,ICAM1,-0.05121439
DFO,MCM7,-0.051316835
Fer-1,IL6,-0.051461007
Lip-1,SLC40A1,-0.051527776
DFO,RGS4,-0.051567134
BCP,CD74,-0.051721156
DFO,RFC2,-0.051860653
DFO,BRCA1,-0.051873446
DFO,MAPK3,-0.051873453
DFO,LPIN1,-0.051873457
DFO,PLK1,-0.052787848
DFO,CCNB1,-0.052787863
DFO,MAPK14,-0.05281601
Fer-1,FTH1,-0.05300325
VC,PTEN,-0.05338973
ML162,BRD4,-0.054024216
RSL3,MMP10,-0.054027297
BCP,CDK2,-0.054202434
Lip-1,IFNG,-0.054241072
ML162,CDK6,-0.054281272
Erastin,ZEB1,-0.054304063
Erastin,MCM2,-0.05430497
Erastin,CCNA2,-0.05430499
Erastin,IGFBP3,-0.05430522
Erastin,MKI67,-0.054316353
Erastin,TFAM,-0.05440305
Erastin,MMP12,-0.054404054
Erastin,MMP13,-0.054404452
RSL3,ATG3,-0.05459261
RSL3,EIF2AK3,-0.054634925
RSL3,ABCC2,-0.055111878
RSL3,MAPK14,-0.055173278
RSL3,ATG7,-0.05526688
RSL3,TERT,-0.055502992
RSL3,RFC5,-0.055506367
Erastin,LMNB1,-0.055826094
VC,BNIP3L,-0.05584206
VC,ATG3,-0.055994056
RSL3,PTEN,-0.056103803
RSL3,RPS6KB1,-0.05651011
RSL3,GABARAPL1,-0.05651814
Lip-1,CDK6,-0.056527775
Erastin,GABARAP,-0.05658068
RSL3,LIG3,-0.05662755
Lip-1,ATF3,-0.05674347
Lip-1,GADD45B,-0.056743793
Lip-1,MCM6,-0.056744214
Lip-1,SQSTM1,-0.05674593
Erastin,CXCL10,-0.057108346
Erastin,RPA1,-0.05711309
Erastin,RPA3,-0.057113353
VC,SIRT6,-0.057229467
VC,CCL2,-0.057374742
RSL3,SIRT6,-0.05742686
VC,CREB1,-0.05749675
ML162,VDAC2,-0.057742137
RSL3,BNIP3,-0.058019295
BCP,ATF4,-0.05842438
RSL3,MCM5,-0.058673035
DFO,VCAM1,-0.058771927
RSL3,ATF3,-0.05883403
RSL3,GADD45B,-0.058834706
RSL3,MCM6,-0.058834746
RSL3,SQSTM1,-0.058834814
Erastin,RELA,-0.059180867
Erastin,XRCC6,-0.059181184
Erastin,RFC4,-0.05918238
Erastin,CSE1L,-0.059314776
DFO,LMNB1,-0.059369195
DFO,HSPD1,-0.05947132
DFO,MDM2,-0.05947227
Erastin,CCL3,-0.0595102
RSL3,COL3A1,-0.05953843
RSL3,XRCC5,-0.059705377
Erastin,MCM7,-0.059780262
ML162,SLC40A1,-0.059937406
Lip-1,ALOX5,-0.059952885
Erastin,BRCA1,-0.06007163
Erastin,MAPK3,-0.06007163
Erastin,LPIN1,-0.060071636
Fer-1,VEGFA,-0.06022459
Lip-1,LIG4,-0.060256243
Erastin,RFC2,-0.0603385
RSL3,MAP1LC3A,-0.060365163
RSL3,CDKN1B,-0.060365167
RSL3,HDAC3,-0.060365338
RSL3,MAX,-0.060365975
RSL3,HSPA5,-0.060382202
RSL3,EP300,-0.060532667
Lip-1,BAP1,-0.06058922
RSL3,GCLC,-0.060609918
RSL3,BNIP3L,-0.060833313
Erastin,IFNG,-0.060947314
VC,FOS,-0.060995013
RSL3,GADD45A,-0.061039872
RSL3,CD38,-0.06104054
RSL3,CDO1,-0.061040804
RSL3,SERPINE1,-0.06106758
RSL3,AURKB,-0.061068323
BCP,NLRP3,-0.0610774
DFO,TFAM,-0.061158735
DFO,MMP12,-0.06116066
DFO,MMP13,-0.061160773
DFO,ZEB1,-0.061175745
DFO,IGFBP3,-0.061177272
DFO,MCM2,-0.061177436
DFO,CCNA2,-0.061177477
DFO,MKI67,-0.061198264
Lip-1,MAP1LC3A,-0.061360646
Lip-1,CDKN1B,-0.0613608
Lip-1,MAX,-0.06136132
Lip-1,HDAC3,-0.06136145
DFO,GOT1,-0.061543327
Erastin,TERF2,-0.061611913
VC,SIRT1,-0.06165977
Fer-1,ACSL4,-0.06173994
RSL3,CSF3,-0.06183483
Erastin,RAD51,-0.061837588
Fer-1,FOS,-0.06257679
Erastin,LIG4,-0.0626525
RSL3,PLIN2,-0.06274652
Lip-1,XRCC5,-0.062763095
Fer-1,NLRP3,-0.06307143
BCP,LPIN2,-0.06309171
Erastin,MMP3,-0.06309905
Lip-1,ZEB1,-0.06355717
Lip-1,MCM2,-0.06355858
Lip-1,CCNA2,-0.06355861
Lip-1,IGFBP3,-0.06355882
Lip-1,MKI67,-0.063572794
Erastin,ATF4,-0.06362324
RSL3,DPP4,-0.063629374
RSL3,PRKDC,-0.06362939
Lip-1,TFAM,-0.063634634
Lip-1,MMP12,-0.06363621
Lip-1,MMP13,-0.063636504
RSL3,FOXO3,-0.06367056
Lip-1,NFE2L2,-0.06369232
RSL3,MAD2L1,-0.06370645
RSL3,E2F3,-0.06381622
RSL3,BUB3,-0.06392282
RSL3,CBS,-0.06392356
RSL3,IGFBP7,-0.06392365
Lip-1,GADD45A,-0.06415186
Lip-1,CD38,-0.06415234
Lip-1,CDO1,-0.064152524
RSL3,MAPK8,-0.06427148
Erastin,XRCC5,-0.064305626
Erastin,MAP1LC3A,-0.064487234
Erastin,CDKN1B,-0.06448738
Erastin,HDAC3,-0.06448752
Erastin,MAX,-0.06448783
RSL3,RFC1,-0.06454216
RSL3,NCOA4,-0.06454229
Erastin,GADD45A,-0.06454239
Erastin,CDO1,-0.064543
Erastin,CD38,-0.06454302
RSL3,BECN1,-0.064546034
RSL3,NBN,-0.06454614
Lip-1,HSPA5,-0.064546674
Lip-1,LMNB1,-0.06470522
Lip-1,CSF3,-0.064731196
Erastin,HSPD1,-0.0647494
Erastin,MDM2,-0.06474995
RSL3,AKT1,-0.06477443
RSL3,PRNP,-0.06477456
RSL3,CD4,-0.06477592
RSL3,IRF1,-0.064868666
RSL3,FOXO1,-0.06486894
RSL3,IL18,-0.06486896
RSL3,NFKB1,-0.064868964
RSL3,PRKAA1,-0.06486933
RSL3,SOD1,-0.06486934
Lip-1,KEAP1,-0.0648726
RSL3,RB1,-0.06487392
RSL3,DDIT3,-0.06491271
RSL3,SAT1,-0.064912714
RSL3,FOXO4,-0.06492249
RSL3,MNT,-0.06492384
RSL3,MAPK1,-0.0649265
RSL3,ATG5,-0.06492953
DFO,GABARAP,-0.0650046
Erastin,GPX4,-0.0653464
Lip-1,CXCL10,-0.065363586
RSL3,MMP3,-0.065395296
Lip-1,TERF1,-0.06548822
Lip-1,GABARAP,-0.06564606
DFO,GADD45B,-0.06564987
DFO,ATF3,-0.06565016
DFO,MCM6,-0.06565074
DFO,SQSTM1,-0.06565469
Erastin,ALOX5,-0.065736175
RSL3,ATF4,-0.065752074
Lip-1,RPA1,-0.06576945
Lip-1,RPA3,-0.06576976
Erastin,HSPA5,-0.06582359
Lip-1,TSC1,-0.06589147
DFO,ICAM1,-0.06615297
Erastin,CREBBP,-0.0663762
Erastin,CSF3,-0.06639359
RSL3,COL1A2,-0.066592775
Fer-1,ALOX12,-0.06699821
Erastin,GOT1,-0.067063235
RSL3,RPA3,-0.0671452
RSL3,RPA1,-0.06714524
Erastin,TSC1,-0.067193225
Erastin,GCLC,-0.067285076
Erastin,TERF1,-0.067311905
Lip-1,PLIN2,-0.06731666
Lip-1,COL3A1,-0.067346305
DFO,CCL3,-0.067419454
Lip-1,BUB3,-0.067449324
Lip-1,CBS,-0.06745009
Lip-1,IGFBP7,-0.06745021
Erastin,HMGB1,-0.06746902
Lip-1,MAPK8,-0.0675225
VC,E2F3,-0.06758353
Erastin,COL3A1,-0.06764698
Erastin,VDAC2,-0.06781878
Lip-1,CCL3,-0.06789997
Erastin,PLIN2,-0.06821409
Erastin,SERPINE1,-0.06824387
Erastin,AURKB,-0.06824458
RSL3,TIMP1,-0.06828229
Lip-1,GCLC,-0.06837362
Erastin,MAPK8,-0.06841543
Erastin,NCOA4,-0.068509564
Erastin,RFC1,-0.06850978
Erastin,NBN,-0.068521254
Erastin,BECN1,-0.068521276
Erastin,PRNP,-0.06883687
Erastin,AKT1,-0.06883705
Erastin,CD4,-0.06883845
RSL3,CCNE1,-0.06899319
RSL3,RAD50,-0.0689932
RSL3,CDKN2A,-0.06899411
DFO,RPA1,-0.0690016
DFO,RPA3,-0.0690025
Lip-1,S100A8,-0.069031686
Erastin,RB1,-0.06903761
Erastin,BUB3,-0.06904094
Erastin,CBS,-0.06904167
Erastin,IGFBP7,-0.06904172
Lip-1,RB1,-0.06911662
Lip-1,BECN1,-0.06921103
Lip-1,NBN,-0.069211364
Lip-1,CD4,-0.069215514
Lip-1,PRNP,-0.06921866
Lip-1,AKT1,-0.0692193
Lip-1,NCOA4,-0.0692241
Lip-1,RFC1,-0.06922485
DFO,CREBBP,-0.06926755
Fer-1,TLR4,-0.06931742
Erastin,FOXO4,-0.06932565
Erastin,MNT,-0.069326095
Erastin,MAPK1,-0.069332324
Erastin,ATG5,-0.06933336
RSL3,CCL2,-0.0693811
Erastin,KEAP1,-0.06947008
Erastin,IRF1,-0.0695276
Erastin,NFKB1,-0.06952788
Erastin,IL18,-0.069527894
Erastin,FOXO1,-0.06952798
Erastin,PRKAA1,-0.06952808
Erastin,SOD1,-0.0695281
Erastin,SAT1,-0.06961308
Erastin,DDIT3,-0.069613084
Lip-1,RELA,-0.06966033
Lip-1,XRCC6,-0.06966083
Lip-1,RFC4,-0.069662295
Lip-1,CSE1L,-0.06977944
Lip-1,SERPINE1,-0.069787994
Lip-1,AURKB,-0.06978868
ML162,PTGS2,-0.06979294
Lip-1,IRF1,-0.0699833
Lip-1,IL18,-0.069983594
Lip-1,NFKB1,-0.0699836
Lip-1,FOXO1,-0.06998385
Lip-1,PRKAA1,-0.069983885
Lip-1,SOD1,-0.0699839
ML162,TNFRSF1A,-0.07015832
Lip-1,SAT1,-0.0701725
Lip-1,DDIT3,-0.070172526
Lip-1,FOXO4,-0.0704508
Lip-1,MNT,-0.07045113
Lip-1,MAPK1,-0.070453234
Lip-1,ATG5,-0.070454024
RSL3,CCL3,-0.07063082
VC,ATF4,-0.07123909
Lip-1,HSPD1,-0.0712483
Lip-1,MDM2,-0.07124906
Erastin,CDK6,-0.071381725
DFO,CSE1L,-0.07165843
DFO,XRCC6,-0.07166765
DFO,RFC4,-0.07166856
DFO,RELA,-0.07167007
DFO,TNF,-0.07196403
RSL3,ZEB1,-0.07246352
RSL3,MCM2,-0.07246403
RSL3,CCNA2,-0.072464064
RSL3,IGFBP3,-0.072464466
RSL3,MKI67,-0.07247141
RSL3,TFAM,-0.072567225
RSL3,MMP12,-0.0725677
RSL3,MMP13,-0.072568275
Lip-1,GOT1,-0.07306352
RSL3,RELA,-0.073105544
RSL3,XRCC6,-0.07310716
RSL3,RFC4,-0.07310822
RSL3,CSE1L,-0.073254414
Lip-1,MMP9,-0.07354096
Erastin,SELE,-0.07358499
RSL3,GABARAP,-0.07382057
Fer-1,NFE2L2,-0.073954485
RSL3,LMNB1,-0.074991465
ML162,SELE,-0.07538978
Erastin,CDKN1A,-0.07568841
RSL3,MCM7,-0.07611429
RSL3,LPIN1,-0.07628192
RSL3,MAPK3,-0.07628192
RSL3,BRCA1,-0.07628192
Lip-1,CREBBP,-0.07660038
RSL3,RFC2,-0.07662344
RSL3,CREB1,-0.076819465
Fer-1,TNF,-0.07693301
Lip-1,VDAC2,-0.07698487
VC,STAT3,-0.07845188
Fer-1,ATF4,-0.07901705
Erastin,HIF1A,-0.0790703
RSL3,TSC1,-0.07956846
RSL3,TERF1,-0.079921596
Lip-1,PTGS2,-0.080021314
Fer-1,VDAC2,-0.08005579
Fer-1,SLC40A1,-0.08032064
Fer-1,TERF2,-0.08079251
ML162,ICAM1,-0.0810322
ML162,IFNG,-0.08116565
Erastin,BAP1,-0.08122353
DFO,MMP3,-0.08187791
ML162,TFRC,-0.08218396
VC,RAD51,-0.082488336
Lip-1,MMP3,-0.082754895
RSL3,SIRT1,-0.083139814
Lip-1,ALOX12,-0.08317635
RSL3,HSPD1,-0.08354831
RSL3,MDM2,-0.08354857
VC,CDK6,-0.0835724
RSL3,CREBBP,-0.08413276
Erastin,PTGS2,-0.0847982
ML162,IL6,-0.08507014
RSL3,GOT1,-0.08524641
Fer-1,IFNG,-0.085609585
BCP,TNF,-0.085908934
Fer-1,BNIP3L,-0.08619892
BCP,FTH1,-0.086487055
ML162,NLRP3,-0.086805105
RSL3,STAT3,-0.08760085
DFO,TERF2,-0.087668695
Fer-1,CXCL10,-0.087696455
BCP,TP53,-0.088174954
BCP,TERF2,-0.08823396
Lip-1,BNIP3L,-0.088834815
ML162,BAP1,-0.08934222
ML162,PTEN,-0.0905087
Lip-1,SELE,-0.090649016
VC,LIG4,-0.091228165
Fer-1,ALOX5,-0.091306485
ML162,BNIP3L,-0.09130796
Erastin,CXCL2,-0.0917335
Erastin,XRCC1,-0.09188542
Erastin,PARP1,-0.0919096
Fer-1,PTEN,-0.09214323
ML162,CCL4,-0.0921775
BCP,ALOX5,-0.092216454
BCP,HMOX1,-0.092649795
Erastin,TGFB1,-0.09343545
Lip-1,PTEN,-0.09356018
DFO,MAP1LC3A,-0.09401034
DFO,HDAC3,-0.09401071
DFO,CDKN1B,-0.09401075
DFO,MAX,-0.09401083
Erastin,BUB1,-0.09437586
Erastin,CXCL1,-0.094375886
Erastin,MYC,-0.094549134
ML162,KEAP1,-0.09496974
Fer-1,S100A8,-0.095497794
ML162,TERF2,-0.09552164
Erastin,PTEN,-0.09585279
Erastin,VDAC3,-0.09616808
Erastin,IL1B,-0.09641187
BCP,TLR4,-0.09651978
Fer-1,SELE,-0.0966441
Fer-1,MMP9,-0.097427025
Erastin,SLC7A11,-0.09754953
Erastin,CREB1,-0.09755453
DFO,GADD45A,-0.09806749
DFO,CDO1,-0.09806787
DFO,CD38,-0.098067924
DFO,XRCC5,-0.09810109
Fer-1,KEAP1,-0.09816712
BCP,SLC40A1,-0.09905382
Erastin,CCL2,-0.09949341
Lip-1,GPX4,-0.09966842
DFO,ALOX5,-0.09967246
Erastin,TFRC,-0.09992075
Lip-1,TFRC,-0.10026464
ML162,ALOX5,-0.100770935
DFO,BUB3,-0.1012158
DFO,IGFBP7,-0.10121634
DFO,CBS,-0.101216346
BCP,IFNG,-0.10217451
Erastin,BNIP3L,-0.10327334
RSL3,RAD51,-0.10336371
Fer-1,TFRC,-0.10409031
DFO,CSF3,-0.10424316
ML162,IL1B,-0.1051184
Erastin,STAT3,-0.10668492
DFO,MAPK8,-0.106833674
VC,BAP1,-0.10724528
DFO,HSPA5,-0.10751228
DFO,PTEN,-0.10770038
RSL3,LIG4,-0.10822667
BCP,KEAP1,-0.108391844
DFO,PLIN2,-0.10841009
RSL3,CDK6,-0.10849529
Lip-1,HMGB1,-0.109290846
DFO,NCOA4,-0.10946883
DFO,RFC1,-0.1094698
DFO,BECN1,-0.10951393
DFO,NBN,-0.10951409
DFO,PRNP,-0.109855145
DFO,AKT1,-0.10985604
DFO,CD4,-0.10986113
DFO,IRF1,-0.10996233
DFO,IL18,-0.1099625
DFO,NFKB1,-0.1099625
DFO,PRKAA1,-0.109962724
DFO,SOD1,-0.10996275
DFO,FOXO1,-0.10996288
DFO,SAT1,-0.110042766
DFO,DDIT3,-0.110042825
DFO,RB1,-0.110270716
DFO,MNT,-0.1115263
DFO,FOXO4,-0.11152725
DFO,ATG5,-0.111534946
DFO,MAPK1,-0.111537
DFO,COL3A1,-0.11192173
DFO,GCLC,-0.112939596
Fer-1,CXCL2,-0.113323286
BCP,VEGFA,-0.11350856
Fer-1,XRCC1,-0.11351279
Fer-1,PARP1,-0.11360112
DFO,IFNG,-0.11446943
DFO,SERPINE1,-0.11529481
DFO,AURKB,-0.11529524
Fer-1,GPX4,-0.115382485
Lip-1,IL1B,-0.11567406
Lip-1,CDKN1A,-0.11575001
ML162,FOS,-0.11708564
BCP,ACSL4,-0.11730864
Fer-1,HMGB1,-0.117967196
Fer-1,VDAC3,-0.11876613
ML162,CREB1,-0.11888891
BCP,SELE,-0.11962389
Lip-1,STAT3,-0.12034827
Lip-1,HIF1A,-0.12046429
Fer-1,CXCL1,-0.120640114
Fer-1,BUB1,-0.12064014
Fer-1,MYC,-0.120909445
Fer-1,PTGS2,-0.12118514
DFO,STAT3,-0.12128033
Lip-1,CREB1,-0.122755855
DFO,BNIP3L,-0.122792035
ML162,CCL2,-0.12326784
DFO,KEAP1,-0.12328386
Fer-1,CDKN1A,-0.123933874
RSL3,BAP1,-0.1245478
Fer-1,SLC7A11,-0.12456118
Lip-1,CCL2,-0.12468058
DFO,SELE,-0.1250929
Fer-1,HIF1A,-0.12514865
Fer-1,CREB1,-0.12588409
BCP,CREB1,-0.12620227
Fer-1,TGFB1,-0.12755577
BCP,ALOX12,-0.12932591
ML162,ATF4,-0.1295321
BCP,VDAC2,-0.12957071
DFO,SLC40A1,-0.13038269
BCP,PTEN,-0.13049479
DFO,VDAC2,-0.1324845
BCP,STAT3,-0.13265896
Fer-1,STAT3,-0.13347195
BCP,BNIP3L,-0.13447319
DFO,CREB1,-0.13450715
DFO,ALOX12,-0.13460234
ML162,STAT3,-0.13737273
DFO,TLR4,-0.13796064
BCP,CCL2,-0.13838513
Fer-1,CCL2,-0.13883257
Lip-1,CXCL2,-0.13947944
Lip-1,XRCC1,-0.13956451
Lip-1,PARP1,-0.13969071
BCP,NFE2L2,-0.14188531
Lip-1,VDAC3,-0.14347643
Fer-1,IL1B,-0.14429085
DFO,TFRC,-0.14575845
Lip-1,CXCL1,-0.14617403
Lip-1,BUB1,-0.14617406
Lip-1,MYC,-0.1463787
Lip-1,TGFB1,-0.1464027
DFO,CCL2,-0.14764994
BCP,CXCL10,-0.14774568
Lip-1,SLC7A11,-0.14906932
BCP,TFRC,-0.1528002
DFO,NFE2L2,-0.15541646
DFO,HMOX1,-0.16279031
BCP,IL1B,-0.16367377
BCP,PTGS2,-0.16609748
DFO,CXCL10,-0.16655831
DFO,LPIN2,-0.17389181
BCP,S100A8,-0.17518884
BCP,MMP9,-0.17983575
BCP,CXCL2,-0.18148951
BCP,XRCC1,-0.18177031
BCP,PARP1,-0.18182807
DFO,IL1B,-0.18274952
DFO,TP53,-0.1869114
BCP,BUB1,-0.18820292
BCP,CXCL1,-0.18820292
BCP,MYC,-0.18853073
BCP,VDAC3,-0.18982138
BCP,SLC7A11,-0.19414483
BCP,HMGB1,-0.19430788
DFO,FTH1,-0.19875798
BCP,TGFB1,-0.19971769
BCP,GPX4,-0.20013785
BCP,CDKN1A,-0.2055807
BCP,HIF1A,-0.20698327
DFO,PTGS2,-0.20756222
DFO,ACSL4,-0.223139
DFO,VEGFA,-0.22394969
DFO,S100A8,-0.23828301
DFO,CXCL2,-0.24333149
DFO,XRCC1,-0.2433448
DFO,PARP1,-0.24362731
DFO,MMP9,-0.24670863
DFO,VDAC3,-0.25244763
DFO,BUB1,-0.2530053
DFO,CXCL1,-0.2530053
DFO,MYC,-0.25328952
DFO,HMGB1,-0.25663358
DFO,SLC7A11,-0.2595687
DFO,TGFB1,-0.26653594
DFO,GPX4,-0.26694605
DFO,CDKN1A,-0.27238038
DFO,HIF1A,-0.27475944
