source_celltype,target_celltype,lr_pair,flow
Neuron,Neuron,TNF-TNFRSF1A,0.28800914
Neuron,Microglia,TNF-TNFRSF1A,0.32884237
Neuron,Astrocyte,TNF-TNFRSF1A,0.28734684
Neuron,Oligodendrocyte,TNF-TNFRSF1A,0.3473774
Neuron,Endothelial,TNF-TNFRSF1A,0.327252
Neuron,Pericyte,TNF-TNFRSF1A,0.3473774
Microglia,Neuron,TNF-TNFRSF1A,0.28176546
Microglia,Microglia,TNF-TNFRSF1A,0.32171348
Microglia,Astrocyte,TNF-TNFRSF1A,0.28111753
Microglia,Oligodendrocyte,TNF-TNFRSF1A,0.3398467
Microglia,Endothelial,TNF-TNFRSF1A,0.3201576
Microglia,Pericyte,TNF-TNFRSF1A,0.3398467
Astrocyte,Neuron,TNF-TNFRSF1A,0.28897774
Astrocyte,Microglia,TNF-TNFRSF1A,0.3299483
Astrocyte,Astrocyte,TNF-TNFRSF1A,0.2883132
Astrocyte,Oligodendrocyte,TNF-TNFRSF1A,0.34854564
Astrocyte,Endothelial,TNF-TNFRSF1A,0.32835257
Astrocyte,Pericyte,TNF-TNFRSF1A,0.34854564
Oligodendrocyte,Neuron,TNF-TNFRSF1A,0.3286788
Oligodendrocyte,Microglia,TNF-TNFRSF1A,0.37527806
Oligodendrocyte,Astrocyte,TNF-TNFRSF1A,0.32792297
Oligodendrocyte,Oligodendrocyte,TNF-TNFRSF1A,0.3964304
Oligodendrocyte,Endothelial,TNF-TNFRSF1A,0.3734631
Oligodendrocyte,Pericyte,TNF-TNFRSF1A,0.3964304
Endothelial,Neuron,TNF-TNFRSF1A,0.2821663
Endothelial,Microglia,TNF-TNFRSF1A,0.32217115
Endothelial,Astrocyte,TNF-TNFRSF1A,0.28151745
Endothelial,Oligodendrocyte,TNF-TNFRSF1A,0.34033015
Endothelial,Endothelial,TNF-TNFRSF1A,0.32061303
Endothelial,Pericyte,TNF-TNFRSF1A,0.34033015
Pericyte,Neuron,TNF-TNFRSF1A,0.32867882
Pericyte,Microglia,TNF-TNFRSF1A,0.3752781
Pericyte,Astrocyte,TNF-TNFRSF1A,0.327923
Pericyte,Oligodendrocyte,TNF-TNFRSF1A,0.39643043
Pericyte,Endothelial,TNF-TNFRSF1A,0.37346312
Pericyte,Pericyte,TNF-TNFRSF1A,0.39643043
Neuron,Neuron,HMGB1-TLR4,0.2758759
Neuron,Microglia,HMGB1-TLR4,0.26290378
Neuron,Astrocyte,HMGB1-TLR4,0.27680814
Neuron,Oligodendrocyte,HMGB1-TLR4,0.2955928
Neuron,Endothelial,HMGB1-TLR4,0.26330283
Neuron,Pericyte,HMGB1-TLR4,0.2955928
Microglia,Neuron,HMGB1-TLR4,0.30002853
Microglia,Microglia,HMGB1-TLR4,0.28592074
Microglia,Astrocyte,HMGB1-TLR4,0.3010424
Microglia,Oligodendrocyte,HMGB1-TLR4,0.32147163
Microglia,Endothelial,HMGB1-TLR4,0.2863547
Microglia,Pericyte,HMGB1-TLR4,0.32147163
Astrocyte,Neuron,HMGB1-TLR4,0.27741373
Astrocyte,Microglia,HMGB1-TLR4,0.2643693
Astrocyte,Astrocyte,HMGB1-TLR4,0.2783512
Astrocyte,Oligodendrocyte,HMGB1-TLR4,0.29724056
Astrocyte,Endothelial,HMGB1-TLR4,0.26477057
Astrocyte,Pericyte,HMGB1-TLR4,0.29724056
Oligodendrocyte,Neuron,HMGB1-TLR4,0.38615835
Oligodendrocyte,Microglia,HMGB1-TLR4,0.3680006
Oligodendrocyte,Astrocyte,HMGB1-TLR4,0.38746327
Oligodendrocyte,Oligodendrocyte,HMGB1-TLR4,0.41375718
Oligodendrocyte,Endothelial,HMGB1-TLR4,0.36855912
Oligodendrocyte,Pericyte,HMGB1-TLR4,0.41375718
Endothelial,Neuron,HMGB1-TLR4,0.30063936
Endothelial,Microglia,HMGB1-TLR4,0.28650284
Endothelial,Astrocyte,HMGB1-TLR4,0.3016553
Endothelial,Oligodendrocyte,HMGB1-TLR4,0.32212612
Endothelial,Endothelial,HMGB1-TLR4,0.28693768
Endothelial,Pericyte,HMGB1-TLR4,0.32212612
Pericyte,Neuron,HMGB1-TLR4,0.38615835
Pericyte,Microglia,HMGB1-TLR4,0.3680006
Pericyte,Astrocyte,HMGB1-TLR4,0.38746327
Pericyte,Oligodendrocyte,HMGB1-TLR4,0.41375718
Pericyte,Endothelial,HMGB1-TLR4,0.36855912
Pericyte,Pericyte,HMGB1-TLR4,0.41375718
Neuron,Neuron,S100A8-TLR4,0.27336875
Neuron,Microglia,S100A8-TLR4,0.26051453
Neuron,Astrocyte,S100A8-TLR4,0.27429253
Neuron,Oligodendrocyte,S100A8-TLR4,0.29290646
Neuron,Endothelial,S100A8-TLR4,0.26090994
Neuron,Pericyte,S100A8-TLR4,0.29290646
Microglia,Neuron,S100A8-TLR4,0.29676095
Microglia,Microglia,S100A8-TLR4,0.28280678
Microglia,Astrocyte,S100A8-TLR4,0.29776376
Microglia,Oligodendrocyte,S100A8-TLR4,0.3179705
Microglia,Endothelial,S100A8-TLR4,0.28323603
Microglia,Pericyte,S100A8-TLR4,0.3179705
Astrocyte,Neuron,S100A8-TLR4,0.27494106
Astrocyte,Microglia,S100A8-TLR4,0.2620129
Astrocyte,Astrocyte,S100A8-TLR4,0.27587014
Astrocyte,Oligodendrocyte,S100A8-TLR4,0.29459116
Astrocyte,Endothelial,S100A8-TLR4,0.26241058
Astrocyte,Pericyte,S100A8-TLR4,0.29459116
Oligodendrocyte,Neuron,S100A8-TLR4,0.38661936
Oligodendrocyte,Microglia,S100A8-TLR4,0.36843994
Oligodendrocyte,Astrocyte,S100A8-TLR4,0.38792586
Oligodendrocyte,Oligodendrocyte,S100A8-TLR4,0.41425115
Oligodendrocyte,Endothelial,S100A8-TLR4,0.36899915
Oligodendrocyte,Pericyte,S100A8-TLR4,0.41425115
Endothelial,Neuron,S100A8-TLR4,0.29741126
Endothelial,Microglia,S100A8-TLR4,0.28342652
Endothelial,Astrocyte,S100A8-TLR4,0.2984163
Endothelial,Oligodendrocyte,S100A8-TLR4,0.31866732
Endothelial,Endothelial,S100A8-TLR4,0.28385672
Endothelial,Pericyte,S100A8-TLR4,0.31866732
Pericyte,Neuron,S100A8-TLR4,0.38661936
Pericyte,Microglia,S100A8-TLR4,0.36843994
Pericyte,Astrocyte,S100A8-TLR4,0.38792586
Pericyte,Oligodendrocyte,S100A8-TLR4,0.41425115
Pericyte,Endothelial,S100A8-TLR4,0.36899915
Pericyte,Pericyte,S100A8-TLR4,0.41425115
Neuron,Neuron,HIF1A-VEGFA,0.20733511
Neuron,Microglia,HIF1A-VEGFA,0.20050393
Neuron,Astrocyte,HIF1A-VEGFA,0.20712125
Neuron,Oligodendrocyte,HIF1A-VEGFA,0.19493131
Neuron,Endothelial,HIF1A-VEGFA,0.2000501
Neuron,Pericyte,HIF1A-VEGFA,0.19493131
Microglia,Neuron,HIF1A-VEGFA,0.22557434
Microglia,Microglia,HIF1A-VEGFA,0.21814221
Microglia,Astrocyte,HIF1A-VEGFA,0.22534166
Microglia,Oligodendrocyte,HIF1A-VEGFA,0.21207936
Microglia,Endothelial,HIF1A-VEGFA,0.21764845
Microglia,Pericyte,HIF1A-VEGFA,0.21207936
Astrocyte,Neuron,HIF1A-VEGFA,0.20850664
Astrocyte,Microglia,HIF1A-VEGFA,0.20163687
Astrocyte,Astrocyte,HIF1A-VEGFA,0.20829158
Astrocyte,Oligodendrocyte,HIF1A-VEGFA,0.19603275
Astrocyte,Endothelial,HIF1A-VEGFA,0.20118046
Astrocyte,Pericyte,HIF1A-VEGFA,0.19603275
Oligodendrocyte,Neuron,HIF1A-VEGFA,0.293103
Oligodendrocyte,Microglia,HIF1A-VEGFA,0.28344598
Oligodendrocyte,Astrocyte,HIF1A-VEGFA,0.29280066
Oligodendrocyte,Oligodendrocyte,HIF1A-VEGFA,0.27556813
Oligodendrocyte,Endothelial,HIF1A-VEGFA,0.2828044
Oligodendrocyte,Pericyte,HIF1A-VEGFA,0.27556813
Endothelial,Neuron,HIF1A-VEGFA,0.22605087
Endothelial,Microglia,HIF1A-VEGFA,0.21860306
Endothelial,Astrocyte,HIF1A-VEGFA,0.22581771
Endothelial,Oligodendrocyte,HIF1A-VEGFA,0.2125274
Endothelial,Endothelial,HIF1A-VEGFA,0.21810824
Endothelial,Pericyte,HIF1A-VEGFA,0.2125274
Pericyte,Neuron,HIF1A-VEGFA,0.293103
Pericyte,Microglia,HIF1A-VEGFA,0.28344598
Pericyte,Astrocyte,HIF1A-VEGFA,0.29280066
Pericyte,Oligodendrocyte,HIF1A-VEGFA,0.27556813
Pericyte,Endothelial,HIF1A-VEGFA,0.2828044
Pericyte,Pericyte,HIF1A-VEGFA,0.27556813
Neuron,Neuron,KEAP1-NFE2L2,0.27749968
Neuron,Microglia,KEAP1-NFE2L2,0.30236888
Neuron,Astrocyte,KEAP1-NFE2L2,0.2790365
Neuron,Oligodendrocyte,KEAP1-NFE2L2,0.3879823
Neuron,Endothelial,KEAP1-NFE2L2,0.30296442
Neuron,Pericyte,KEAP1-NFE2L2,0.3879823
Microglia,Neuron,KEAP1-NFE2L2,0.25879434
Microglia,Microglia,KEAP1-NFE2L2,0.2819872
Microglia,Astrocyte,KEAP1-NFE2L2,0.26022756
Microglia,Oligodendrocyte,KEAP1-NFE2L2,0.3618297
Microglia,Endothelial,KEAP1-NFE2L2,0.28254256
Microglia,Pericyte,KEAP1-NFE2L2,0.3618297
Astrocyte,Neuron,KEAP1-NFE2L2,0.2784733
Astrocyte,Microglia,KEAP1-NFE2L2,0.30342975
Astrocyte,Astrocyte,KEAP1-NFE2L2,0.28001553
Astrocyte,Oligodendrocyte,KEAP1-NFE2L2,0.38934356
Astrocyte,Endothelial,KEAP1-NFE2L2,0.30402738
Astrocyte,Pericyte,KEAP1-NFE2L2,0.38934356
Oligodendrocyte,Neuron,KEAP1-NFE2L2,0.29935864
Oligodendrocyte,Microglia,KEAP1-NFE2L2,0.3261868
Oligodendrocyte,Astrocyte,KEAP1-NFE2L2,0.3010165
Oligodendrocyte,Oligodendrocyte,KEAP1-NFE2L2,0.4185441
Oligodendrocyte,Endothelial,KEAP1-NFE2L2,0.32682925
Oligodendrocyte,Pericyte,KEAP1-NFE2L2,0.4185441
Endothelial,Neuron,KEAP1-NFE2L2,0.25888258
Endothelial,Microglia,KEAP1-NFE2L2,0.28208333
Endothelial,Astrocyte,KEAP1-NFE2L2,0.2603163
Endothelial,Oligodendrocyte,KEAP1-NFE2L2,0.36195308
Endothelial,Endothelial,KEAP1-NFE2L2,0.2826389
Endothelial,Pericyte,KEAP1-NFE2L2,0.36195308
Pericyte,Neuron,KEAP1-NFE2L2,0.29935864
Pericyte,Microglia,KEAP1-NFE2L2,0.3261868
Pericyte,Astrocyte,KEAP1-NFE2L2,0.3010165
Pericyte,Oligodendrocyte,KEAP1-NFE2L2,0.4185441
Pericyte,Endothelial,KEAP1-NFE2L2,0.32682925
Pericyte,Pericyte,KEAP1-NFE2L2,0.4185441
Neuron,Neuron,TP53-CDKN1A,0.2769751
Neuron,Microglia,TP53-CDKN1A,0.30006355
Neuron,Astrocyte,TP53-CDKN1A,0.27853775
Neuron,Oligodendrocyte,TP53-CDKN1A,0.38525763
Neuron,Endothelial,TP53-CDKN1A,0.3006908
Neuron,Pericyte,TP53-CDKN1A,0.38525763
Microglia,Neuron,TP53-CDKN1A,0.26465502
Microglia,Microglia,TP53-CDKN1A,0.2867165
Microglia,Astrocyte,TP53-CDKN1A,0.26614818
Microglia,Oligodendrocyte,TP53-CDKN1A,0.3681211
Microglia,Endothelial,TP53-CDKN1A,0.28731588
Microglia,Pericyte,TP53-CDKN1A,0.3681211
Astrocyte,Neuron,TP53-CDKN1A,0.2778777
Astrocyte,Microglia,TP53-CDKN1A,0.30104136
Astrocyte,Astrocyte,TP53-CDKN1A,0.27944544
Astrocyte,Oligodendrocyte,TP53-CDKN1A,0.38651305
Astrocyte,Endothelial,TP53-CDKN1A,0.30167067
Astrocyte,Pericyte,TP53-CDKN1A,0.38651305
Oligodendrocyte,Neuron,TP53-CDKN1A,0.29800612
Oligodendrocyte,Microglia,TP53-CDKN1A,0.32284772
Oligodendrocyte,Astrocyte,TP53-CDKN1A,0.29968745
Oligodendrocyte,Oligodendrocyte,TP53-CDKN1A,0.41451067
Oligodendrocyte,Endothelial,TP53-CDKN1A,0.3235226
Oligodendrocyte,Pericyte,TP53-CDKN1A,0.41451067
Endothelial,Neuron,TP53-CDKN1A,0.26503238
Endothelial,Microglia,TP53-CDKN1A,0.28712532
Endothelial,Astrocyte,TP53-CDKN1A,0.26652768
Endothelial,Oligodendrocyte,TP53-CDKN1A,0.36864597
Endothelial,Endothelial,TP53-CDKN1A,0.28772554
Endothelial,Pericyte,TP53-CDKN1A,0.36864597
Pericyte,Neuron,TP53-CDKN1A,0.29800612
Pericyte,Microglia,TP53-CDKN1A,0.32284772
Pericyte,Astrocyte,TP53-CDKN1A,0.29968745
Pericyte,Oligodendrocyte,TP53-CDKN1A,0.41451067
Pericyte,Endothelial,TP53-CDKN1A,0.3235226
Pericyte,Pericyte,TP53-CDKN1A,0.41451067
Neuron,Neuron,CDKN1A-CDK2,0.2806278
Neuron,Microglia,CDKN1A-CDK2,0.2616142
Neuron,Astrocyte,CDKN1A-CDK2,0.28160927
Neuron,Oligodendrocyte,CDKN1A-CDK2,0.3002746
Neuron,Endothelial,CDKN1A-CDK2,0.26166913
Neuron,Pericyte,CDKN1A-CDK2,0.3002746
Microglia,Neuron,CDKN1A-CDK2,0.30402073
Microglia,Microglia,CDKN1A-CDK2,0.2834222
Microglia,Astrocyte,CDKN1A-CDK2,0.30508402
Microglia,Oligodendrocyte,CDKN1A-CDK2,0.3253053
Microglia,Endothelial,CDKN1A-CDK2,0.2834817
Microglia,Pericyte,CDKN1A-CDK2,0.3253053
Astrocyte,Neuron,CDKN1A-CDK2,0.28221107
Astrocyte,Microglia,CDKN1A-CDK2,0.26309022
Astrocyte,Astrocyte,CDKN1A-CDK2,0.28319806
Astrocyte,Oligodendrocyte,CDKN1A-CDK2,0.30196875
Astrocyte,Endothelial,CDKN1A-CDK2,0.26314542
Astrocyte,Pericyte,CDKN1A-CDK2,0.30196875
Oligodendrocyte,Neuron,CDKN1A-CDK2,0.39033833
Oligodendrocyte,Microglia,CDKN1A-CDK2,0.36389145
Oligodendrocyte,Astrocyte,CDKN1A-CDK2,0.3917035
Oligodendrocyte,Oligodendrocyte,CDKN1A-CDK2,0.41766605
Oligodendrocyte,Endothelial,CDKN1A-CDK2,0.36396784
Oligodendrocyte,Pericyte,CDKN1A-CDK2,0.41766605
Endothelial,Neuron,CDKN1A-CDK2,0.30465627
Endothelial,Microglia,CDKN1A-CDK2,0.28401467
Endothelial,Astrocyte,CDKN1A-CDK2,0.30572176
Endothelial,Oligodendrocyte,CDKN1A-CDK2,0.32598534
Endothelial,Endothelial,CDKN1A-CDK2,0.28407428
Endothelial,Pericyte,CDKN1A-CDK2,0.32598534
Pericyte,Neuron,CDKN1A-CDK2,0.39033833
Pericyte,Microglia,CDKN1A-CDK2,0.36389145
Pericyte,Astrocyte,CDKN1A-CDK2,0.3917035
Pericyte,Oligodendrocyte,CDKN1A-CDK2,0.41766605
Pericyte,Endothelial,CDKN1A-CDK2,0.36396784
Pericyte,Pericyte,CDKN1A-CDK2,0.41766605
Neuron,Neuron,IL1B-NLRP3,0.22647156
Neuron,Microglia,IL1B-NLRP3,0.2578523
Neuron,Astrocyte,IL1B-NLRP3,0.2260045
Neuron,Oligodendrocyte,IL1B-NLRP3,0.27583316
Neuron,Endothelial,IL1B-NLRP3,0.25665614
Neuron,Pericyte,IL1B-NLRP3,0.27583316
Microglia,Neuron,IL1B-NLRP3,0.24625538
Microglia,Microglia,IL1B-NLRP3,0.28037742
Microglia,Astrocyte,IL1B-NLRP3,0.24574752
Microglia,Oligodendrocyte,IL1B-NLRP3,0.29992905
Microglia,Endothelial,IL1B-NLRP3,0.27907678
Microglia,Pericyte,IL1B-NLRP3,0.29992905
Astrocyte,Neuron,IL1B-NLRP3,0.22774887
Astrocyte,Microglia,IL1B-NLRP3,0.25930658
Astrocyte,Astrocyte,IL1B-NLRP3,0.22727917
Astrocyte,Oligodendrocyte,IL1B-NLRP3,0.27738887
Astrocyte,Endothelial,IL1B-NLRP3,0.2581037
Astrocyte,Pericyte,IL1B-NLRP3,0.27738887
Oligodendrocyte,Neuron,IL1B-NLRP3,0.31955755
Oligodendrocyte,Microglia,IL1B-NLRP3,0.3638366
Oligodendrocyte,Astrocyte,IL1B-NLRP3,0.3188985
Oligodendrocyte,Oligodendrocyte,IL1B-NLRP3,0.3892081
Oligodendrocyte,Endothelial,IL1B-NLRP3,0.36214882
Oligodendrocyte,Pericyte,IL1B-NLRP3,0.3892081
Endothelial,Neuron,IL1B-NLRP3,0.24677493
Endothelial,Microglia,IL1B-NLRP3,0.28096896
Endothelial,Astrocyte,IL1B-NLRP3,0.24626599
Endothelial,Oligodendrocyte,IL1B-NLRP3,0.30056185
Endothelial,Endothelial,IL1B-NLRP3,0.2796656
Endothelial,Pericyte,IL1B-NLRP3,0.30056185
Pericyte,Neuron,IL1B-NLRP3,0.31955755
Pericyte,Microglia,IL1B-NLRP3,0.3638366
Pericyte,Astrocyte,IL1B-NLRP3,0.3188985
Pericyte,Oligodendrocyte,IL1B-NLRP3,0.3892081
Pericyte,Endothelial,IL1B-NLRP3,0.36214882
Pericyte,Pericyte,IL1B-NLRP3,0.3892081
