,dim_0,dim_1,dim_2,dim_3,dim_4,dim_5,dim_6,dim_7,dim_8,dim_9,dim_10,dim_11,dim_12,dim_13,dim_14,dim_15,dim_16,dim_17,dim_18,dim_19,dim_20,dim_21,dim_22,dim_23,dim_24,dim_25,dim_26,dim_27,dim_28,dim_29,dim_30,dim_31
Ferroptosis,-0.087335706,-0.2841744,-0.1865382,0.29362354,0.41719103,0.24830925,-0.0131574515,0.11823097,-0.29029614,0.047452062,0.0812358,0.18356067,0.227184,-0.21575953,0.03239729,0.40739936,-0.44127047,0.1846551,0.13265431,0.096781,-0.2374499,0.28606546,0.08546002,-0.33614773,-0.16900295,0.44576782,0.1883404,-0.29349136,-0.028512724,-0.1259643,0.10696133,-0.11636255
Glutathione_metabolism,0.04072632,-0.3155468,-0.1428667,0.29566166,0.44293654,0.12872314,-0.14108326,0.15019132,-0.36757085,0.2514948,0.089514606,0.13267308,0.22213987,-0.15491758,0.055894647,0.3790458,-0.47690824,0.078164116,0.10218398,0.23277044,-0.17068855,0.07055175,-0.09259853,-0.14849043,-0.18949059,0.36163145,0.08045579,-0.19462347,0.086886354,-0.2637126,0.12871444,-0.20232749
Iron_homeostasis,0.015810207,-0.37377667,-0.19366933,0.29562822,0.52129227,0.16264543,-0.23463576,0.15138008,-0.39641145,0.27537665,0.13384315,0.12390896,0.31816554,-0.1314607,0.06935811,0.41918197,-0.49663377,0.05525885,0.044114947,0.29745567,-0.17444617,0.035394143,-0.14389609,-0.18776834,-0.21154022,0.41586304,0.08219966,-0.16313702,0.17707711,-0.3197087,0.111128904,-0.2976099
Lipid_peroxidation,-0.10199554,-0.3134818,-0.08176888,0.22338884,0.4764979,0.2935877,-0.084382445,0.070243165,-0.23545915,0.027218416,0.061509438,0.104700334,0.27970082,-0.0062426007,-0.04761604,0.42897704,-0.38951173,0.17346807,0.05083154,0.30172005,-0.13955371,0.08660917,0.042788856,-0.3236353,-0.21358684,0.38594168,0.07301798,-0.17851776,0.11583451,-0.21261802,0.17978093,-0.2511176
Nrf2_pathway,-0.14814529,-0.24438518,-0.10651353,0.30268234,0.29488713,0.19190466,0.0020279568,0.100515835,-0.26741663,0.12605873,0.041089393,0.12654167,0.21440037,-0.17899948,0.052923884,0.34014356,-0.43053633,0.14932507,0.09805375,0.09256598,-0.14899121,0.2064215,0.030659087,-0.19637838,-0.25245884,0.35446978,0.20286334,-0.20290509,-0.024053708,-0.1432881,0.09102198,-0.20524669
Autophagy,-0.104558006,-0.27100998,-0.16329733,0.2709737,0.31412244,0.16448471,-0.05572991,0.08373741,-0.29954755,0.120268695,0.08052602,0.14365375,0.22786008,-0.18279958,0.08887637,0.34943074,-0.43515468,0.12785168,0.06717293,0.110052064,-0.16312529,0.16249792,-0.008161947,-0.20853771,-0.22427624,0.3844394,0.19455771,-0.20922822,0.008387752,-0.16635051,0.057093956,-0.20489037
Mitochondrial_dysfunction,-0.15305994,-0.24721627,-0.1188681,0.30805796,0.3042932,0.20436168,-0.010364221,0.10605064,-0.28140175,0.1385909,0.055753894,0.121914886,0.23108996,-0.19933042,0.05244479,0.34402806,-0.45247266,0.1428229,0.105003275,0.092771396,-0.1536461,0.20830584,0.025812104,-0.20127216,-0.24578562,0.3703786,0.20922895,-0.2074318,-0.017927729,-0.1476883,0.088909194,-0.2153318
ROS_signaling,-0.18758199,-0.06694526,-0.118913636,0.093797974,-0.3691758,-0.016617212,0.13412377,0.0481079,-0.10818231,-0.053125486,0.0054275393,-0.05971337,-0.17974271,-0.15517274,0.14170067,-0.05945626,-0.10404157,-0.03699113,0.10627034,-0.31920466,-0.07851197,0.060957383,0.26307082,0.120465145,-0.25726518,-0.08620708,0.25229514,-0.27744374,-0.40242025,0.12204649,-0.19370717,-0.023363955
Cellular_senescence,-0.08938989,-0.29885858,-0.1852955,0.33382288,0.42707208,0.22894688,-0.0061505605,0.13741347,-0.31499594,0.10235266,0.090221845,0.19965515,0.23607554,-0.26029158,0.067033626,0.4070189,-0.47492787,0.18873444,0.14331788,0.08733159,-0.25479683,0.3116866,0.06899449,-0.31010312,-0.19475389,0.45707846,0.2123779,-0.29550588,-0.04324697,-0.14700674,0.10973861,-0.12823246
p53_pathway,-0.16227235,-0.1459139,-0.024952374,0.21721001,0.09505108,0.10049172,0.08730814,0.07524052,-0.12507173,0.065958105,-0.08665126,0.07003244,0.03151452,-0.052821796,-0.005435762,0.23809958,-0.25652978,0.11947657,0.082641475,0.00020917132,-0.05298137,0.18160425,0.065654896,-0.09260493,-0.26271832,0.14554334,0.1605381,-0.19527012,-0.10041032,-0.034135103,0.07818701,-0.09836727
p16_Rb_pathway,-0.15524705,-0.08625598,-0.04769864,0.19737273,0.20222437,0.3537777,0.32927737,0.06708972,-0.049287178,-0.31227717,-0.087228455,0.17225066,-0.03778444,-0.17783442,-0.1667748,0.33378732,-0.265845,0.33494484,0.29195642,-0.11419067,-0.22631809,0.4955191,0.4321404,-0.45349294,-0.054303065,0.31651103,0.18610325,-0.4339382,-0.3101613,0.17446375,0.18004447,0.2060087
SASP,-0.06636985,-0.035306256,-0.021593016,-0.012389146,-0.10338019,0.0051742457,0.06367653,-0.021179834,0.025013372,-0.096069336,-0.13930535,-0.024432369,-0.11822818,0.029633183,-0.002888551,0.11648318,-0.19781423,0.10082866,0.025819244,0.028375063,-0.014654484,-0.0055782553,0.13051191,-0.1055301,-0.046348974,0.06240245,-0.04168309,-0.19067387,-0.10449518,0.13336447,0.009959258,0.05998633
DNA_damage_response,-0.14919184,-0.24743097,0.12498881,0.11690948,0.37021196,0.3221977,0.008852145,0.041364975,-0.047595985,-0.11391927,-0.07592475,-0.0022665262,0.14741535,0.2526351,-0.21765895,0.37936032,-0.18089159,0.19378994,0.044249445,0.3639517,-0.028133575,-0.019259278,0.16764149,-0.2896764,-0.2335254,0.16233194,-0.049058303,-0.13914278,0.09884181,-0.14122583,0.2761187,-0.21571046
Telomere_maintenance,-0.12505116,-0.26694727,-0.14321709,0.27887863,0.27134976,0.15040506,-0.032176986,0.096695945,-0.290268,0.12502533,0.053253315,0.13296673,0.20842409,-0.17094259,0.093100056,0.32498032,-0.41110322,0.12070587,0.064897224,0.090621844,-0.14979076,0.16132502,0.00052653253,-0.16770008,-0.25301903,0.35394537,0.20738417,-0.18655658,-0.010201223,-0.15959324,0.042659126,-0.21527106
mTOR_signaling,-0.014864057,-0.25544626,-0.068534106,0.23444325,0.3800859,0.17995386,-0.04675907,0.110102355,-0.2566399,0.100275375,0.026349626,0.112186454,0.14391445,-0.05784786,-0.024973918,0.35766777,-0.38130245,0.13542189,0.116493836,0.21338043,-0.13301045,0.08961627,0.031484693,-0.21256629,-0.170918,0.29946908,0.055466287,-0.21811283,0.044433706,-0.16544288,0.17392138,-0.13404012
AMPK_signaling,-0.14916962,-0.24718906,0.124821946,0.11698534,0.3705284,0.32251945,0.008640273,0.041038893,-0.04767517,-0.11391857,-0.07571056,-0.0022581518,0.14781608,0.2525243,-0.21781228,0.3795282,-0.18134815,0.19393197,0.044140838,0.3641628,-0.027919699,-0.019281965,0.1673445,-0.28999567,-0.23340002,0.16276625,-0.04909256,-0.13887134,0.09923471,-0.1412983,0.27627054,-0.21603823
Sirtuin_pathway,-0.14433928,-0.23478472,0.105066985,0.13274693,0.38316697,0.32488868,0.0020534974,0.0348083,-0.05718323,-0.09032413,-0.065833926,0.00517866,0.15917203,0.22043033,-0.21460165,0.38374758,-0.21751419,0.1987148,0.046345375,0.35613334,-0.022906441,0.001241345,0.14063478,-0.29294997,-0.22893423,0.18622456,-0.039336734,-0.1331136,0.10727144,-0.14382431,0.28049812,-0.2205855
NF-kB_signaling,-0.11676894,-0.25751644,-0.15675007,0.2598553,0.28310698,0.16286601,-0.032024235,0.083067976,-0.27944255,0.105929874,0.062440693,0.13570729,0.20532112,-0.18164577,0.07977195,0.33541963,-0.42100272,0.12650652,0.07479227,0.08781811,-0.1564256,0.17381325,0.00560984,-0.19868463,-0.2233704,0.3656866,0.19883709,-0.21580446,-0.01564493,-0.1462348,0.05078792,-0.18367642
JAK_STAT_pathway,-0.15358475,-0.08834596,-0.04722986,0.20736577,0.20477098,0.34593385,0.32655516,0.07068611,-0.05886019,-0.29721636,-0.082649074,0.17736334,-0.035976347,-0.18522319,-0.15647347,0.3333177,-0.2737764,0.33528838,0.29357278,-0.11495626,-0.22781225,0.4961639,0.42649758,-0.44768345,-0.05924351,0.31898978,0.19081618,-0.43387866,-0.30751166,0.1699145,0.18204299,0.2011028
MAPK_signaling,-0.10261844,-0.2758144,-0.1806769,0.26528326,0.30983257,0.1654255,-0.063600264,0.08391917,-0.30359337,0.11636885,0.084027775,0.14120135,0.23409796,-0.19095585,0.09093856,0.34887674,-0.43575713,0.11906564,0.061227724,0.10406762,-0.16610567,0.16155225,-0.016167432,-0.20528273,-0.22098875,0.39160937,0.1999687,-0.20468417,0.0074050203,-0.1694816,0.039738037,-0.20820123
TLR_signaling,0.0007670969,-0.3063559,-0.15161474,0.31449994,0.4115997,0.12254676,-0.09783971,0.14769101,-0.3567386,0.23959172,0.08531528,0.15733021,0.21000706,-0.19548894,0.089060836,0.36860946,-0.47527266,0.10032952,0.10812324,0.1730861,-0.19050784,0.13971765,-0.06239812,-0.16320495,-0.2080071,0.37091362,0.12878805,-0.22322612,0.03725099,-0.23054907,0.11277755,-0.17840827
NLRP3_inflammasome,-0.21781816,0.31563383,-0.045166858,0.33172327,-0.22788483,0.18294004,0.026667392,0.072762504,-0.051166102,-0.010167234,-0.3256197,-0.1425417,0.032459196,0.18220113,-0.31121862,0.064323835,-0.16500269,0.05758512,0.059275314,-0.2186358,0.3446645,0.14977434,0.06698537,-0.03971646,-0.16730255,0.05508786,0.08554808,0.25091928,0.19723976,0.3489276,-0.020759743,-0.3104647
Complement_cascade,-0.18053426,-0.059664577,-0.122625604,0.09769756,-0.3773213,-0.026881117,0.131278,0.041414402,-0.11699637,-0.04988753,0.021710373,-0.055112995,-0.19022597,-0.16024002,0.16519298,-0.07830116,-0.10884695,-0.03399172,0.10659617,-0.32315144,-0.0808374,0.05066287,0.27684185,0.11972393,-0.25657824,-0.08854534,0.24851897,-0.27928683,-0.40570772,0.13102522,-0.19386744,-0.024080284
Cytokine_storm,-0.035442658,-0.23403217,-0.045081742,0.21299863,0.35856244,0.2016279,-0.0100704525,0.09850281,-0.2131705,0.04523933,0.0015851669,0.10358091,0.114860274,-0.027316367,-0.06000645,0.3515745,-0.34771708,0.15679589,0.12517002,0.20186803,-0.120508805,0.10500111,0.07643846,-0.23571622,-0.16311142,0.27738494,0.048642024,-0.22846402,0.025346696,-0.12846102,0.19038835,-0.10563465
Chemokine_signaling,-0.17438638,-0.052786656,-0.13330778,0.10341867,-0.37781447,-0.03163175,0.12359671,0.0510047,-0.13046344,-0.0318025,0.03723938,-0.05616621,-0.20484646,-0.16762622,0.15612553,-0.0803808,-0.11774401,-0.042019848,0.13360971,-0.343312,-0.07083064,0.051529046,0.27492422,0.12709777,-0.25103256,-0.09941326,0.26030678,-0.30546564,-0.40067592,0.13770042,-0.1812264,-0.012296692
Apoptosis,-0.08855477,-0.29223806,-0.18362348,0.32223567,0.42239293,0.232399,-0.005425485,0.13029678,-0.3089384,0.08296392,0.086719714,0.19842595,0.23123316,-0.24503015,0.061872903,0.4059951,-0.46294793,0.18883955,0.14063472,0.088698946,-0.25165805,0.3043385,0.07872738,-0.3218708,-0.18610594,0.45412493,0.20432669,-0.29861495,-0.040669784,-0.13682732,0.108399354,-0.12038773
Necroptosis,-0.09040819,-0.24819902,-0.18067108,0.29742897,0.327688,0.18437397,0.034430213,0.116862744,-0.2824897,0.060771428,0.0630288,0.1988636,0.15721506,-0.2524862,0.07545113,0.3586699,-0.42895693,0.18448207,0.15080996,0.017482612,-0.23293824,0.31357774,0.09860819,-0.2880894,-0.17225528,0.40603954,0.2193966,-0.3194189,-0.08997573,-0.07975423,0.08459885,-0.061106324
Pyroptosis,0.037931845,-0.31199127,-0.14402787,0.29266402,0.43663794,0.12922944,-0.13703695,0.14672026,-0.36450696,0.24376786,0.08885936,0.13356057,0.2195484,-0.15569253,0.05620599,0.37732196,-0.47397155,0.08003107,0.102021,0.22681755,-0.17059323,0.07364172,-0.08799337,-0.15175243,-0.18748829,0.36170477,0.08321641,-0.19702113,0.08259838,-0.25775966,0.12583461,-0.19824895
ER_stress,-0.08677566,-0.2921832,-0.19840978,0.2810839,0.3429076,0.16741386,-0.09017534,0.09134692,-0.33193955,0.13661009,0.105835475,0.15089938,0.25936562,-0.20668125,0.10177516,0.36398888,-0.45702115,0.11629824,0.05837264,0.11843389,-0.17893739,0.15827015,-0.033482954,-0.21300334,-0.2182459,0.41753197,0.20180625,-0.20101199,0.028088488,-0.19079769,0.039592177,-0.22730029
Oxidative_stress,-0.14571686,-0.24827825,-0.12133016,0.3087074,0.29820222,0.19257443,-0.0011587162,0.10529348,-0.27771223,0.12896955,0.04811815,0.13222843,0.21997455,-0.19675277,0.059601124,0.34265053,-0.43896586,0.14784463,0.10101846,0.08256688,-0.15832432,0.21777093,0.028791636,-0.19953476,-0.24883181,0.36714125,0.2126177,-0.20748323,-0.027776986,-0.1435,0.08226218,-0.20373687
BBB_disruption,-0.11850871,-0.2660755,-0.14890586,0.27800477,0.3070975,0.17286748,-0.041362822,0.09400233,-0.29127556,0.12643954,0.06727415,0.13392648,0.22275041,-0.18108878,0.0757298,0.34441787,-0.43545857,0.12878335,0.0785248,0.10636666,-0.15641227,0.17098011,0.00040860474,-0.19854406,-0.23245484,0.3737861,0.19641036,-0.20592591,0.0014199391,-0.16124412,0.06527265,-0.20623949
Neuroinflammation,-0.07984088,-0.2806132,-0.21505372,0.25751823,0.40566817,0.25684425,-0.039487325,0.10134357,-0.28672606,0.010738954,0.09149968,0.17167076,0.23134618,-0.19963086,0.017265838,0.40707168,-0.42624283,0.17034614,0.115672186,0.09763582,-0.22607832,0.2572793,0.07922107,-0.34978104,-0.14288875,0.4516548,0.18142179,-0.28701806,-0.0088677555,-0.117758095,0.08413062,-0.11835052
Excitotoxicity,-0.15009513,-0.24247949,-0.111389026,0.30329105,0.28855535,0.19121833,-0.0012426544,0.10107011,-0.26992685,0.12754369,0.042298205,0.12404465,0.216429,-0.18255788,0.053445723,0.33755893,-0.43110204,0.14532699,0.096456245,0.08682623,-0.14677495,0.20567842,0.027603075,-0.19235878,-0.25241897,0.35497725,0.2071147,-0.19910038,-0.023061551,-0.14188892,0.08452709,-0.20977199
Calcium_signaling,-0.06796887,-0.033826195,-0.022121605,-0.01374368,-0.104268104,0.007348258,0.060895056,-0.021010386,0.026283868,-0.094577186,-0.14038551,-0.027896836,-0.1176365,0.029376978,-0.0054918136,0.11490348,-0.19803777,0.098191336,0.02292742,0.029732065,-0.012705497,-0.006909674,0.12793715,-0.104525976,-0.045308094,0.06158311,-0.043655463,-0.18708274,-0.102684125,0.13326886,0.009349376,0.05735924
Synaptic_plasticity,-0.15101518,-0.23153184,0.13361074,0.07830572,0.36375827,0.35547498,0.02682622,0.029994853,-0.008632466,-0.18454158,-0.09556462,-0.016958758,0.12466441,0.2921867,-0.2710667,0.38300183,-0.14149061,0.20364043,0.051480167,0.3651528,-0.018614087,-0.018999346,0.2079721,-0.32444137,-0.20397815,0.14694388,-0.07149547,-0.15058772,0.09220373,-0.10940409,0.2871452,-0.18217245
Neurotrophin_signaling,-0.139073,-0.23338886,0.054331917,0.21716501,0.36786753,0.26208094,0.03759496,0.03316373,-0.14971426,-0.010341015,-0.017175626,0.09331743,0.17996843,0.057482865,-0.06781226,0.37343985,-0.32255882,0.21877943,0.070219055,0.2725512,-0.08732216,0.08948195,0.11242258,-0.27815467,-0.25099778,0.27515033,0.05547183,-0.17226449,0.039529108,-0.15160841,0.2332258,-0.20178705
Cuproptosis,-0.14165993,-0.26202425,-0.12876004,0.30078176,0.28156623,0.17134294,-0.010679411,0.10582535,-0.2872548,0.12835068,0.051013984,0.134963,0.2169614,-0.19068173,0.084359944,0.33308047,-0.42313078,0.13475282,0.084482,0.08071928,-0.16318797,0.19705057,0.022808008,-0.18239145,-0.2575354,0.36079234,0.2170326,-0.20078161,-0.029696576,-0.15217188,0.05790826,-0.21112129
Copper_homeostasis,-0.06901422,-0.037526026,-0.019630272,-0.014494987,-0.1024593,0.010204587,0.06807944,-0.021736005,0.027470417,-0.10104373,-0.13978323,-0.025446253,-0.11535578,0.028565329,-0.004626411,0.11731643,-0.19720432,0.1023591,0.027178565,0.03052494,-0.018234346,-0.0035105366,0.13596155,-0.10809387,-0.046198092,0.064116865,-0.042369664,-0.19118905,-0.10962535,0.13300188,0.009077668,0.06066253
Mitochondrial_metabolism,-0.1493547,-0.24829231,0.12550266,0.11674203,0.36978376,0.32181984,0.009088932,0.04204859,-0.047568955,-0.11404763,-0.076133564,-0.0024430826,0.14705859,0.25307775,-0.21742655,0.37918985,-0.17987368,0.19347417,0.044359,0.36394644,-0.02865981,-0.019626278,0.16836931,-0.28902227,-0.23398209,0.16151223,-0.04898996,-0.13947491,0.09820632,-0.14146939,0.27578655,-0.2156257
Cell_adhesion,-0.13628495,-0.2230954,0.031348143,0.2457463,0.3303692,0.21697916,0.04313281,0.047079615,-0.1734845,0.038594432,-0.007984612,0.10921327,0.16242662,-0.0037250123,-0.021847382,0.35112238,-0.34527373,0.20840889,0.08201809,0.21438666,-0.09885356,0.122287884,0.095284626,-0.24223363,-0.25718504,0.2735678,0.091781445,-0.18827419,0.009842418,-0.13888204,0.20784217,-0.18658628
ECM_receptor,-0.16799094,-0.09208472,-0.029702114,0.21590245,0.18374038,0.32854176,0.3655749,0.08571418,-0.033511348,-0.27387777,-0.11543586,0.17453039,-0.059122454,-0.19892794,-0.14266388,0.31786263,-0.26624873,0.33094022,0.29982248,-0.13407463,-0.2398273,0.5309788,0.4286272,-0.41493517,-0.08679896,0.29070362,0.19436924,-0.44326907,-0.35760176,0.16988613,0.17568424,0.22724205
Gap_junction,-0.08712569,-0.24210785,-0.179019,0.28064594,0.3009761,0.16060078,0.03496453,0.10423085,-0.2808515,0.053786732,0.059269257,0.2016986,0.13990241,-0.23846182,0.09438775,0.34328833,-0.41443142,0.1772368,0.13863091,0.013648026,-0.22386493,0.29061574,0.09437588,-0.2758751,-0.17250496,0.39287382,0.21641397,-0.31772906,-0.09141762,-0.073782325,0.07140481,-0.053271234
Tight_junction,-0.15488894,-0.08481544,-0.04636605,0.19603929,0.20233771,0.35474765,0.3282786,0.06560837,-0.04897847,-0.31491935,-0.086800866,0.17180428,-0.03804229,-0.17432341,-0.16864534,0.33398366,-0.26445186,0.33569917,0.29163152,-0.11251061,-0.22442265,0.49257433,0.43348366,-0.4554968,-0.052847803,0.31604636,0.18449083,-0.4333008,-0.3073775,0.17566887,0.18168053,0.20529073
Focal_adhesion,-0.15997717,-0.07161068,-0.033714402,0.16455565,0.1825167,0.36365345,0.3413796,0.052475028,-0.016068123,-0.35567605,-0.10846068,0.15692976,-0.057433646,-0.13724965,-0.19197798,0.32616705,-0.23149168,0.3341864,0.2851268,-0.10927379,-0.21184047,0.4799145,0.45258754,-0.46432608,-0.043117937,0.292794,0.16380236,-0.43347943,-0.31451532,0.19497624,0.18027505,0.2246986
Glycolysis,-0.06781348,-0.03472132,-0.02527396,-0.0058773365,-0.103495695,0.0054670423,0.06552638,-0.01941189,0.020199366,-0.09249126,-0.1369518,-0.02214311,-0.11500407,0.023457916,0.0011274023,0.11672662,-0.20343992,0.101214156,0.030131558,0.022264209,-0.016222477,-9.39928e-05,0.13086537,-0.10498703,-0.04928477,0.06658799,-0.035363894,-0.19252008,-0.10658878,0.13386634,0.007519264,0.058618985
TCA_cycle,0.04085128,-0.38346016,-0.2071151,0.30375698,0.53677684,0.15485127,-0.25815427,0.15934399,-0.42281225,0.30362406,0.14899114,0.12403052,0.33118203,-0.15040411,0.07499953,0.42391706,-0.5173192,0.041093774,0.04534173,0.3083001,-0.17977504,0.020035218,-0.17103304,-0.17111903,-0.20474744,0.42713118,0.0782293,-0.15409142,0.1890141,-0.34321448,0.10585969,-0.3100851
Fatty_acid_metabolism,-0.06757483,-0.033411924,-0.019169819,-0.017907806,-0.10431002,0.009315152,0.06672475,-0.024746448,0.02871389,-0.09939974,-0.13817346,-0.02638517,-0.11958219,0.02659999,-0.0077519184,0.11540592,-0.1974958,0.10135499,0.02692126,0.030015536,-0.015030421,-0.0048229434,0.13295487,-0.10716237,-0.042346567,0.061147463,-0.043948658,-0.19237137,-0.109566,0.13419233,0.012342468,0.063481934
Arachidonic_acid_metabolism,-0.09021577,-0.24894628,-0.18132567,0.29760727,0.328475,0.18437451,0.03364318,0.117019445,-0.2832528,0.061310552,0.0636233,0.19906905,0.15806538,-0.25287402,0.07603193,0.3590331,-0.42956868,0.18422991,0.15051144,0.018012881,-0.23330641,0.31325358,0.097949736,-0.28814483,-0.17237657,0.4068482,0.21956444,-0.3192569,-0.08941416,-0.08055358,0.084257714,-0.0617842
Prostaglandin_synthesis,-0.17838693,-0.17233154,-0.11709514,0.097758554,-0.3017007,0.030557591,0.14676064,0.12961107,-0.1786934,0.004336402,0.092900805,-0.06741201,-0.20524326,-0.25359637,0.10279884,-0.030923277,-0.13833787,-0.07203795,0.22682402,-0.32254738,-0.1497483,0.070540935,0.2964999,0.17414089,-0.27075717,-0.1123579,0.3141598,-0.41602272,-0.49430367,0.025073752,-0.13770029,0.015802085
Wnt_signaling,-0.15234464,-0.47179115,0.049069483,0.18077323,0.28643227,0.13179365,-0.081048034,0.15292318,-0.24126172,0.06457519,0.032938957,0.04281143,0.23456264,0.095455706,0.072510816,0.3510397,-0.16703029,0.061290406,-0.018134477,0.3011918,-0.1944336,-0.09006429,0.09384988,-0.079923615,-0.3685456,0.16834842,0.10665732,-0.15901323,0.004460551,-0.31107032,0.048739098,-0.33739096
Notch_signaling,-0.1442708,-0.23379596,0.105110645,0.1327831,0.38292494,0.3247987,0.0020861235,0.03425587,-0.05684843,-0.09006298,-0.06600349,0.0051051304,0.15887469,0.22047856,-0.21486615,0.3834934,-0.21796429,0.19890778,0.046282314,0.35599855,-0.022097271,0.0012920238,0.14011633,-0.29296607,-0.22873458,0.1861367,-0.039565347,-0.13276172,0.1076697,-0.14338356,0.2809309,-0.22050187
Hedgehog_signaling,-0.08739826,-0.2897269,-0.17923187,0.3222535,0.3935972,0.19802591,0.00096238963,0.12631923,-0.3142886,0.10085558,0.08417637,0.20561534,0.21294154,-0.25044358,0.093272455,0.3872019,-0.4612032,0.1831398,0.13423622,0.07692835,-0.24672534,0.29301614,0.067252606,-0.2927382,-0.19856948,0.44022906,0.21271037,-0.2966323,-0.05126553,-0.13766952,0.09688885,-0.11643292
TGF-beta_signaling,-0.07847019,-0.01516486,-0.01943295,0.08890491,-0.12443264,-0.15954433,0.020915525,-0.0007788688,-0.099390335,0.1279186,-0.08860314,0.06854369,-0.19850919,0.03128399,0.1445786,0.05012223,-0.18688208,0.053196467,0.0230984,-0.04332524,0.050677624,-0.009958778,0.03249353,-0.0028128624,-0.16426,-0.018528208,0.04477516,-0.22836816,-0.0517553,0.11305054,0.05415559,0.033083536
VEGF_signaling,-0.07070828,-0.034024663,-0.021095064,-0.019668227,-0.1064111,0.012361184,0.065926135,-0.02218492,0.03237497,-0.10364261,-0.14157826,-0.029549401,-0.11948641,0.027458021,-0.011721176,0.11560137,-0.19473544,0.10077527,0.02482449,0.028359633,-0.015098695,-0.0027200468,0.1345752,-0.108512044,-0.040739536,0.06131167,-0.043705918,-0.19039543,-0.10893348,0.13697854,0.009595398,0.06292104
HIF1_signaling,-0.17114736,-0.07838209,-0.021833956,0.17857671,0.13120013,0.29973802,0.3798516,0.06868553,-0.0036542118,-0.29394805,-0.14089206,0.16342044,-0.0962847,-0.16964814,-0.1339886,0.28974456,-0.2292243,0.3150933,0.28178197,-0.14639392,-0.22228275,0.50710213,0.4269988,-0.3893457,-0.08886707,0.25139555,0.18230264,-0.4408977,-0.37705663,0.18643211,0.1531238,0.25230524
PI3K_Akt_pathway,-0.12848072,-0.15221453,-0.00061416253,0.22857758,0.1528013,0.08330779,0.11849584,0.06639925,-0.14218712,0.058361463,-0.063811444,0.13047954,0.0005660644,-0.06297357,0.04278898,0.25410607,-0.2939608,0.17763564,0.12163986,0.03126917,-0.09256862,0.19655925,0.11387352,-0.15711758,-0.23565152,0.18034448,0.13845167,-0.26752347,-0.108077824,-0.02067811,0.14153439,-0.029749714
Ras_signaling,-0.14439484,-0.23533568,0.10518743,0.13271368,0.3830036,0.32462475,0.0021727663,0.035263646,-0.057277553,-0.09031485,-0.06591399,0.0051941425,0.15899296,0.22049835,-0.21432844,0.38368633,-0.2170381,0.19851266,0.04644279,0.3560332,-0.02333523,0.0011991672,0.14099854,-0.29263592,-0.22916052,0.18590403,-0.039214835,-0.1334238,0.10686094,-0.1439623,0.28022584,-0.22042775
Rap1_signaling,-0.13497457,-0.26523483,-0.14962578,0.3090191,0.32870662,0.20054244,-0.036396146,0.10304775,-0.30123597,0.13709232,0.07504202,0.13678193,0.25277776,-0.20920427,0.06988727,0.35892686,-0.45974636,0.14002906,0.08948569,0.09997621,-0.16961719,0.20631337,0.008597508,-0.216853,-0.23903775,0.39877224,0.21260968,-0.20560238,-0.002254583,-0.16308308,0.0726159,-0.22431356
cAMP_signaling,-0.14443684,-0.23547584,0.1051607,0.13275842,0.38322163,0.32486007,0.002294382,0.035317153,-0.057374455,-0.090481535,-0.06583167,0.0052796677,0.15915439,0.22040528,-0.21436004,0.38382906,-0.21711008,0.19860014,0.04660973,0.35607854,-0.023534197,0.0013497584,0.14122081,-0.29285413,-0.2291426,0.18612038,-0.039139368,-0.13357568,0.10674585,-0.14400917,0.28024304,-0.22038183
cGMP_PKG_pathway,-0.14703844,-0.110301025,-0.060805637,0.16170943,0.19010447,0.31286767,0.2713286,0.060421295,-0.04522404,-0.27111349,-0.09247194,0.14417684,-0.029815,-0.12943071,-0.14568713,0.3186556,-0.24653801,0.2826543,0.23715912,-0.07297912,-0.1963295,0.41674212,0.36062455,-0.4002025,-0.07701861,0.28314924,0.15752967,-0.39508975,-0.26536655,0.13285473,0.14880553,0.16666165
Phospholipase_D,-0.15018322,-0.24819027,-0.12047939,0.30722252,0.30426788,0.20128699,-0.009151267,0.10526858,-0.2808594,0.13558167,0.054967552,0.12517801,0.22877374,-0.19872138,0.05502,0.34454256,-0.4495924,0.14413676,0.10376536,0.09121412,-0.15583007,0.21008596,0.026425764,-0.2026175,-0.245255,0.37071115,0.20928673,-0.2089616,-0.019797936,-0.14690995,0.08727566,-0.21141255
Insulin_signaling,-0.15005687,0.03790635,-0.060438413,0.1880361,-0.33684507,-0.09529887,0.15070389,0.0671608,-0.09133567,-0.0014345422,-0.136648,0.015896812,-0.17530172,-0.13396756,0.10609483,0.032570362,-0.18627411,0.06996787,0.10724534,-0.3159325,-0.008586179,0.15080632,0.16129181,0.06116624,-0.17851111,0.0072796643,0.22722179,-0.2127597,-0.24175969,0.2122378,-0.11269047,0.020451479
Glucagon_signaling,-0.07049562,-0.031786975,-0.024678838,-0.011634214,-0.10930243,0.006332796,0.061491653,-0.020316245,0.024295785,-0.094991826,-0.1393593,-0.027168185,-0.118943036,0.027360408,-0.005388747,0.11352874,-0.19681863,0.097803295,0.024392998,0.022158362,-0.010617401,-0.0042959414,0.12852274,-0.102755316,-0.046668515,0.060959626,-0.03723404,-0.18758708,-0.10321993,0.13624708,0.007025454,0.05635286
Adipocytokine,-0.07712333,-0.2867111,-0.20923744,0.23317333,0.42166263,0.27428046,-0.056652293,0.09346116,-0.27702644,-0.016075894,0.09091171,0.15935475,0.23710784,-0.15639853,-0.0045990916,0.41425276,-0.41033706,0.16911893,0.1044983,0.13295506,-0.21357417,0.22151104,0.085309274,-0.3680058,-0.13310888,0.44930595,0.15597722,-0.2770232,0.021363683,-0.12153137,0.09401918,-0.12905902
Circadian_rhythm,-0.13417314,-0.26691538,-0.15305457,0.3098536,0.33099407,0.20180696,-0.038696975,0.10345592,-0.30398542,0.13766995,0.077727266,0.13747358,0.25583237,-0.2126039,0.07085853,0.36030126,-0.46225652,0.1394442,0.08922788,0.09991954,-0.17152381,0.20701885,0.0072224885,-0.2180128,-0.2381934,0.40244144,0.2141025,-0.20558959,-0.0015677512,-0.16479412,0.07090893,-0.22594473
Long_term_potentiation,0.012007669,-0.27754998,-0.10394561,0.25997633,0.37521797,0.119171694,-0.08285965,0.122681335,-0.31238812,0.18417552,0.052469082,0.13127118,0.15914853,-0.111568436,0.047449242,0.3471249,-0.4211501,0.10151714,0.102448024,0.20259126,-0.14814988,0.074735135,-0.036089897,-0.1574421,-0.18797177,0.31517264,0.07715774,-0.21049985,0.048739053,-0.20556954,0.13545877,-0.15403488
Dopaminergic_synapse,-0.09561558,-0.28375095,-0.19154732,0.27583438,0.32671636,0.16742224,-0.077590436,0.08841997,-0.31985953,0.12748161,0.09636576,0.14676285,0.24892865,-0.20204492,0.09684354,0.35702765,-0.4482859,0.11803472,0.060213827,0.108947694,-0.17317799,0.1625271,-0.025074363,-0.20984247,-0.21982962,0.40710783,0.20367257,-0.20226502,0.0181204,-0.17980036,0.038640656,-0.21974123
Glutamatergic_synapse,-0.16389978,-0.034261003,-0.13893959,0.10119914,-0.4091103,-0.050738435,0.11966768,0.052468,-0.14477131,-0.004002571,0.066520475,-0.06502149,-0.2481337,-0.18980233,0.1629746,-0.11882171,-0.12219412,-0.05799417,0.15878467,-0.37294784,-0.05730397,0.03539596,0.28322518,0.16022305,-0.24627653,-0.13564733,0.2675975,-0.32777038,-0.41916713,0.14991525,-0.17049605,0.0017358139
GABAergic_synapse,-0.12319398,-0.2590478,0.003122989,0.18233976,0.41824877,0.30207714,-0.044442773,0.024767686,-0.16677116,-0.035735726,0.017535258,0.07032433,0.23686276,0.08953802,-0.099715255,0.4033358,-0.3253181,0.1922248,0.03743002,0.3234129,-0.07928589,0.033785906,0.08221485,-0.3178853,-0.2186727,0.31280315,0.030358795,-0.14820684,0.11616314,-0.17734617,0.21581662,-0.24976262
Serotonergic_synapse,-0.22254342,-0.07615956,-0.084199145,0.33804423,-0.05128262,0.06707506,0.103861175,0.15461303,-0.16774546,0.15237296,-0.13245863,0.04383926,0.021596316,-0.15312482,0.008315126,0.16112927,-0.26348147,0.074582875,0.09839082,-0.19213745,-0.012377679,0.2885492,0.04363259,0.027079105,-0.31833258,0.12553689,0.2814861,-0.10439597,-0.13110724,0.03895144,-0.023753975,-0.16716166
Cholinergic_synapse,-0.16413409,-0.038362503,-0.14374049,0.104755096,-0.40480387,-0.0478667,0.12060097,0.057088844,-0.14874718,-0.002408728,0.069584474,-0.06324618,-0.2462291,-0.19677213,0.16484918,-0.116821334,-0.12657595,-0.05825093,0.16400652,-0.37633824,-0.06312968,0.04157606,0.28592443,0.15827318,-0.24660605,-0.13122647,0.2718485,-0.33394566,-0.4231003,0.14870965,-0.17166993,0.0040595457
Axon_guidance,0.0018070042,-0.30719876,-0.15162078,0.31495124,0.41327405,0.12256302,-0.099058434,0.1483136,-0.35784608,0.24111462,0.08586299,0.15727043,0.21076961,-0.19560048,0.08903752,0.3691044,-0.47611186,0.09981613,0.108140215,0.1746508,-0.19077401,0.13873756,-0.06346367,-0.162786,-0.20792684,0.37132084,0.12800132,-0.22276628,0.03831418,-0.23200783,0.11331559,-0.17924191
Myelin_maintenance,-0.08767022,-0.29069212,-0.18753766,0.31529337,0.42013997,0.23507519,-0.008896323,0.12709768,-0.3064172,0.07505848,0.08718305,0.19553152,0.2313182,-0.2409093,0.056969266,0.40613356,-0.45903578,0.1866666,0.1380095,0.08872958,-0.24910346,0.30008763,0.07860905,-0.32484555,-0.18127227,0.4539727,0.20231207,-0.29758543,-0.037899025,-0.1345002,0.10520338,-0.11979447
Oligodendrocyte_differentiation,-0.17812836,-0.17470607,-0.11700991,0.09726509,-0.30155963,0.031210724,0.14826769,0.1302174,-0.17937663,0.0032724962,0.09429734,-0.06713811,-0.20584162,-0.25597256,0.10450149,-0.031437963,-0.1387263,-0.07189162,0.22776881,-0.32230732,-0.15275249,0.07051416,0.29884505,0.17464031,-0.2711541,-0.1120179,0.31477585,-0.41789252,-0.4980662,0.02352269,-0.1383457,0.016841248
Microglia_activation,-0.17278707,-0.13029054,-0.123549834,0.08297748,-0.34637418,0.035946313,0.1452073,0.12184423,-0.20090628,0.048387453,0.16324612,-0.09835129,-0.26868916,-0.32020137,0.09327812,-0.09585905,-0.17455852,-0.10070054,0.28961176,-0.36672813,-0.13142595,0.046843644,0.323345,0.21401109,-0.2441962,-0.16468333,0.3231785,-0.47451633,-0.5429201,0.04550507,-0.103610344,0.044997685
Astrocyte_reactivity,-0.1040217,0.011733934,-0.03469037,0.08149997,-0.1439109,-0.0800644,0.052703165,-0.026704125,-0.06735226,0.048561983,-0.088216275,0.034008123,-0.14943437,0.001680816,0.11396346,0.049934305,-0.2125177,0.07084706,0.03137073,-0.059487384,0.032677557,0.017568141,0.08736272,-0.04655744,-0.1430586,0.023706906,0.04398881,-0.20661241,-0.09344724,0.1422425,0.017801888,0.018106028
Angiogenesis,-0.14467575,-0.23588079,0.105757356,0.1326089,0.3830414,0.32497227,0.002336694,0.03545768,-0.057209037,-0.090757385,-0.06587623,0.0049437433,0.15924408,0.2209844,-0.21455652,0.38381496,-0.21649735,0.19854452,0.046503186,0.35644627,-0.023572389,0.00078364834,0.1416588,-0.2925476,-0.2295042,0.18561314,-0.039227962,-0.13337263,0.10665608,-0.14429319,0.2802569,-0.22085714
Blood_brain_barrier,-0.14673872,-0.2563236,-0.12865694,0.30450442,0.27058458,0.1712187,-0.007792892,0.10705282,-0.28647077,0.12954754,0.047276556,0.13135332,0.21599989,-0.19312134,0.0817772,0.32823852,-0.4215391,0.13294466,0.08443992,0.071534246,-0.15781347,0.2000219,0.022121765,-0.17476088,-0.26109457,0.3573717,0.22299936,-0.1934568,-0.031879403,-0.14813706,0.053178288,-0.21621141
Neurogenesis,-0.16031446,-0.071354546,-0.03149727,0.16286294,0.15108842,0.32714128,0.3487761,0.049078315,-0.01856757,-0.335461,-0.11383623,0.1624403,-0.074989125,-0.14465125,-0.15765393,0.30639684,-0.22968856,0.32510766,0.2764535,-0.12251416,-0.20875111,0.47038373,0.43752968,-0.43115932,-0.058208026,0.27761203,0.17254063,-0.43159097,-0.32957834,0.19216847,0.16338158,0.23001811
Neuronal_death,-0.16627648,-0.32551068,0.15305482,0.113381945,0.3657596,0.31845406,0.013105696,0.09808284,-0.04821811,-0.11815851,-0.088988215,-0.022030342,0.15292764,0.27986786,-0.21629007,0.38441476,-0.11282948,0.16628063,0.04301004,0.37729058,-0.07283142,-0.036088776,0.20679459,-0.24742465,-0.27519888,0.1182269,-0.04171753,-0.14673004,0.06176869,-0.18027759,0.24816099,-0.23528251
Protein_processing_ER,-0.15031144,-0.1937005,-0.13451943,0.0027613936,-0.28719157,0.12137851,0.21065769,0.08465545,-0.13925472,-0.08037246,0.15957046,-0.09505797,-0.26188478,-0.37696454,0.08218544,-0.05564639,-0.19875453,-0.06345093,0.2757718,-0.30355975,-0.23206204,0.0776642,0.36651117,0.14602323,-0.20520142,-0.099339515,0.28796557,-0.52140504,-0.66135633,-0.009106994,-0.116182335,0.12594903
Ubiquitin_proteasome,-0.1632716,-0.15557586,0.054739464,0.2130668,0.14061698,0.09608549,0.10445206,0.07121411,-0.11187541,0.08441723,-0.097337335,0.07536706,0.009741963,0.014874952,0.00093963277,0.24127327,-0.27040806,0.15299174,0.09920288,0.089545585,-0.035365127,0.12677681,0.089369625,-0.105628334,-0.2771852,0.12565051,0.10657727,-0.20846012,-0.06471569,-0.049840927,0.16266719,-0.093689084
Lysosome,-0.14506768,-0.2357088,0.106343105,0.13198677,0.38208938,0.32561192,0.0042302664,0.035690248,-0.05627518,-0.09306107,-0.066588685,0.0050625727,0.15798272,0.2210838,-0.21538687,0.38366437,-0.2151092,0.19918823,0.047558837,0.35528082,-0.024300914,0.0019761436,0.14409792,-0.29326946,-0.22895497,0.18505342,-0.038941406,-0.13466486,0.10469032,-0.1429635,0.28022626,-0.2189587
Peroxisome,-0.07356605,-0.28154892,-0.24389805,0.24862692,0.38562995,0.23798318,-0.05735819,0.10047306,-0.29542524,0.022577398,0.10127289,0.16911298,0.22865695,-0.21837014,0.029658016,0.3977582,-0.42980716,0.15213004,0.10707724,0.077703744,-0.22293328,0.25142172,0.05524908,-0.33081037,-0.13691437,0.45185387,0.19382307,-0.2853843,-0.008196466,-0.11835629,0.058184095,-0.11878045
Ribosome,-0.11340428,-0.2781922,-0.16497381,0.28724498,0.32390177,0.17833655,-0.06281766,0.09861795,-0.3091295,0.13779613,0.08001548,0.13419333,0.24676682,-0.18975626,0.0799702,0.35298407,-0.4474161,0.12216008,0.06992686,0.115324795,-0.16080247,0.16535103,-0.015889049,-0.19837067,-0.23510545,0.3918988,0.20089783,-0.1915533,0.01817032,-0.17825666,0.05604759,-0.23092982
Spliceosome,-0.06595083,-0.036807675,-0.02242735,-0.010034589,-0.10211919,0.0029733889,0.060449727,-0.019099083,0.021184526,-0.092375085,-0.13744393,-0.023188468,-0.11767586,0.0287864,0.0023592133,0.11503293,-0.19922075,0.09999846,0.024445066,0.029756516,-0.016440954,-0.0074235797,0.13079368,-0.10583418,-0.046657503,0.06385867,-0.042319473,-0.19028604,-0.10195623,0.1330697,0.00939041,0.057791583
RNA_transport,-0.17402604,-0.16880907,-0.105265945,0.08638231,-0.289888,0.029226992,0.13546799,0.12531537,-0.17894405,0.026693664,0.10235102,-0.075051345,-0.21746485,-0.24107563,0.08810117,-0.03225082,-0.14316277,-0.08115406,0.2354862,-0.30406654,-0.13162953,0.048320208,0.28155687,0.18248464,-0.2684345,-0.13196231,0.30111355,-0.42888588,-0.48020762,0.014247932,-0.10909142,0.019699357
mRNA_surveillance,-0.1403677,-0.26210064,-0.15341914,0.31402963,0.32262897,0.2037863,-0.038459867,0.106057465,-0.30469546,0.14158672,0.075707234,0.13237432,0.25762013,-0.2158935,0.06725641,0.35650805,-0.46350983,0.13639447,0.09027552,0.09276958,-0.16622654,0.20897026,0.0058181435,-0.21138677,-0.24090463,0.40040797,0.21950597,-0.19910464,-0.0011932924,-0.16174568,0.0673304,-0.23300287
Protein_export,-0.15025167,-0.030066472,-0.111721754,0.12675323,-0.40430462,-0.030023117,0.21620959,0.10605067,-0.09289556,-0.07260285,-0.061902225,-0.03012555,-0.24719618,-0.30793208,0.09032107,-0.0061430633,-0.1883265,0.02531182,0.19147019,-0.41722307,-0.12646616,0.19297934,0.2612943,0.11693758,-0.15086043,-0.027061023,0.301581,-0.35207462,-0.47532701,0.17878547,-0.17093179,0.11822229
Oxidative_phosphorylation,-0.08979918,-0.23596983,-0.16710778,0.27977574,0.2902696,0.15444525,0.044096835,0.10278324,-0.27286267,0.054891296,0.05134052,0.19945982,0.12876137,-0.23177709,0.0933859,0.3366788,-0.4082141,0.179218,0.13992009,0.011457615,-0.2176223,0.28886417,0.097658366,-0.26753044,-0.17706478,0.37994164,0.21398142,-0.31655556,-0.09685098,-0.069302574,0.076279454,-0.049022466
Carbon_metabolism,-0.14449981,-0.23422867,0.10557763,0.13255832,0.38217533,0.3245976,0.0031437557,0.03496045,-0.056507476,-0.09080564,-0.06650032,0.0051487386,0.15789653,0.22058675,-0.21488814,0.3832046,-0.21683612,0.1989192,0.046987996,0.3552332,-0.022791784,0.0018224306,0.14156632,-0.2927041,-0.22882125,0.18531044,-0.03930667,-0.1337302,0.10627771,-0.14285839,0.28069085,-0.2193698
Amino_acid_metabolism,0.0010033175,-0.30652744,-0.15148234,0.31460205,0.41209498,0.12271482,-0.09822361,0.14769337,-0.35703877,0.23990065,0.08557368,0.15725645,0.21037494,-0.19548604,0.08895982,0.3687785,-0.4755402,0.10027304,0.108020455,0.17369315,-0.19051099,0.1392915,-0.06267521,-0.16317001,-0.20797697,0.37108803,0.12853229,-0.22291674,0.03763613,-0.23102751,0.113015436,-0.17888659
Nucleotide_metabolism,-0.15357037,-0.24549101,-0.11803615,0.30750725,0.30165637,0.20305982,-0.010051908,0.105552,-0.28047553,0.13857919,0.054632403,0.1212498,0.22953846,-0.19782941,0.052177195,0.3426577,-0.45136592,0.14251417,0.10472546,0.091786124,-0.15165143,0.20726195,0.025659725,-0.1999996,-0.24584866,0.36854696,0.20903261,-0.20660576,-0.017387263,-0.14613363,0.08878454,-0.21520218
Lipid_metabolism,-0.08735847,-0.3494901,-0.14260118,0.2694734,0.49037725,0.22835238,-0.20529301,0.060983457,-0.336913,0.1681199,0.13777784,0.11194561,0.38277227,-0.06383094,0.05961674,0.43119338,-0.46075305,0.108668074,-0.02228645,0.32457146,-0.1368084,0.016960379,-0.09906612,-0.25572693,-0.25959137,0.43212765,0.108355545,-0.11317131,0.19210938,-0.30561873,0.11205488,-0.3840123
Steroid_biosynthesis,-0.1442408,-0.23419936,0.10485537,0.13281073,0.38311377,0.32486945,0.0021611657,0.034543015,-0.057079695,-0.090220705,-0.06590442,0.0052969456,0.15896371,0.2201925,-0.21468449,0.38364777,-0.21790919,0.19886048,0.04645638,0.35585293,-0.022602085,0.0015868433,0.14038934,-0.29313886,-0.22867334,0.1863917,-0.039362513,-0.13313694,0.10736249,-0.14344959,0.28067973,-0.22025502
Drug_metabolism_cytochrome_P450,-0.16343874,-0.03911794,-0.14466703,0.1051074,-0.40351304,-0.04891974,0.11857277,0.05724085,-0.14944264,-0.0017063469,0.06929187,-0.06262032,-0.24491397,-0.19503227,0.16518807,-0.11560103,-0.12596431,-0.0586838,0.16245718,-0.37544134,-0.06253533,0.040805217,0.28372955,0.1580386,-0.24701294,-0.13055322,0.27168724,-0.33270282,-0.42027104,0.14786877,-0.17224109,0.0026987419
Xenobiotic_metabolism,-0.067352444,-0.03453572,-0.017924838,-0.017212765,-0.104837626,0.0085093975,0.06564536,-0.022675678,0.02936574,-0.10009767,-0.1406075,-0.027815131,-0.1210474,0.03206024,-0.008667652,0.11593118,-0.19437477,0.10016543,0.02606566,0.03028196,-0.013506468,-0.0076570027,0.13263951,-0.10520597,-0.044951335,0.058037754,-0.044282857,-0.19177935,-0.10749586,0.1331392,0.012310669,0.06216625
ABC_transporters,-0.07052578,-0.03323691,-0.024322376,-0.013035096,-0.10552035,0.008712754,0.06298816,-0.02170359,0.026015751,-0.09980142,-0.1394465,-0.025432287,-0.11602123,0.028459435,-0.005398347,0.116622746,-0.19699073,0.101020545,0.02455231,0.025058229,-0.01374083,-0.00241144,0.13205549,-0.10918847,-0.04446685,0.06486355,-0.039157327,-0.18944278,-0.10330896,0.13731731,0.0075782984,0.058401905
Endocytosis,-0.16611868,-0.3241297,0.15274508,0.113441974,0.3656681,0.31863958,0.013299702,0.097309396,-0.047865786,-0.11815688,-0.08911583,-0.021901026,0.15262097,0.2795232,-0.2167182,0.38426185,-0.11366224,0.16670191,0.04313165,0.3768749,-0.07201056,-0.035513345,0.20627895,-0.24794462,-0.27460578,0.11860571,-0.04186543,-0.1465477,0.062117375,-0.17949703,0.24867201,-0.2348099
Phagosome,-0.0689492,-0.03118027,-0.024148893,-0.013584606,-0.10659152,0.0072680525,0.06272353,-0.022544427,0.026145436,-0.09654675,-0.13890687,-0.026111402,-0.1190053,0.026718391,-0.0066476883,0.11545029,-0.19827348,0.09964509,0.025469163,0.02392741,-0.011648186,-0.0029593296,0.12871245,-0.106110565,-0.04402596,0.062232822,-0.03928476,-0.19051416,-0.10420281,0.13648033,0.009455577,0.06014713
Antigen_processing,-0.131621,-0.20264477,0.028947819,0.17620197,0.29345983,0.22437322,0.026145494,0.0050871447,-0.14441445,-0.040050942,-0.013553543,0.086790234,0.1462337,0.06436029,-0.049586475,0.33930513,-0.29644334,0.19756782,0.051429138,0.23153669,-0.06376369,0.054359812,0.10594207,-0.26100582,-0.2254056,0.25423005,0.06138137,-0.17236951,0.036624342,-0.11560196,0.18987718,-0.18199262
Natural_killer_cytotoxicity,-0.07171875,-0.03235766,-0.019670162,-0.016815472,-0.10917309,0.012164202,0.065712705,-0.02117248,0.030418508,-0.09937131,-0.14221576,-0.0318556,-0.12054362,0.02871249,-0.012223219,0.113032915,-0.19450983,0.09747937,0.025116151,0.026657842,-0.011379089,-0.005268568,0.1318396,-0.10214904,-0.04560247,0.057240665,-0.041901875,-0.18747525,-0.10899073,0.13453788,0.009436533,0.058796063
T_cell_receptor,-0.12725307,-0.27877295,0.026180375,0.09290398,0.25205117,0.23973663,-0.014536107,0.061036505,-0.09035994,-0.08877453,-0.04516464,-0.0039498545,0.1352452,0.13009425,-0.14254038,0.33506382,-0.15421924,0.11095692,0.020126866,0.24065222,-0.082806714,-0.0016281642,0.121011496,-0.18813103,-0.22479689,0.14843264,0.028077371,-0.15271607,0.0008543059,-0.15095435,0.12249339,-0.19468555
B_cell_receptor,-0.17474788,-0.052162096,-0.13314545,0.10204228,-0.37901217,-0.0294871,0.12593773,0.049957335,-0.12977079,-0.033255264,0.03815127,-0.056954138,-0.20592819,-0.17113438,0.15494137,-0.081324875,-0.11906941,-0.04187676,0.13503772,-0.34423044,-0.07170467,0.05253535,0.2761513,0.12761362,-0.25007847,-0.09936832,0.2609814,-0.30668592,-0.40483764,0.13739868,-0.18106827,-0.010611884
Fc_gamma_phagocytosis,-0.14924924,-0.24850343,0.12494564,0.11787022,0.371455,0.32249594,0.008389315,0.0423308,-0.048155934,-0.1126465,-0.075761005,-0.0023254529,0.14833204,0.2522083,-0.21763001,0.3798832,-0.18139091,0.19361232,0.04430359,0.3645646,-0.028666478,-0.01889347,0.16715723,-0.289253,-0.23430291,0.16266209,-0.048868388,-0.13878444,0.09911991,-0.14236283,0.27630508,-0.21671629
Leukocyte_transendothelial_migration,-0.14287844,-0.261059,-0.1530313,0.31508845,0.3230595,0.20661092,-0.040200636,0.1068206,-0.30589893,0.14460063,0.07704244,0.12984717,0.26036957,-0.21739064,0.0651588,0.35646117,-0.46693155,0.13519353,0.091614224,0.093619056,-0.16448691,0.20800832,0.004905775,-0.21096617,-0.24066585,0.40121108,0.21995038,-0.19817093,0.0010749772,-0.16205662,0.06851287,-0.2364642
Platelet_activation,0.039265558,-0.31570196,-0.14553541,0.29501423,0.4428729,0.1298251,-0.14195791,0.14861408,-0.3682398,0.24897838,0.09128039,0.13374397,0.22443257,-0.15613875,0.057411518,0.37982306,-0.47718558,0.07854374,0.100811124,0.23148766,-0.17170997,0.0716759,-0.092072725,-0.15166086,-0.1888121,0.3645901,0.08236139,-0.1953232,0.08717171,-0.2627993,0.12649146,-0.20300251
