compound,max_target_score,n_targets_above_threshold,top5_mean_score,bbb_score,bbb_pass,max_target_score_norm,n_targets_norm,top5_mean_norm,bbb_score_norm,activity_score,rank
Resveratrol,0.9871565699577332,110,0.9861584901809692,5.0,Likely,0.988555594833186,0.8148148148087793,0.9884522655862732,0.9999999998,0.9468112282603782,1
Melatonin,0.9842159152030945,108,0.9824696779251099,5.0,Likely,0.9827241782889923,0.7999999999940741,0.981461704122611,0.9999999998,0.9393188884003186,2
Ferulic acid,0.9863344430923462,104,0.9854080080986023,5.0,Likely,0.9869252898146587,0.7703703703646639,0.9870300486881836,0.9999999998,0.9347739561683424,3
Daidzein,0.9655048251152039,114,0.9560701251029968,5.0,Likely,0.9456194620259537,0.8444444444381893,0.9314326747723,0.9999999998,0.9249360914817061,4
Curcumin,0.9929277300834656,109,0.9922520518302917,4.0,Likely,0.9999999980169667,0.8074074074014267,0.999999998104929,0.79999999984,0.9218518506585271,5
Cinnamic_acid,0.977073073387146,103,0.9752984046936035,5.0,Likely,0.9685596845236579,0.7629629629573115,0.9678716315408659,0.9999999998,0.9217045381778246,6
Erastin,0.9777852296829224,135,0.972338855266571,3.0,Moderate,0.9699719142315797,0.9999999999925927,0.9622630749813517,0.59999999988,0.920055938706539,7
Genistein,0.9744654893875122,120,0.9670099020004272,4.0,Likely,0.9633887584052985,0.8888888888823046,0.9521643297050669,0.79999999984,0.9174493700646973,8
Cinnamaldehyde,0.9722855091094971,103,0.9698222875595093,5.0,Likely,0.9590657847412938,0.7629629629573115,0.95749400027289,0.9999999998,0.9157872654370033,9
Galangin,0.9695111513137817,120,0.9608532190322876,4.0,Likely,0.9535641406180159,0.8888888888823046,0.9404969777999385,0.79999999984,0.9110939158628663,10
Fer-1,0.9602910280227661,108,0.9571754336357117,5.0,Likely,0.9352803283432423,0.7999999999940741,0.9335273130185213,0.9999999998,0.9107299431432837,11
Quercetin,0.9832100868225098,123,0.9788409471511841,3.0,Moderate,0.9807295870334534,0.9111111111043622,0.9745850013384243,0.59999999988,0.9046793835544052,12
Fisetin,0.9802587032318115,122,0.9752052426338196,3.0,Moderate,0.9748768948492007,0.9037037036970097,0.9676950828146555,0.59999999988,0.8990566098071366,13
Chrysin,0.9513786435127258,109,0.9375940561294556,5.0,Likely,0.9176067723441634,0.8074074074014267,0.8964192105979594,0.9999999998,0.8971190247903037,14
Apigenin,0.9643822908401489,116,0.9544431567192078,4.0,Likely,0.9433934390857721,0.8592592592528945,0.9283494540233321,0.79999999984,0.8970898819750769,15
Kaempferol,0.9798096418380737,121,0.974463164806366,3.0,Moderate,0.9739863911147277,0.8962962962896571,0.9662887925770878,0.59999999988,0.8965415090888409,16
Luteolin,0.9721226692199707,120,0.9642121195793152,3.0,Moderate,0.958742867804397,0.8888888888823046,0.9468623331218385,0.59999999988,0.8844978092145747,17
N-acetylcysteine,0.9637911915779114,104,0.9608687162399292,4.0,Likely,0.9422212695165171,0.7703703703646639,0.9405263461101206,0.79999999984,0.8775016234254771,18
Sulforaphane,0.9370492100715637,98,0.931410014629364,5.0,Likely,0.8891910274812539,0.7259259259205487,0.8847000123298555,0.9999999998,0.8638733441510399,19
Tyrosol,0.9511076807975769,103,0.9469749331474304,4.0,Likely,0.9170694442346713,0.7629629629573115,0.9141966394364816,0.79999999984,0.8602642060565832,20
ML162,0.9612812995910645,110,0.9535062909126282,3.0,Moderate,0.9372440699206955,0.8148148148087793,0.9265740267177828,0.59999999988,0.853382634835884,21
Formononetin,0.935258150100708,96,0.9185361862182617,5.0,Likely,0.8856392957693908,0.7111111111058437,0.8603031922863578,0.9999999998,0.8528273293373371,22
Alpha-lipoic acid,0.9276880621910095,98,0.9214898943901062,5.0,Likely,0.8706275587377037,0.7259259259205487,0.8659006792520341,0.9999999998,0.8526762968213419,23
Scutellarein,0.9581651091575623,111,0.9463904500007629,3.0,Moderate,0.9310645602655353,0.8222222222161317,0.9130890023224583,0.59999999988,0.8497004022095849,24
Baicalein,0.9445079565048218,104,0.9287473559379578,4.0,Likely,0.9039819706483279,0.7703703703646639,0.8796540848204075,0.79999999984,0.8488998034991826,25
Pinocembrin,0.937042236328125,87,0.9296442270278931,5.0,Likely,0.8891771983152155,0.6444444444396709,0.8813537192946792,0.9999999998,0.8426615603139129,26
Phloretin,0.9595766067504883,103,0.9571433067321777,3.0,Moderate,0.9338636071113081,0.7629629629573115,0.933466430252413,0.59999999988,0.840959610773389,27
Naringenin,0.9368676543235779,85,0.9276912808418274,5.0,Likely,0.888830996372254,0.6296296296249657,0.877652747436534,0.9999999998,0.8379114429656639,28
Hydroxytyrosol,0.9366453289985657,99,0.9311642646789551,4.0,Likely,0.8883901178310297,0.7333333333279013,0.8842342987033903,0.79999999984,0.8353284492246833,29
Edaravone,0.9074475765228271,98,0.9015903472900391,5.0,Likely,0.8304899999842431,0.7259259259205487,0.8281896228324249,0.9999999998,0.8292003871527285,30
Plumbagin,0.9193470478057861,87,0.905063271522522,5.0,Likely,0.8540870487697713,0.6444444444396709,0.834771061144242,0.9999999998,0.8187343434353982,31
Tanshinone IIA,0.9167038202285767,106,0.8934968113899231,4.0,Likely,0.8488454402472155,0.7851851851793691,0.8128517969297251,0.79999999984,0.8166051495897989,32
Shikonin,0.9368909001350403,91,0.920874297618866,4.0,Likely,0.8888770935923821,0.6740740740690809,0.8647340796075682,0.79999999984,0.815809021152496,33
Tetramethylpyrazine,0.9217665195465088,76,0.9144992828369141,5.0,Likely,0.8588849419990948,0.5629629629587929,0.8526529733939892,0.9999999998,0.8045137137578787,34
Hesperetin,0.9340848922729492,83,0.9255057573318481,4.0,Likely,0.8833126863309299,0.6148148148102607,0.8735110250155784,0.79999999984,0.8012409001482852,35
Dimethyl fumarate,0.945405125617981,73,0.9396588206291199,4.0,Likely,0.9057610869492684,0.5407407407367353,0.9003320861095726,0.79999999984,0.7972845871198209,36
DFO,0.9774888753890991,111,0.9742108583450317,0.0,Poor,0.9693842337739477,0.8222222222161317,0.9658106538963148,0.0,0.7862927008489933,37
Oroxylin A,0.8968510031700134,85,0.8733912706375122,5.0,Likely,0.8094766412878897,0.6296296296249657,0.7747503678947718,0.9999999998,0.7844118238006957,38
Danshensu,0.9364598393440247,103,0.9312211871147156,2.0,Poor,0.8880222856540083,0.7629629629573115,0.88434217076579,0.39999999992,0.7826340833976783,39
Idebenone,0.8920465707778931,82,0.8813061714172363,5.0,Likely,0.7999492914714326,0.6074074074029081,0.7897496675451029,0.9999999998,0.7792715207220041,40
Huperzine A,0.8540995717048645,84,0.8282523155212402,5.0,Likely,0.7246991255524653,0.6222222222176133,0.6892088390071021,0.9999999998,0.7315024592195417,41
Wogonin,0.8622689843177795,76,0.8344281911849976,5.0,Likely,0.7408993434774528,0.5629629629587929,0.7009125624348407,0.9999999998,0.7252836515355169,42
Aloe emodin,0.8690237402915955,73,0.8404431343078613,4.0,Likely,0.75429425006265,0.5407407407367353,0.7123113072568417,0.79999999984,0.6972659994963217,43
Chrysophanol,0.8519949913024902,65,0.8261561393737793,5.0,Likely,0.7205256723588758,0.481481481477915,0.6852364361898504,0.9999999998,0.6938634647125478,44
Honokiol,0.841345489025116,80,0.8310754895210266,4.0,Likely,0.6994073538382309,0.5925925925882031,0.6945589544370134,0.79999999984,0.6865804605756849,45
Emodin,0.8618916869163513,67,0.8345648050308228,4.0,Likely,0.7401511501353751,0.49629629629262006,0.7011714553846001,0.79999999984,0.6784198404426863,46
Magnolol,0.8346138000488281,79,0.8263742327690125,4.0,Likely,0.6860581898791608,0.5851851851808505,0.6856497386781444,0.79999999984,0.6778290973984549,47
BCP,0.848933219909668,63,0.8366672396659851,4.0,Likely,0.7144540774780151,0.46666666666320994,0.7051557184809637,0.79999999984,0.6630145233793486,48
Borneol,0.825850248336792,61,0.8125856518745422,5.0,Likely,0.6686797742869015,0.45185185184850485,0.6595193976486263,0.9999999998,0.6618807333446983,49
Eucalyptol,0.7993354201316833,61,0.7861732244491577,5.0,Likely,0.6160999848308891,0.45185185184850485,0.6094659700098563,0.9999999998,0.6309644501254015,50
Physcion,0.8206883072853088,49,0.7924744486808777,5.0,Likely,0.6584434728644756,0.36296296296027436,0.6214072378849527,0.9999999998,0.6265477656838732,51
VC,0.8378614187240601,80,0.8269869685173035,2.0,Poor,0.6924983261250448,0.5925925925882031,0.6868109164807304,0.39999999992,0.6222252913989991,52
Catechin,0.844662606716156,51,0.823398768901825,3.0,Moderate,0.7059853089524977,0.37777777777497945,0.680011023123174,0.59999999988,0.6015420583399126,53
Epicatechin,0.8440729379653931,51,0.8227723240852356,3.0,Moderate,0.7048159761352505,0.37777777777497945,0.6788238656615806,0.59999999988,0.6008360024884777,54
RSL3,0.8093994855880737,44,0.7773617506027222,4.0,Likely,0.63605736259231,0.32592592592351166,0.5927676006604493,0.79999999984,0.5722934585292987,55
Tangeretin,0.6680653691291809,21,0.6529843807220459,5.0,Likely,0.3557870916000089,0.1555555555544033,0.3570636427107251,0.9999999998,0.4026802815962852,56
Salidroside,0.6779170632362366,40,0.6576601266860962,2.0,Poor,0.3753233298862604,0.29629629629410154,0.3659245137128328,0.39999999992,0.3569183679499247,57
Nobiletin,0.6430889368057251,18,0.6270661354064941,4.0,Likely,0.3062579925324682,0.13333333333234568,0.30794672530164774,0.79999999984,0.33751031202086224,58
Lip-1,0.6131747364997864,19,0.5636923313140869,5.0,Likely,0.2469371347217362,0.14074074073969822,0.18784886128312622,0.9999999998,0.3185753976283138,59
Dihydroartemisinin,0.5368183255195618,24,0.5240603685379028,5.0,Likely,0.09551982279725536,0.17777777777646092,0.11274347437371834,0.9999999998,0.2560622509865842,60
Artemisinin,0.533220112323761,22,0.5227984189987183,5.0,Likely,0.08838444591344066,0.16296296296175583,0.11035199028457902,0.9999999998,0.24926329435128794,61
Schisandrin B,0.5293474793434143,4,0.5021697282791138,3.0,Moderate,0.08070488543611477,0.029629629629410154,0.07125915487090027,0.59999999988,0.1434689060097178,62
Schisandrin,0.48864978551864624,0,0.4645673632621765,4.0,Likely,0.0,0.0,0.0,0.79999999984,0.119999999976,63
