dataset,cell_type,metric,rho,p_value,significant_bonf,n_samples
GSE16561,Monocyte,ferroptosis,0.6943414345934377,2.7735968413878954e-10,True,63
GSE16561,Monocyte,senescence,0.7397748549968387,4.3256724351565815e-12,True,63
GSE16561,Monocyte,idsp_index,0.7524032408116873,1.1640388907748132e-12,True,63
GSE16561,Macrophage_M1,ferroptosis,0.6574500768049155,4.8195412810417074e-09,True,63
GSE16561,Macrophage_M1,senescence,0.7654181718361739,2.764895326706781e-13,True,63
GSE16561,Macrophage_M1,idsp_index,0.7934427803379416,8.916859345708198e-15,True,63
GSE16561,Macrophage_M2,ferroptosis,-0.4879032258064517,4.9897487623191005e-05,True,63
GSE16561,Macrophage_M2,senescence,-0.09871950268931275,0.4414458299388275,False,63
GSE16561,Macrophage_M2,idsp_index,-0.2676171274961598,0.03396788862719536,False,63
GSE16561,Neutrophil,ferroptosis,0.5919817687088571,3.221436426203864e-07,True,63
GSE16561,Neutrophil,senescence,0.850760439756203,1.0782931918464867e-18,True,63
GSE16561,Neutrophil,idsp_index,0.8112591714983741,7.535990947442212e-16,True,63
GSE16561,Tcell_CD8,ferroptosis,0.6661386328725039,2.5505106236645863e-09,True,63
GSE16561,Tcell_CD8,senescence,0.7082458267338294,8.443296294825737e-11,True,63
GSE16561,Tcell_CD8,idsp_index,0.7126056067588327,5.732359386228796e-11,True,63
GSE16561,Tcell_CD4,ferroptosis,-0.7555294202903443,8.309236438759401e-13,True,63
GSE16561,Tcell_CD4,senescence,-0.7358927585627535,6.379261875522848e-12,True,63
GSE16561,Tcell_CD4,idsp_index,-0.7355118989572816,6.624668132357369e-12,True,63
GSE16561,Treg,ferroptosis,0.36746351766513063,0.0030500330326249728,False,63
GSE16561,Treg,senescence,0.7148463283724292,4.684780092130499e-11,True,63
GSE16561,Treg,idsp_index,0.6373847926267282,1.9419158174746475e-08,True,63
GSE16561,NK_cell,ferroptosis,0.8186542177794989,2.499888760881075e-16,True,63
GSE16561,NK_cell,senescence,0.5745385593932265,8.48298996936681e-07,True,63
GSE16561,NK_cell,idsp_index,0.6609862350014547,3.72916805893175e-09,True,63
GSE16561,B_cell,ferroptosis,-0.595461255098264,2.637441161278752e-07,True,63
GSE16561,B_cell,senescence,-0.7602909055996927,4.92402176857141e-13,True,63
GSE16561,B_cell,idsp_index,-0.6853000828556424,5.802881613098512e-10,True,63
GSE16561,Plasma_cell,ferroptosis,0.7255664362519201,1.7360781252973158e-11,True,63
GSE16561,Plasma_cell,senescence,0.8234785844317118,1.184184376674336e-16,True,63
GSE16561,Plasma_cell,idsp_index,0.84730222734255,2.0563308141731794e-18,True,63
GSE16561,Dendritic_cell,ferroptosis,0.7592645929339478,5.517500710406868e-13,True,63
GSE16561,Dendritic_cell,senescence,0.6432008833134457,1.3102390765165233e-08,True,63
GSE16561,Dendritic_cell,idsp_index,0.700412826420891,1.6638488103211194e-10,True,63
GSE37587,Monocyte,ferroptosis,0.4572132039487878,8.869307685731328e-05,True,68
GSE37587,Monocyte,senescence,0.09638508226132762,0.43427391800358406,False,68
GSE37587,Monocyte,idsp_index,0.22762148337595906,0.06192921918100732,False,68
GSE37587,Macrophage_M1,ferroptosis,-0.24388521478011313,0.04504674914037902,False,68
GSE37587,Macrophage_M1,senescence,0.20189334656640073,0.09873060104530926,False,68
GSE37587,Macrophage_M1,idsp_index,-0.029087300072527387,0.8138495092814149,False,68
GSE37587,Macrophage_M2,ferroptosis,0.1994713084729193,0.10292800161993076,False,68
GSE37587,Macrophage_M2,senescence,0.0581364278352483,0.6377008610932964,False,68
GSE37587,Macrophage_M2,idsp_index,0.22960644348589532,0.05962872305277449,False,68
GSE37587,Neutrophil,ferroptosis,0.1506293719709386,0.2201600057378125,False,68
GSE37587,Neutrophil,senescence,0.14738328816276672,0.23037861715535338,False,68
GSE37587,Neutrophil,idsp_index,0.13398480742069702,0.276020092800046,False,68
GSE37587,Tcell_CD8,ferroptosis,-0.3643772605546361,0.002252207808438346,False,68
GSE37587,Tcell_CD8,senescence,0.18899110585181508,0.12270631349129894,False,68
GSE37587,Tcell_CD8,idsp_index,-0.08623124785280757,0.48442593876501305,False,68
GSE37587,Tcell_CD4,ferroptosis,-0.43711529103882857,0.00019371687255704002,True,68
GSE37587,Tcell_CD4,senescence,0.11883040042752986,0.3344653294708767,False,68
GSE37587,Tcell_CD4,idsp_index,-0.13692407527579492,0.26552585405505275,False,68
GSE37587,Treg,ferroptosis,0.08577399868694856,0.486754277601284,False,68
GSE37587,Treg,senescence,-0.00855059739664847,0.9448272157299564,False,68
GSE37587,Treg,idsp_index,-0.04137878383020956,0.7375982252069739,False,68
GSE37587,NK_cell,ferroptosis,-0.07451305982951649,0.5459107443156699,False,68
GSE37587,NK_cell,senescence,0.09775928541436042,0.42771940201994263,False,68
GSE37587,NK_cell,idsp_index,-0.003740886361033706,0.9758466859304163,False,68
GSE37587,B_cell,ferroptosis,-0.16175670646904516,0.1875546047397887,False,68
GSE37587,B_cell,senescence,0.15509409474367294,0.20663050634753866,False,68
GSE37587,B_cell,idsp_index,-0.1137916555330763,0.3555076560592655,False,68
GSE37587,Plasma_cell,ferroptosis,-0.22647847539370972,0.06328614897999314,False,68
GSE37587,Plasma_cell,senescence,0.3942436156811849,0.00087919496015846,True,68
GSE37587,Plasma_cell,idsp_index,0.10081307019887772,0.4133570912704678,False,68
GSE37587,Dendritic_cell,ferroptosis,-0.036283126725387006,0.7689504950642573,False,68
GSE37587,Dendritic_cell,senescence,-0.1997175249074321,0.10249507963992384,False,68
GSE37587,Dendritic_cell,idsp_index,-0.1419628201702485,0.24816758559866434,False,68
GSE61616,Monocyte,ferroptosis,0.6392857142857141,0.010288446619594207,False,15
GSE61616,Monocyte,senescence,0.2964285714285714,0.28335542843426287,False,15
GSE61616,Monocyte,idsp_index,0.6928571428571427,0.0041902329602981365,False,15
GSE61616,Macrophage_M1,ferroptosis,0.5857142857142856,0.021776517619042774,False,15
GSE61616,Macrophage_M1,senescence,0.6857142857142856,0.004772245222691258,False,15
GSE61616,Macrophage_M1,idsp_index,0.9357142857142854,3.010645621400815e-07,True,15
GSE61616,Macrophage_M2,ferroptosis,-0.12511175683948864,0.6568464727285411,False,15
GSE61616,Macrophage_M2,senescence,0.6487938247533481,0.008878983956795783,False,15
GSE61616,Macrophage_M2,idsp_index,0.3413763650906046,0.21303107835871474,False,15
GSE61616,Neutrophil,ferroptosis,0.6416445815053773,0.009923545250624796,False,15
GSE61616,Neutrophil,senescence,0.6738161761212458,0.005882294882826482,False,15
GSE61616,Neutrophil,idsp_index,0.9204650681762376,1.1568972450162702e-06,True,15
GSE61616,Tcell_CD8,ferroptosis,-0.7714285714285712,0.0007568751073803471,True,15
GSE61616,Tcell_CD8,senescence,-0.2607142857142857,0.34797945986279355,False,15
GSE61616,Tcell_CD8,idsp_index,-0.5035714285714286,0.05565451716115848,False,15
GSE61616,Tcell_CD4,ferroptosis,-0.7785714285714285,0.0006273501294803568,True,15
GSE61616,Tcell_CD4,senescence,0.11071428571428568,0.6944626472070963,False,15
GSE61616,Tcell_CD4,idsp_index,-0.457142857142857,0.08667812662416982,False,15
GSE61616,Treg,ferroptosis,0.7428571428571428,0.00150948887823503,True,15
GSE61616,Treg,senescence,0.6357142857142856,0.0108607461687898,False,15
GSE61616,Treg,idsp_index,0.9035714285714285,3.880504128799775e-06,True,15
GSE61616,NK_cell,ferroptosis,-0.4892857142857142,0.06416038631454055,False,15
GSE61616,NK_cell,senescence,-0.07142857142857141,0.8002959873970544,False,15
GSE61616,NK_cell,idsp_index,-0.6214285714285712,0.013402006712181795,False,15
GSE61616,B_cell,ferroptosis,-0.7499999999999999,0.001280898450935536,True,15
GSE61616,B_cell,senescence,0.16428571428571426,0.5584973732486012,False,15
GSE61616,B_cell,idsp_index,-0.46071428571428563,0.08393338135031411,False,15
GSE61616,Plasma_cell,ferroptosis,-0.6321428571428571,0.011457541540078888,False,15
GSE61616,Plasma_cell,senescence,0.125,0.6571356681869504,False,15
GSE61616,Plasma_cell,idsp_index,-0.46071428571428563,0.08393338135031411,False,15
GSE61616,Dendritic_cell,ferroptosis,0.6428571428571428,0.009739944695595262,False,15
GSE61616,Dendritic_cell,senescence,0.6428571428571428,0.009739944695595262,False,15
GSE61616,Dendritic_cell,idsp_index,0.8785714285714284,1.6315280286544268e-05,True,15
GSE97537,Monocyte,ferroptosis,0.7810870121972561,0.0027052956461396894,False,12
GSE97537,Monocyte,senescence,0.833626497322632,0.0007538511759524885,True,12
GSE97537,Monocyte,idsp_index,0.8301238649809405,0.0008314183449022769,True,12
GSE97537,Macrophage_M1,ferroptosis,0.8251748251748254,0.0009513628555555001,True,12
GSE97537,Macrophage_M1,senescence,0.9230769230769231,1.8621951098680987e-05,True,12
GSE97537,Macrophage_M1,idsp_index,0.8671328671328673,0.00025981184986148103,True,12
GSE97537,Macrophage_M2,ferroptosis,0.7972027972027973,0.0019003677255282703,False,12
GSE97537,Macrophage_M2,senescence,0.9580419580419581,9.5435818268384e-07,True,12
GSE97537,Macrophage_M2,idsp_index,0.9090909090909092,4.1910446530342335e-05,True,12
GSE97537,Neutrophil,ferroptosis,0.8371291296643237,0.0006820012896813326,True,12
GSE97537,Neutrophil,senescence,0.7880922768806397,0.002328675140237453,False,12
GSE97537,Neutrophil,idsp_index,0.8651501883978577,0.00027881184408392283,True,12
GSE97537,Tcell_CD8,ferroptosis,0.7740817475138726,0.003126656373920488,False,12
GSE97537,Tcell_CD8,senescence,0.5814369687208274,0.047373596171879875,False,12
GSE97537,Tcell_CD8,idsp_index,0.7285475270718802,0.00720175094976221,False,12
GSE97537,Tcell_CD4,ferroptosis,-0.5964948999491283,0.040629164168687226,False,12
GSE97537,Tcell_CD4,senescence,-0.6315828352402535,0.02760228151721332,False,12
GSE97537,Tcell_CD4,idsp_index,-0.6245652481820285,0.0299241905885928,False,12
GSE97537,Treg,ferroptosis,0.9160839160839163,2.8428045348547105e-05,True,12
GSE97537,Treg,senescence,0.7552447552447553,0.004508435484294225,False,12
GSE97537,Treg,idsp_index,0.8531468531468532,0.00041811794041499725,True,12
GSE97537,NK_cell,ferroptosis,-0.6293706293706295,0.02831967129576002,False,12
GSE97537,NK_cell,senescence,-0.7482517482517484,0.005124081698753058,False,12
GSE97537,NK_cell,idsp_index,-0.6013986013986015,0.03858845292201944,False,12
GSE97537,B_cell,ferroptosis,-0.6363636363636365,0.026096891052703127,False,12
GSE97537,B_cell,senescence,-0.6993006993006995,0.011374198642690932,False,12
GSE97537,B_cell,idsp_index,-0.5944055944055945,0.04152149441031855,False,12
GSE97537,Plasma_cell,ferroptosis,0.8671328671328673,0.00025981184986148103,True,12
GSE97537,Plasma_cell,senescence,0.9160839160839163,2.8428045348547105e-05,True,12
GSE97537,Plasma_cell,idsp_index,0.8601398601398602,0.0003316683391269209,True,12
GSE97537,Dendritic_cell,ferroptosis,0.7622377622377624,0.003950448972542651,False,12
GSE97537,Dendritic_cell,senescence,0.6713286713286714,0.016831456186893395,False,12
GSE97537,Dendritic_cell,idsp_index,0.7132867132867133,0.009201779777634755,False,12
