,ferroptosis,senescence,shared,dataset,sample,group,idsp_index
GSM416528,0.2919836956521739,0.10143045494980303,0.5402904787520172,GSE16561,GSM416528,case,-1.2441436538233464
GSM416529,0.32273463628762544,0.10317517050027535,0.5541996465073388,GSE16561,GSM416529,case,1.3895337488237112
GSM416530,0.3199754389632107,0.10507079467954421,0.5114577729962345,GSE16561,GSM416530,case,1.1532211192718937
GSM416531,0.3315086747491639,0.09648885923666708,0.5033581802812572,GSE16561,GSM416531,case,0.8582395174658868
GSM416532,0.34149508779264215,0.05990807811242428,0.40966725582110197,GSE16561,GSM416532,case,-3.2297873996463338
GSM416533,0.34668164715719063,0.0740511289024442,0.5531852762621994,GSE16561,GSM416533,case,-1.6492532901280959
GSM416534,0.3337871028428094,0.08416200703181259,0.4897871359409821,GSE16561,GSM416534,case,-0.5193282125822067
GSM416535,0.3337322324414716,0.0748599462023976,0.3980788442326904,GSE16561,GSM416535,case,-1.558865201311582
GSM416536,0.30777853260869564,0.08092144279239209,0.529839391377853,GSE16561,GSM416536,case,-0.8814723065639205
GSM416537,0.3331051421404682,0.09244477273690008,0.5158687466379774,GSE16561,GSM416537,case,0.4062990733833143
GSM416538,0.3367866847826087,0.07744524929046469,0.466871589948513,GSE16561,GSM416538,case,-1.2699487733923465
GSM416539,0.3296561454849498,0.12234983267674843,0.44755244755244755,GSE16561,GSM416539,case,1.9823293507960118
GSM416540,0.33687552257525083,0.06893479688228069,0.44730653961423195,GSE16561,GSM416540,case,-2.22102082413109
GSM416541,0.3456704640468227,0.09022747490151227,0.5526319834012142,GSE16561,GSM416541,case,0.15850848620219793
GSM416542,0.3275083612040134,0.1140975134494006,0.36694075155613615,GSE16561,GSM416542,case,1.7983814516562506
GSM416543,0.3274430392976589,0.0829189964840937,0.48056558825789597,GSE16561,GSM416543,case,-0.6582388760825448
GSM416544,0.332971885451505,0.0792773329944508,0.560070698532237,GSE16561,GSM416544,case,-1.0652071777752319
GSM416545,0.30174540133779265,0.0988213241835049,0.5383539537385691,GSE16561,GSM416545,case,-0.40809821442412736
GSM416546,0.3043765677257525,0.09539278603803956,0.5372166295243218,GSE16561,GSM416546,case,-0.18275084893295834
GSM416547,0.2776442307692308,0.09165845935527597,0.4792438330899869,GSE16561,GSM416547,case,-2.4722532286153447
GSM416548,0.2932822951505017,0.0980456008810946,0.5241527703066164,GSE16561,GSM416548,case,-1.1329245469225384
GSM416549,0.23847721571906355,0.127513820053374,0.5941135787289633,GSE16561,GSM416549,case,-5.826728907575269
GSM416550,0.30641722408026756,0.09109983267674843,0.49055559824790596,GSE16561,GSM416550,case,-0.007977966660262459
GSM416551,0.29185305183946486,0.08135298852035414,0.4770460308921847,GSE16561,GSM416551,case,-1.2553326987831879
GSM416552,0.24326923076923077,0.08571742491633838,0.4735879505110274,GSE16561,GSM416552,case,-5.416314738448353
GSM416553,0.3145484949832776,0.10353655695344602,0.49215399984630753,GSE16561,GSM416553,case,0.688428191640156
GSM416554,0.2841320025083612,0.09943687253780659,0.5126873126873127,GSE16561,GSM416554,case,-1.9166052559097109
GSM416555,0.3239914297658863,0.11416502520438852,0.5642050257434873,GSE16561,GSM416555,case,1.4971723613373673
GSM416556,0.32333821070234114,0.09386781463125345,0.5066933066933067,GSE16561,GSM416556,case,0.5653288532159709
GSM416557,0.3102529264214047,0.10063090396916169,0.5335587489433643,GSE16561,GSM416557,case,0.3205323933606288
GSM416558,0.31806020066889634,0.10158268733850129,0.5082609697994314,GSE16561,GSM416558,case,0.9891897201606483
GSM416559,0.30349602842809364,0.08315992078620749,0.5180358103435027,GSE16561,GSM416559,case,-0.6313147645201784
GSM416560,0.3014736622073579,0.09558473122378955,0.5312687312687313,GSE16561,GSM416560,case,-0.43137142794059247
GSM416561,0.31920464046822744,0.1048616406150718,0.5590255897948205,GSE16561,GSM416561,case,1.0872057540088433
GSM416562,0.2994852633779264,0.12262385097640531,0.5782986244524706,GSE16561,GSM416562,case,-0.6016686922293548
GSM416563,0.33061507107023413,0.09026983521836743,0.5281487743026204,GSE16561,GSM416563,case,0.16324239592744794
GSM416564,0.33252247073578595,0.10607420468505105,0.5544916621839698,GSE16561,GSM416564,case,1.929434527482881
GSM416565,0.2941288670568562,0.1003237916719617,0.5551679090140629,GSE16561,GSM416565,case,-1.0604195355827781
GSM416566,0.272308737458194,0.10582269030372347,0.5340505648197956,GSE16561,GSM416566,case,-2.9292138247751947
GSM416567,0.2987301421404682,0.11713157114415215,0.5448551448551449,GSE16561,GSM416567,control,-0.6663413720972273
GSM416568,0.2956391095317726,0.0928088067098742,0.5385844924306463,GSE16561,GSM416568,control,-0.9310741758470326
GSM416569,0.26959134615384617,0.07943221290295252,0.5336048566817797,GSE16561,GSM416569,control,-3.1619459599398603
GSM416570,0.31782242892976587,0.09916814927775659,0.5262429877814493,GSE16561,GSM416570,control,0.9688256583337367
GSM416571,0.3090510033444816,0.059123088490701914,0.4582801813571044,GSE16561,GSM416571,control,-3.3175126642423947
GSM416572,0.2962661998327759,0.0683086584487652,0.5041881195727349,GSE16561,GSM416572,control,-2.290993927257459
GSM416573,0.31003083193979936,0.04250857796416317,0.43222930915238605,GSE16561,GSM416573,control,-5.174240819293256
GSM416574,0.3107075668896321,0.07862471936290083,0.5292553600245908,GSE16561,GSM416574,control,-1.138138974479884
GSM416575,0.26191210284280936,0.06959402931333926,0.5167447936678706,GSE16561,GSM416575,control,-3.8196380226792366
GSM416576,0.30834552675585286,0.04792407972211632,0.401321755167909,GSE16561,GSM416576,control,-4.569040047855676
GSM416577,0.2886052466555184,0.05321382428940569,0.4695304695304695,GSE16561,GSM416577,control,-3.9778930709149343
GSM416578,0.32043791806020067,0.08659507773118143,0.5090601705986322,GSE16561,GSM416578,control,-0.24742427273809153
GSM416579,0.31436559364548494,0.10027481255559792,0.4961038961038961,GSE16561,GSM416579,control,0.6727635286963807
GSM416580,0.2948160535117057,0.0906696107086881,0.5261507723046185,GSE16561,GSM416580,control,-1.0015651590940216
GSM416581,0.29897836538461536,0.10615627779895793,0.49186198416967647,GSE16561,GSM416581,control,-0.6450821866735337
GSM416582,0.2966555183946488,0.07264397212691151,0.47566279873972184,GSE16561,GSM416582,control,-1.8065078538137842
GSM416583,0.28903375836120404,0.08923200745541576,0.5197110581725967,GSE16561,GSM416583,control,-1.496792289016523
GSM416584,0.30655048076923075,0.08193279535730927,0.46313686313686314,GSE16561,GSM416584,control,-0.7684502118735497
GSM416585,0.30204849498327757,0.08948484559664506,0.5119649581188043,GSE16561,GSM416585,control,-0.38213963011730195
GSM416586,0.26399195234113715,0.08886135468293303,0.5766233766233766,GSE16561,GSM416586,control,-3.6415084269185862
GSM416587,0.2809364548494983,0.07167233235904605,0.5350034580803812,GSE16561,GSM416587,control,-2.1902892956273883
GSM416588,0.29899926839464885,0.06735555131952387,0.5239529701068163,GSE16561,GSM416588,control,-2.397506896075612
GSM416589,0.30792485367892974,0.07937396746727665,0.44221931914239604,GSE16561,GSM416589,control,-1.0544079462145037
GSM416590,0.2843959030100334,0.06357621680010167,0.4174133558748943,GSE16561,GSM416590,control,-2.819860404375364
GSM922887,0.2551839464882943,0.10513301139492523,0.5291785137938985,GSE37587,GSM922887,control,-1.645069774901529
GSM922888,0.3237040133779264,0.0675170500275342,0.4913086913086913,GSE37587,GSM922888,control,-1.0414587377174414
GSM922889,0.304441889632107,0.0917259711102639,0.33906093906093904,GSE37587,GSM922889,control,0.9295632257786874
GSM922890,0.33251201923076923,0.07677013174058542,0.37705371551525396,GSE37587,GSM922890,control,-0.21020008181371175
GSM922891,0.3428459448160535,0.05707390816283306,0.45920233612541306,GSE37587,GSM922891,case,-1.979627483987044
GSM922892,0.30474759615384617,0.08302224975642818,0.5727656958426189,GSE37587,GSM922892,control,0.35146438625972376
GSM922893,0.3030988712374582,0.08384165713559537,0.5422423730116038,GSE37587,GSM922893,control,0.42507656193989624
GSM922894,0.32461590719063543,0.0361293789977549,0.3525397679243833,GSE37587,GSM922894,control,-3.8611975059768593
GSM922895,0.3334186872909699,0.07413320201635108,0.48583723968339354,GSE37587,GSM922895,control,-0.44709096057769315
GSM922896,0.35307796822742477,0.026108516541703732,0.47109813263659417,GSE37587,GSM922896,control,-4.761430413729539
GSM922897,0.3101196697324415,0.06364240479518787,0.45706601091216476,GSE37587,GSM922897,control,-1.3895408673068852
GSM922898,0.350347512541806,0.07903243741263184,0.5543687082148621,GSE37587,GSM922898,control,-0.006963881107063585
GSM922899,0.3458167851170569,0.11470644300419366,0.29741028202566666,GSE37587,GSM922899,control,3.0921620781960053
GSM922900,0.33804347826086956,0.07392404795187868,0.44249596557288867,GSE37587,GSM922900,control,-0.46588049815033816
GSM922901,0.26789558946488295,0.07724139026559919,0.46598017367248135,GSE37587,GSM922901,control,-0.9806527608813036
GSM922902,0.25439485785953175,0.06717154869318423,0.4199646507338815,GSE37587,GSM922902,control,-1.6863141609722598
GSM922903,0.24687238712374582,0.054659370102088364,0.3866748635979405,GSE37587,GSM922903,control,-2.1965396139396045
GSM922904,0.27148829431438126,0.07404186258313213,0.40736186890033044,GSE37587,GSM922904,control,-0.7928678905261541
GSM922905,0.22751358695652174,0.11644189223535392,0.4811342503650196,GSE37587,GSM922905,control,-3.091354703673196
GSM922906,0.2907608695652174,0.05381216376498496,0.3583493429647276,GSE37587,GSM922906,control,-2.272649133221206
GSM922907,0.2636156981605351,0.03952217562587368,0.33881503112272343,GSE37587,GSM922907,control,-3.556402665478826
GSM922908,0.17468384197324416,0.07791121277587157,0.3894105894105894,GSE37587,GSM922908,control,-5.8526800081901325
GSM922909,0.30970944816053514,0.08379003049942814,0.38499961576884656,GSE37587,GSM922909,control,0.42043863810867466
GSM922910,0.2248798076923077,0.05749486381158131,0.3524782909398294,GSE37587,GSM922910,control,-3.2290180849953716
GSM922911,0.3006584448160535,0.08968738086160885,0.43571812802582033,GSE37587,GSM922911,control,0.7318086859428656
GSM922912,0.2914402173913043,0.0935302558563138,0.4586797817567048,GSE37587,GSM922912,control,0.24998685131524812
GSM922913,0.30036841555183946,0.08263968314482992,0.4300161377084454,GSE37587,GSM922913,control,0.3170961814591257
GSM922914,0.29731135033444817,0.08902682467064854,0.521140398063475,GSE37587,GSM922914,control,0.5568614721792666
GSM922915,0.30288461538461536,0.088645581818952,0.5013601782832552,GSE37587,GSM922915,control,0.848167020155655
GSM922916,0.27561141304347825,0.13233495361545305,0.6065165603627142,GSE37587,GSM922916,control,-0.5773591447658433
GSM922917,0.3266696279264214,0.08234580844664718,0.4648889571966495,GSE37587,GSM922917,control,0.29069569195832123
GSM922918,0.3318561872909699,0.11796289236243487,0.48284023668639053,GSE37587,GSM922918,control,2.362464214699589
GSM922919,0.28067516722408026,0.11482425763544711,0.5577192038730501,GSE37587,GSM922919,control,-0.3126849056761838
GSM922920,0.2654865175585284,0.09287102342525522,0.5361715207869054,GSE37587,GSM922920,control,-1.1065710521303584
GSM922921,0.295803720735786,0.08417656839073157,0.48325520633212943,GSE37587,GSM922921,case,0.4551636062809047
GSM922922,0.30832984949832776,0.11636776168085737,0.4050411127334204,GSE37587,GSM922922,case,1.1327805982066623
GSM922923,0.3209265259197324,0.06582396111322912,0.4214247291170368,GSE37587,GSM922923,case,-1.1935588551567653
GSM922924,0.27208403010033444,0.08296532808065404,0.34239606547298856,GSE37587,GSM922924,case,-0.7617297447509
GSM922925,0.2775580058528428,0.08623633879781421,0.4926611849688773,GSE37587,GSM922925,case,-0.47561388773705293
GSM922926,0.2236517558528428,0.04196583640445631,0.24301851994159687,GSE37587,GSM922926,case,-3.3368742708009584
GSM922927,0.18246498745819398,0.06695709958910492,0.26916160762314606,GSE37587,GSM922927,case,-5.445972121704578
GSM922928,0.284244356187291,0.09915358791883763,0.4821178821178821,GSE37587,GSM922928,case,-0.1261291726542655
GSM922929,0.24770589464882944,0.08086054983691278,0.5058787366479675,GSE37587,GSM922929,case,-2.0359354468698476
GSM922930,0.25650083612040137,0.06430031346634472,0.41421655267809115,GSE37587,GSM922930,case,-1.5762380842404384
GSM922931,0.31384563127090304,0.0811531007751938,0.5166064704526243,GSE37587,GSM922931,case,0.18354775934469347
GSM922932,0.18604201505016724,0.058187190240183,0.34527011450088374,GSE37587,GSM922932,case,-5.259006676238249
GSM922933,0.30768446906354513,0.05930047231753294,0.4950126796280642,GSE37587,GSM922933,case,-1.7796021536250877
GSM922934,0.24090980351170568,0.08392770152920744,0.4903250595558288,GSE37587,GSM922934,case,-2.3911561361743914
GSM922935,0.2623327759197324,0.07681249205744059,0.4639206946899255,GSE37587,GSM922935,case,-1.2714120255984802
GSM922936,0.2763560827759197,0.07341969542932181,0.46979174671482365,GSE37587,GSM922936,case,-0.5384364625467759
GSM922937,0.274508779264214,0.08927966281187784,0.5189425958656728,GSE37587,GSM922937,case,-0.6349920286130248
GSM922938,0.2863764632107023,0.08975754013640022,0.5090448013524936,GSE37587,GSM922938,case,-0.014687387774411365
GSM922939,0.29391722408026755,0.127221269115093,0.5457158226388996,GSE37587,GSM922939,case,0.37945598374919975
GSM922940,0.2732885660535117,0.09786424577455839,0.561715207869054,GSE37587,GSM922940,case,-0.6987705991263728
GSM922941,0.2679164924749164,0.08427849790316431,0.549727195881042,GSE37587,GSM922941,case,-0.979560194362874
GSM922942,0.3034071906354515,0.08351071716016435,0.49907016060862214,GSE37587,GSM922942,case,0.39534628097052116
GSM922943,0.24689590301003345,0.05857108061168297,0.5341120418043495,GSE37587,GSM922943,case,-2.0782723994590095
GSM922944,0.2960441053511706,0.09744329012581014,0.5049258433873819,GSE37587,GSM922944,case,0.49062462699945086
GSM922945,0.3114783653846154,0.09572769729317575,0.430938292476754,GSE37587,GSM922945,case,1.2973484300451756
GSM922946,0.2788539924749164,0.0850754013640022,0.48127257358026587,GSE37587,GSM922946,case,-0.4078747635943947
GSM922947,0.3144805602006689,0.10139868471216165,0.5046491969568893,GSE37587,GSM922947,case,1.4542682962546798
GSM922948,0.2791832148829431,0.06779239208709281,0.46507338815031124,GSE37587,GSM922948,case,-1.0167231439509212
GSM922949,0.303067516722408,0.017092387851061125,0.37772996234534695,GSE37587,GSM922949,case,-5.571402188459197
GSM922950,0.29149247491638797,0.08484109586139704,0.543763928379313,GSE37587,GSM922950,case,0.25271826761132477
GSM922951,0.2884955058528428,0.06524680179607743,0.5214170444939675,GSE37587,GSM922951,control,-1.2454084651673551
GSM922952,0.34026703595317725,0.05388894183928496,0.521171136555752,GSE37587,GSM922952,case,-2.265751708036311
GSM922953,0.2601902173913043,0.06314599483204135,0.40494889725658956,GSE37587,GSM922953,case,-1.4341362887609481
GSM922954,0.299652487458194,0.07701767484220783,0.48548374702220853,GSE37587,GSM922954,case,-0.18796183164861857
GSM1509422,0.31786684782608693,-0.003733002922861863,0.540121417044494,GSE61616,GSM1509422,control,-2.2162180353414254
GSM1509423,0.3106448578595318,-0.013550006354047529,0.5348190271267195,GSE61616,GSM1509423,control,-2.4787026308870934
GSM1509424,0.290003135451505,-0.019771677892150633,0.505187120571736,GSE61616,GSM1509424,control,-4.867964808244338
GSM1509425,0.3235263377926421,-0.02978459778879146,0.49607315761161913,GSE61616,GSM1509425,control,-2.9127790979545254
GSM1509426,0.2987745610367893,-0.0035609141356377346,0.5305310074540843,GSE61616,GSM1509426,control,-3.3503236294336567
GSM1509427,0.33351797658862875,0.15372294234760875,0.4995466072389149,GSE61616,GSM1509427,case,1.9937998586411854
GSM1509428,0.3147810409698997,0.11766637014444868,0.5534619226926919,GSE61616,GSM1509428,case,-0.5808658214520495
GSM1509429,0.31559887123745817,0.14857881136950904,0.5350188273265196,GSE61616,GSM1509429,case,-0.43936397785129755
GSM1509430,0.327213106187291,0.11587135171771085,0.4610773841543072,GSE61616,GSM1509430,case,0.9817334448018067
GSM1509431,0.32709291387959866,0.15394798153090186,0.5629754860524091,GSE61616,GSM1509431,case,1.5493472362053629
GSM1509432,0.32127926421404684,0.09515450925572923,0.5251978790440329,GSE61616,GSM1509432,unknown,0.42781166482746646
GSM1509433,0.32775397157190633,0.14565859702630576,0.46050872204718357,GSE61616,GSM1509433,unknown,1.6637241257612443
GSM1509434,0.3197977633779264,0.14683409581903673,0.44901252593560287,GSE61616,GSM1509434,unknown,0.28713270798390833
GSM1509435,0.3163931856187291,0.03507037107637565,0.5601936525013448,GSE61616,GSM1509435,unknown,-1.1787030745498706
GSM1509436,0.3278297449832776,0.14520851865971957,0.4859448244063629,GSE61616,GSM1509436,unknown,1.6768345202162727
GSM2571735,0.36828229515050165,0.1434995446265938,0.5383846922308461,GSE97537,GSM2571735,case,1.8568304609443658
GSM2571736,0.360213733277592,0.111984792646249,0.5252747252747253,GSE97537,GSM2571736,case,0.9370995603761424
GSM2571737,0.3360916596989967,0.15465751683822596,0.5466226081610697,GSE97537,GSM2571737,case,1.1106944711930344
GSM2571738,0.29859165969899665,0.0855268034904901,0.5194036732498271,GSE97537,GSM2571738,case,-0.7793188141221441
GSM2571739,0.3536475752508361,0.1498363832761469,0.545116422039499,GSE97537,GSM2571739,case,1.9955188346289778
GSM2571740,0.3507133152173913,0.1726977167789215,0.5574118189502805,GSE97537,GSM2571740,case,1.8476310894081758
GSM2571741,0.3334317516722408,0.10526935866480282,0.52381464689157,GSE97537,GSM2571741,case,0.741115401994885
GSM2571742,0.2729044732441472,5.5597915872410725e-05,0.5198032736494275,GSE97537,GSM2571742,control,-2.3294576104830824
GSM2571743,0.27231135033444814,0.00734024865505994,0.5163451932682702,GSE97537,GSM2571743,control,-2.116861351154862
GSM2571744,0.27452184364548493,0.004942919473037658,0.5156689464381772,GSE97537,GSM2571744,control,-2.186825339096605
GSM2571745,0.27760242474916386,0.00236423518447918,0.5200799200799201,GSE97537,GSM2571745,control,-2.262082019665635
GSM2571746,0.27033862876254183,0.020323685771169567,0.5219549681088143,GSE97537,GSM2571746,control,-2.203281582664019
S1,0.4215213595100623,0.0951957767269634,0.0744893513938254,GSE104036,S1,control,-1.253153304272335
S2,0.41088888172087895,0.08077159798844104,0.05368884328981064,GSE104036,S2,control,-1.915961984777712
S3,0.4072464785570037,0.08707481631597822,0.057023275886637435,GSE104036,S3,control,-2.143022551729736
C1_3hr,0.4198902156031975,0.08398809077034702,0.06669272328280793,GSE104036,C1_3hr,unknown,-1.672108525877857
C2_3hr,0.4157582795258235,0.08944898963363274,0.08852328199365685,GSE104036,C2_3hr,unknown,-1.612412878168295
C3_3hr,0.4130822927596564,0.08447513489621122,0.04338019452892488,GSE104036,C3_3hr,unknown,-1.7792288633695477
C1_6hr,0.4193602045159727,0.09138615760547758,0.08581990806900118,GSE104036,C1_6hr,unknown,-1.3878756444833222
C2_6hr,0.41282677428801107,0.08661112362080613,0.0494668572056722,GSE104036,C2_6hr,unknown,-1.7951574046177878
C3_6hr,0.4168024899136613,0.08948368318780388,0.06674157943807278,GSE104036,C3_6hr,unknown,-1.5473187652949174
C1_12hr,0.40768414881041604,0.08700242688083265,0.040322613478598966,GSE104036,C1_12hr,unknown,-2.115739010779779
C2_12hr,0.4157336131387092,0.087722318129884,0.08095057792760332,GSE104036,C2_12hr,unknown,-1.6139505343779033
C3_12hr,0.42135059221465576,0.09836756819868732,0.083881947243495,GSE104036,C3_12hr,unknown,-1.2637986164926938
C1_24hr,0.42099071595137305,0.08120660178304853,0.07019000973051759,GSE104036,C1_24hr,unknown,-1.81822507750598
C2_24hr,0.4126281782481679,0.08132269175277507,0.0572879133943221,GSE104036,C2_24hr,unknown,-1.8121266654207577
C3_24hr,0.43317970601461386,0.09829417798794066,0.12409056302647596,GSE104036,C3_24hr,unknown,-0.9205843814101109
I1_3hr,0.43613461269661163,0.11645425204533513,0.07428171273394973,GSE104036,I1_3hr,case,-0.34219056778570806
I2_3hr,0.44447248401270256,0.1258111703236675,0.07071114205334278,GSE104036,I2_3hr,case,0.17757665814388615
I3_3hr,0.454295398327366,0.13911047728656376,0.11277629173638846,GSE104036,I3_3hr,case,0.789918673308303
I1_6hr,0.4689718986603622,0.12460990601049146,0.12296687145538415,GSE104036,I1_6hr,case,0.4618275029429868
I2_6hr,0.48080227740324927,0.13791388325952614,0.11973829386163122,GSE104036,I2_6hr,case,1.1607090327440406
I3_6hr,0.45914961681716326,0.14631406006321565,0.10765046677985009,GSE104036,I3_6hr,case,1.0925215299425757
I1_12hr,0.4912095953510818,0.14136655908328954,0.11765783591660255,GSE104036,I1_12hr,case,1.3420842197614393
I2_12hr,0.46781763823770683,0.11918103196644066,0.11006070377291659,GSE104036,I2_12hr,case,0.17663911709553215
I3_12hr,0.479483574399832,0.18028105114797302,0.14239126451943865,GSE104036,I3_12hr,case,2.360102225811224
I1_24hr,0.49475965768114455,0.21859474426013495,0.23070283650694776,GSE104036,I1_24hr,case,3.312384544545762
I2_24hr,0.5013335660828323,0.1950141359553654,0.17715649033665962,GSE104036,I2_24hr,case,3.722189637947282
I3_24hr,0.49647049299253243,0.16009740882517284,0.14695117234415905,GSE104036,I3_24hr,case,2.3260489903739963
