compound,gene,source,confidence,confidence_level,download_date
BCP,ACSL4,curated,0.95,high,2026-06-21
BCP,AKT1,curated,0.95,high,2026-06-21
BCP,ALOX15,curated,0.95,high,2026-06-21
BCP,ALOX5,curated,0.95,high,2026-06-21
BCP,BCL2,curated,0.95,high,2026-06-21
BCP,CDKN1A,curated,0.95,high,2026-06-21
BCP,CXCL8,curated,0.95,high,2026-06-21
BCP,EGR1,curated,0.95,high,2026-06-21
BCP,FTH1,curated,0.95,high,2026-06-21
BCP,FTL,curated,0.95,high,2026-06-21
BCP,GCLC,curated,0.95,high,2026-06-21
BCP,GPX4,curated,0.95,high,2026-06-21
BCP,HIF1A,curated,0.95,high,2026-06-21
BCP,HMOX1,curated,0.95,high,2026-06-21
BCP,IFNG,curated,0.95,high,2026-06-21
BCP,IL1B,curated,0.95,high,2026-06-21
BCP,IL6,curated,0.95,high,2026-06-21
BCP,KEAP1,curated,0.95,high,2026-06-21
BCP,LPCAT3,curated,0.95,high,2026-06-21
BCP,MAPK1,curated,0.95,high,2026-06-21
BCP,MAPK14,curated,0.95,high,2026-06-21
BCP,MTOR,curated,0.95,high,2026-06-21
BCP,NFE2L2,curated,0.95,high,2026-06-21
BCP,NLRP3,curated,0.95,high,2026-06-21
BCP,NQO1,curated,0.95,high,2026-06-21
BCP,NR1D1,curated,0.95,high,2026-06-21
BCP,PPARA,curated,0.95,high,2026-06-21
BCP,PRDX1,curated,0.95,high,2026-06-21
BCP,PTGS2,curated,0.95,high,2026-06-21
BCP,SAT1,curated,0.95,high,2026-06-21
BCP,SIRT1,curated,0.95,high,2026-06-21
BCP,SLC40A1,curated,0.95,high,2026-06-21
BCP,SLC7A11,curated,0.95,high,2026-06-21
BCP,SOD1,curated,0.95,high,2026-06-21
BCP,SOD2,curated,0.95,high,2026-06-21
BCP,STAT3,curated,0.95,high,2026-06-21
BCP,TFRC,curated,0.95,high,2026-06-21
BCP,TIMP1,curated,0.95,high,2026-06-21
BCP,TLR4,curated,0.95,high,2026-06-21
BCP,TNF,curated,0.95,high,2026-06-21
BCP,TP53,curated,0.95,high,2026-06-21
DFO,ACSL4,curated,0.95,high,2026-06-21
DFO,AKT1,curated,0.95,high,2026-06-21
DFO,ALOX5,curated,0.95,high,2026-06-21
DFO,ATG5,curated,0.95,high,2026-06-21
DFO,ATG7,curated,0.95,high,2026-06-21
DFO,BCL2,curated,0.95,high,2026-06-21
DFO,BECN1,curated,0.95,high,2026-06-21
DFO,CDKN1A,curated,0.95,high,2026-06-21
DFO,CDKN2A,curated,0.95,high,2026-06-21
DFO,E2F1,curated,0.95,high,2026-06-21
DFO,EGLN2,curated,0.95,high,2026-06-21
DFO,FBXL5,curated,0.95,high,2026-06-21
DFO,FTH1,curated,0.95,high,2026-06-21
DFO,FTL,curated,0.95,high,2026-06-21
DFO,GCLC,curated,0.95,high,2026-06-21
DFO,GPX4,curated,0.95,high,2026-06-21
DFO,HIF1A,curated,0.95,high,2026-06-21
DFO,HMOX1,curated,0.95,high,2026-06-21
DFO,IL1B,curated,0.95,high,2026-06-21
DFO,IL6,curated,0.95,high,2026-06-21
DFO,IREB2,curated,0.95,high,2026-06-21
DFO,KEAP1,curated,0.95,high,2026-06-21
DFO,LPCAT3,curated,0.95,high,2026-06-21
DFO,MAPK1,curated,0.95,high,2026-06-21
DFO,MAPK14,curated,0.95,high,2026-06-21
DFO,MAPK3,curated,0.95,high,2026-06-21
DFO,MTOR,curated,0.95,high,2026-06-21
DFO,NFE2L2,curated,0.95,high,2026-06-21
DFO,NQO1,curated,0.95,high,2026-06-21
DFO,RB1,curated,0.95,high,2026-06-21
DFO,SLC40A1,curated,0.95,high,2026-06-21
DFO,SLC7A11,curated,0.95,high,2026-06-21
DFO,SOD1,curated,0.95,high,2026-06-21
DFO,SOD2,curated,0.95,high,2026-06-21
DFO,STEAP3,curated,0.95,high,2026-06-21
DFO,TFRC,curated,0.95,high,2026-06-21
DFO,TIMP1,curated,0.95,high,2026-06-21
DFO,TNF,curated,0.95,high,2026-06-21
DFO,TP53,curated,0.95,high,2026-06-21
Erastin,ACSL4,curated,0.95,high,2026-06-21
Erastin,AKT1,curated,0.95,high,2026-06-21
Erastin,ALOX12,curated,0.95,high,2026-06-21
Erastin,ALOX15,curated,0.95,high,2026-06-21
Erastin,ALOX5,curated,0.95,high,2026-06-21
Erastin,ATF3,curated,0.95,high,2026-06-21
Erastin,ATF4,curated,0.95,high,2026-06-21
Erastin,ATG5,curated,0.95,high,2026-06-21
Erastin,ATG7,curated,0.95,high,2026-06-21
Erastin,BCL2,curated,0.95,high,2026-06-21
Erastin,BECN1,curated,0.95,high,2026-06-21
Erastin,CDKN1A,curated,0.95,high,2026-06-21
Erastin,CHAC1,curated,0.95,high,2026-06-21
Erastin,EIF2AK3,curated,0.95,high,2026-06-21
Erastin,ERN1,curated,0.95,high,2026-06-21
Erastin,FTH1,curated,0.95,high,2026-06-21
Erastin,FTL,curated,0.95,high,2026-06-21
Erastin,GCLC,curated,0.95,high,2026-06-21
Erastin,GPX4,curated,0.95,high,2026-06-21
Erastin,HMOX1,curated,0.95,high,2026-06-21
Erastin,HSPA5,curated,0.95,high,2026-06-21
Erastin,IL1B,curated,0.95,high,2026-06-21
Erastin,IL6,curated,0.95,high,2026-06-21
Erastin,KEAP1,curated,0.95,high,2026-06-21
Erastin,LPCAT3,curated,0.95,high,2026-06-21
Erastin,MAPK1,curated,0.95,high,2026-06-21
Erastin,MAPK14,curated,0.95,high,2026-06-21
Erastin,MAPK3,curated,0.95,high,2026-06-21
Erastin,MAPK8,curated,0.95,high,2026-06-21
Erastin,MTOR,curated,0.95,high,2026-06-21
Erastin,NCOA4,curated,0.95,high,2026-06-21
Erastin,NFE2L2,curated,0.95,high,2026-06-21
Erastin,NLRP3,curated,0.95,high,2026-06-21
Erastin,NQO1,curated,0.95,high,2026-06-21
Erastin,PTGS2,curated,0.95,high,2026-06-21
Erastin,SAT1,curated,0.95,high,2026-06-21
Erastin,SESN2,curated,0.95,high,2026-06-21
Erastin,SLC3A2,curated,0.95,high,2026-06-21
Erastin,SLC40A1,curated,0.95,high,2026-06-21
Erastin,SLC7A11,curated,0.95,high,2026-06-21
Erastin,SQSTM1,curated,0.95,high,2026-06-21
Erastin,STEAP3,curated,0.95,high,2026-06-21
Erastin,TFRC,curated,0.95,high,2026-06-21
Erastin,TNF,curated,0.95,high,2026-06-21
Erastin,TP53,curated,0.95,high,2026-06-21
Erastin,TXNIP,curated,0.95,high,2026-06-21
Erastin,VDAC1,curated,0.95,high,2026-06-21
Erastin,VDAC2,curated,0.95,high,2026-06-21
Fer-1,ACSL3,curated,0.95,high,2026-06-21
Fer-1,ACSL4,curated,0.95,high,2026-06-21
Fer-1,AKT1,curated,0.95,high,2026-06-21
Fer-1,ALOX12,curated,0.95,high,2026-06-21
Fer-1,ALOX15,curated,0.95,high,2026-06-21
Fer-1,ALOX5,curated,0.95,high,2026-06-21
Fer-1,ATF3,curated,0.95,high,2026-06-21
Fer-1,ATF4,curated,0.95,high,2026-06-21
Fer-1,ATG5,curated,0.95,high,2026-06-21
Fer-1,ATG7,curated,0.95,high,2026-06-21
Fer-1,BCL2,curated,0.95,high,2026-06-21
Fer-1,BECN1,curated,0.95,high,2026-06-21
Fer-1,CDKN1A,curated,0.95,high,2026-06-21
Fer-1,CDKN2A,curated,0.95,high,2026-06-21
Fer-1,CHAC1,curated,0.95,high,2026-06-21
Fer-1,ERN1,curated,0.95,high,2026-06-21
Fer-1,FTH1,curated,0.95,high,2026-06-21
Fer-1,FTL,curated,0.95,high,2026-06-21
Fer-1,GCLC,curated,0.95,high,2026-06-21
Fer-1,GPX4,curated,0.95,high,2026-06-21
Fer-1,GSS,curated,0.95,high,2026-06-21
Fer-1,HIF1A,curated,0.95,high,2026-06-21
Fer-1,HMGB1,curated,0.95,high,2026-06-21
Fer-1,HMOX1,curated,0.95,high,2026-06-21
Fer-1,HSPA5,curated,0.95,high,2026-06-21
Fer-1,IL1B,curated,0.95,high,2026-06-21
Fer-1,IL6,curated,0.95,high,2026-06-21
Fer-1,IREB2,curated,0.95,high,2026-06-21
Fer-1,KEAP1,curated,0.95,high,2026-06-21
Fer-1,LPCAT3,curated,0.95,high,2026-06-21
Fer-1,MAPK1,curated,0.95,high,2026-06-21
Fer-1,MAPK14,curated,0.95,high,2026-06-21
Fer-1,MAPK3,curated,0.95,high,2026-06-21
Fer-1,MTOR,curated,0.95,high,2026-06-21
Fer-1,NCOA4,curated,0.95,high,2026-06-21
Fer-1,NFE2L2,curated,0.95,high,2026-06-21
Fer-1,NLRP3,curated,0.95,high,2026-06-21
Fer-1,NQO1,curated,0.95,high,2026-06-21
Fer-1,PTGS2,curated,0.95,high,2026-06-21
Fer-1,SAT1,curated,0.95,high,2026-06-21
Fer-1,SESN2,curated,0.95,high,2026-06-21
Fer-1,SIRT1,curated,0.95,high,2026-06-21
Fer-1,SLC40A1,curated,0.95,high,2026-06-21
Fer-1,SLC7A11,curated,0.95,high,2026-06-21
Fer-1,SOD1,curated,0.95,high,2026-06-21
Fer-1,SOD2,curated,0.95,high,2026-06-21
Fer-1,SQSTM1,curated,0.95,high,2026-06-21
Fer-1,STAT3,curated,0.95,high,2026-06-21
Fer-1,STEAP3,curated,0.95,high,2026-06-21
Fer-1,TFRC,curated,0.95,high,2026-06-21
Fer-1,TNF,curated,0.95,high,2026-06-21
Fer-1,TP53,curated,0.95,high,2026-06-21
Fer-1,TXNIP,curated,0.95,high,2026-06-21
Fer-1,VDAC1,curated,0.95,high,2026-06-21
Fer-1,VDAC2,curated,0.95,high,2026-06-21
Quercetin,ABCC1,curated,0.95,high,2026-06-21
Quercetin,ACSL4,curated,0.95,high,2026-06-21
Quercetin,AKT1,curated,0.95,high,2026-06-21
Quercetin,BCL2,curated,0.95,high,2026-06-21
Quercetin,CD38,curated,0.95,high,2026-06-21
Quercetin,CDKN1A,curated,0.95,high,2026-06-21
Quercetin,CDKN2A,curated,0.95,high,2026-06-21
Quercetin,CYP1B1,curated,0.95,high,2026-06-21
Quercetin,EGFR,curated,0.95,high,2026-06-21
Quercetin,FTH1,curated,0.95,high,2026-06-21
Quercetin,GCLC,curated,0.95,high,2026-06-21
Quercetin,GPX4,curated,0.95,high,2026-06-21
Quercetin,HIF1A,curated,0.95,high,2026-06-21
Quercetin,HMOX1,curated,0.95,high,2026-06-21
Quercetin,IGF1R,curated,0.95,high,2026-06-21
Quercetin,IGFBP7,curated,0.95,high,2026-06-21
Quercetin,IL1B,curated,0.95,high,2026-06-21
Quercetin,IL6,curated,0.95,high,2026-06-21
Quercetin,KEAP1,curated,0.95,high,2026-06-21
Quercetin,MAPK1,curated,0.95,high,2026-06-21
Quercetin,MAPK14,curated,0.95,high,2026-06-21
Quercetin,MAPK3,curated,0.95,high,2026-06-21
Quercetin,MAPK8,curated,0.95,high,2026-06-21
Quercetin,MTOR,curated,0.95,high,2026-06-21
Quercetin,NFE2L2,curated,0.95,high,2026-06-21
Quercetin,NQO1,curated,0.95,high,2026-06-21
Quercetin,PPARGC1A,curated,0.95,high,2026-06-21
Quercetin,PRKAA1,curated,0.95,high,2026-06-21
Quercetin,PRKAA2,curated,0.95,high,2026-06-21
Quercetin,PTGS2,curated,0.95,high,2026-06-21
Quercetin,SIRT1,curated,0.95,high,2026-06-21
Quercetin,SIRT6,curated,0.95,high,2026-06-21
Quercetin,SLC7A11,curated,0.95,high,2026-06-21
Quercetin,SOCS1,curated,0.95,high,2026-06-21
Quercetin,SOD1,curated,0.95,high,2026-06-21
Quercetin,SOD2,curated,0.95,high,2026-06-21
Quercetin,STAT3,curated,0.95,high,2026-06-21
Quercetin,TFAM,curated,0.95,high,2026-06-21
Quercetin,TFRC,curated,0.95,high,2026-06-21
Quercetin,TIMP1,curated,0.95,high,2026-06-21
Quercetin,TNF,curated,0.95,high,2026-06-21
Quercetin,TP53,curated,0.95,high,2026-06-21
Quercetin,WNT5A,curated,0.95,high,2026-06-21
VC,AKT1,curated,0.95,high,2026-06-21
VC,BCL2,curated,0.95,high,2026-06-21
VC,CDKN1A,curated,0.95,high,2026-06-21
VC,EGLN2,curated,0.95,high,2026-06-21
VC,FTH1,curated,0.95,high,2026-06-21
VC,FTL,curated,0.95,high,2026-06-21
VC,GCLC,curated,0.95,high,2026-06-21
VC,GPX4,curated,0.95,high,2026-06-21
VC,GSS,curated,0.95,high,2026-06-21
VC,HIF1A,curated,0.95,high,2026-06-21
VC,HMOX1,curated,0.95,high,2026-06-21
VC,IL1B,curated,0.95,high,2026-06-21
VC,IL6,curated,0.95,high,2026-06-21
VC,KEAP1,curated,0.95,high,2026-06-21
VC,LOX,curated,0.95,high,2026-06-21
VC,MAPK1,curated,0.95,high,2026-06-21
VC,MAPK14,curated,0.95,high,2026-06-21
VC,MAPK3,curated,0.95,high,2026-06-21
VC,MTOR,curated,0.95,high,2026-06-21
VC,NFE2L2,curated,0.95,high,2026-06-21
VC,NQO1,curated,0.95,high,2026-06-21
VC,P4HA1,curated,0.95,high,2026-06-21
VC,P4HB,curated,0.95,high,2026-06-21
VC,SLC7A11,curated,0.95,high,2026-06-21
VC,SOD1,curated,0.95,high,2026-06-21
VC,SOD2,curated,0.95,high,2026-06-21
VC,TET2,curated,0.95,high,2026-06-21
VC,TFRC,curated,0.95,high,2026-06-21
VC,TNF,curated,0.95,high,2026-06-21
VC,TP53,curated,0.95,high,2026-06-21
