compound,emb_0,emb_1,emb_2,emb_3,emb_4,emb_5,emb_6,emb_7,emb_8,emb_9,emb_10,emb_11,emb_12,emb_13,emb_14,emb_15,emb_16,emb_17,emb_18,emb_19,emb_20,emb_21,emb_22,emb_23,emb_24,emb_25,emb_26,emb_27,emb_28,emb_29,emb_30,emb_31,emb_32,emb_33,emb_34,emb_35,emb_36,emb_37,emb_38,emb_39,emb_40,emb_41,emb_42,emb_43,emb_44,emb_45,emb_46,emb_47,emb_48,emb_49,emb_50,emb_51,emb_52,emb_53,emb_54,emb_55,emb_56,emb_57,emb_58,emb_59,emb_60,emb_61,emb_62,emb_63
BCP,0.10523485392332077,0.4887961149215698,-0.489901602268219,0.216957226395607,-0.22079932689666748,-0.670447587966919,-0.3246644139289856,-0.09174277633428574,0.35596781969070435,-0.33596622943878174,-0.1343359649181366,0.004145304672420025,-0.0008593276143074036,0.019195973873138428,0.46859559416770935,-0.13318225741386414,-0.17926861345767975,0.1017797440290451,-0.1898205280303955,-0.28629758954048157,-0.32133257389068604,-0.02952769212424755,0.004198640584945679,0.3014357089996338,0.7570260167121887,0.3566592037677765,0.3364667296409607,-0.047182291746139526,-0.3402338922023773,0.19984367489814758,-0.5777926445007324,-0.1653258055448532,0.15651094913482666,0.09298862516880035,0.44813603162765503,-0.1593194603919983,0.15716871619224548,0.00780753418803215,0.02088111825287342,-0.07159137725830078,0.3994043171405792,0.16699358820915222,0.003686433658003807,-0.09742823988199234,-0.5631124973297119,0.2455652952194214,0.16655951738357544,-0.1900508850812912,0.3355690836906433,-0.03420946002006531,0.2847772240638733,0.04623178020119667,-0.23893922567367554,0.2724345624446869,0.12076656520366669,-0.14259964227676392,-0.18171004951000214,-0.07663512229919434,0.09066419303417206,0.03193887323141098,0.26389259099960327,-0.2727629542350769,-0.30659347772598267,0.15951980650424957
VC,0.45666369795799255,-0.14936836063861847,-0.17128702998161316,0.4143891930580139,0.3135887384414673,-0.7446744441986084,-0.01369478553533554,0.7142252326011658,0.47808533906936646,-0.09881322830915451,-0.5632681250572205,0.17675425112247467,-0.276744544506073,-0.2330819070339203,0.14793723821640015,-0.019305415451526642,-0.048853058367967606,0.2819007337093353,-0.15428337454795837,-0.15852588415145874,-0.37641918659210205,0.1138141006231308,-0.6232517957687378,0.14832055568695068,0.6866201162338257,-0.09114336222410202,-0.06765718758106232,0.38215118646621704,0.16278231143951416,-0.020082924515008926,-0.17624768614768982,0.10330337285995483,0.24629822373390198,0.09548760950565338,-0.10864518582820892,0.5167396664619446,-0.0038428474217653275,-0.03694562613964081,0.13673801720142365,-0.28859812021255493,-0.1715920865535736,-0.21096792817115784,-0.0018703807145357132,-0.15182894468307495,-0.35502326488494873,-0.15203356742858887,0.29355233907699585,-0.1450735628604889,0.10834483802318573,0.051233358681201935,0.2604329586029053,0.16961483657360077,-0.06955363601446152,-0.10710485279560089,0.04023812711238861,-0.5134193897247314,-0.3085530996322632,0.01989564672112465,-0.28241127729415894,-0.360984206199646,-0.0950927808880806,-0.06512529402971268,-0.4161185324192047,0.5796262621879578
Fer-1,-0.06656793504953384,-0.10242941975593567,-0.1450549215078354,0.033460065722465515,-0.09041068702936172,0.0347287617623806,0.00401642918586731,-0.1015206053853035,-0.1701619178056717,-0.05373001843690872,0.09379832446575165,-0.11266607791185379,0.19477364420890808,0.176130011677742,0.006911076605319977,-0.05860963463783264,0.05455135181546211,0.027567174285650253,0.049037594348192215,-0.13299822807312012,0.0010418016463518143,-0.16963692009449005,0.020858965814113617,-0.02983728051185608,0.12272489070892334,-0.016701646149158478,0.06175236776471138,-0.19066040217876434,0.04034312069416046,0.08386313915252686,-0.0773460790514946,-0.00674009695649147,-0.0619552843272686,0.09638695418834686,-0.130626380443573,-0.0810646191239357,-0.05442415922880173,0.021531231701374054,0.02545507438480854,0.06244073808193207,0.05889009311795235,0.038734085857868195,-0.11185143887996674,0.04156076908111572,0.08073574304580688,0.12169697880744934,-0.0036055296659469604,0.026416659355163574,0.02045777440071106,-0.06714887171983719,-0.09149742126464844,-0.131393164396286,-0.0370253250002861,-0.1483033299446106,-0.10059872269630432,0.035634178668260574,0.026788607239723206,0.08209189772605896,-0.024328429251909256,-0.11386410146951675,0.20634618401527405,0.13298732042312622,-0.1332620233297348,-0.054153114557266235
DFO,-0.28499677777290344,0.43718627095222473,0.1450272798538208,-1.2424213886260986,-0.09717503935098648,-1.3833658695220947,-0.46895021200180054,-0.4035843312740326,0.9128023386001587,-0.5938908457756042,-0.6097624897956848,0.9990351796150208,0.1461699903011322,-0.7868137359619141,0.04697691649198532,0.41499024629592896,-0.01428161934018135,-0.38431504368782043,-1.0490801334381104,-0.2750285565853119,0.08685899525880814,-0.32122597098350525,0.3454297184944153,0.4486118257045746,0.4235377013683319,-0.323781281709671,0.8301795721054077,0.30030202865600586,1.072843074798584,0.15272249281406403,-0.36083096265792847,1.0323082208633423,0.4771188497543335,0.16359762847423553,-0.17876404523849487,-0.09268086403608322,-0.23033291101455688,0.30470970273017883,0.6679369211196899,0.5059380531311035,-1.1690505743026733,0.3825056254863739,-0.3490493893623352,0.025968141853809357,0.531667947769165,0.20252904295921326,0.21361392736434937,0.39322975277900696,-0.2544248104095459,0.39522603154182434,0.17587487399578094,0.5192517042160034,-0.055202774703502655,-0.7048873901367188,0.015780184417963028,0.10595312714576721,0.2532463073730469,-0.42120465636253357,-0.7685595154762268,-0.018231168389320374,0.615513265132904,0.7116783857345581,0.09664472937583923,0.9836704134941101
Lip-1,-0.053779907524585724,0.18128691613674164,-0.026772964745759964,-0.004521360620856285,-0.12021765112876892,0.42233753204345703,-0.008879505097866058,-0.29597803950309753,-0.1215655654668808,-0.1495080292224884,0.21297124028205872,0.14674247801303864,0.012579739093780518,0.36504891514778137,0.22264054417610168,0.017315909266471863,-0.0186670683324337,0.15336547791957855,0.4009969234466553,0.09181980043649673,-0.01119348593056202,0.10802371799945831,0.25492021441459656,0.08543482422828674,-0.20674163103103638,0.08431406319141388,0.19468462467193604,-0.1508527249097824,-0.2958177924156189,0.29373425245285034,-0.21674975752830505,0.04498228430747986,0.11521881818771362,0.10431642830371857,0.13646775484085083,-0.21987313032150269,-0.042741842567920685,-0.07206250727176666,-0.15601235628128052,0.13163819909095764,0.21803247928619385,-0.15766599774360657,-0.07214454561471939,0.07441354542970657,-0.04619497433304787,-5.707889795303345e-05,-0.17063352465629578,0.1377626210451126,0.12643873691558838,-0.29559993743896484,0.20068441331386566,-0.022027578204870224,0.08583695441484451,0.10605727136135101,0.14531627297401428,0.08014008402824402,-0.006575718522071838,0.05881892517209053,0.054157134145498276,0.24290430545806885,0.3371325731277466,-0.08307988196611404,0.03794189170002937,-0.07547513395547867
Erastin,-0.10266883671283722,0.09803050756454468,0.16282139718532562,0.03288273513317108,-0.005594836547970772,0.14255082607269287,0.09561178833246231,-0.012013353407382965,-0.003725361078977585,0.15271082520484924,0.1666838377714157,-0.006833926774561405,-0.02845405787229538,-0.11766964197158813,-0.20150458812713623,-0.05528279393911362,0.1435302197933197,0.09590485692024231,-0.0008914247155189514,-0.20870208740234375,0.196111798286438,-0.1772967278957367,0.010864809155464172,-0.04020564630627632,-0.28081777691841125,0.03304392099380493,-0.1765109747648239,-0.12611360847949982,0.17909246683120728,-0.16183491051197052,0.015091774985194206,-0.12478233873844147,-0.08919213712215424,-0.1365051567554474,0.023892775177955627,-0.16925105452537537,0.3020736873149872,0.15818054974079132,0.030478814616799355,-0.06472636759281158,0.19335097074508667,0.002283446490764618,0.07791263610124588,0.05396238714456558,0.2007630616426468,0.18881505727767944,-0.045981697738170624,-0.27915826439857483,-0.15026436746120453,-0.07252528518438339,-0.06501314043998718,-0.02425336465239525,0.14154309034347534,-0.04340478405356407,0.06305073946714401,-0.02582375332713127,-0.14552220702171326,0.1424560397863388,0.04174872115254402,-0.17533427476882935,-0.07321641594171524,0.060794003307819366,0.12383419275283813,-0.009110864251852036
RSL3,-0.21529418230056763,0.04816576465964317,0.06972057372331619,0.0388045608997345,-0.012879302725195885,0.1643843650817871,-0.06359244138002396,0.08567681163549423,-0.004882041364908218,0.12137894332408905,0.04973756894469261,-0.055937234312295914,0.027623698115348816,-0.07830867171287537,-0.03695181757211685,-0.267509400844574,0.17812590301036835,0.032063428312540054,0.058805063366889954,-0.1691475510597229,0.17552420496940613,-0.18671590089797974,0.08211104571819305,-0.10329538583755493,-0.12291628122329712,0.038395725190639496,-0.015425946563482285,-0.06977038830518723,0.1823287159204483,-0.17573747038841248,-0.11112340539693832,0.0466931015253067,0.060814160853624344,0.053243353962898254,-0.06453772634267807,-0.2206754982471466,0.1507684588432312,0.09387640655040741,0.09862709790468216,-0.10761290788650513,0.16257932782173157,0.07927180081605911,-0.02699015475809574,0.11039907485246658,0.19676573574543,0.06505759805440903,-0.07836530357599258,-0.18978530168533325,-0.04997091740369797,0.02615273743867874,-0.020056460052728653,0.036908965557813644,-0.04731222987174988,0.058568742126226425,0.10074742138385773,0.03764965012669563,-0.11873272061347961,0.2421291023492813,-0.06714054942131042,-0.09930498152971268,0.010177165269851685,0.23560494184494019,-0.044519778341054916,-0.05565498769283295
ML162,-0.11470910161733627,-0.10166513174772263,-0.06029312312602997,-0.2843542993068695,-0.011129207909107208,0.28120484948158264,-0.06900224834680557,0.025163408368825912,0.08901841938495636,0.10529643297195435,-0.19629596173763275,-0.08657418191432953,-0.10844174772500992,-0.2150648534297943,-0.12871766090393066,-0.1656019240617752,-0.11302007734775543,0.011116947047412395,0.008949637413024902,-0.1157042384147644,0.07614391297101974,-0.0748596116900444,0.08151356875896454,-0.2202908992767334,-0.19730322062969208,0.14775094389915466,-0.04701916500926018,0.025956902652978897,0.34131935238838196,-0.09861364960670471,-0.1604122668504715,0.17272882163524628,0.2452942579984665,-0.01095631718635559,-0.07668889313936234,0.021016046404838562,0.10625850409269333,0.06808272749185562,0.25570324063301086,0.06894350051879883,-0.0710989236831665,0.10954677313566208,-0.11444149166345596,0.2430269718170166,0.37143826484680176,0.00722600519657135,-0.10922934859991074,0.08575986325740814,-0.03862322121858597,0.02244330197572708,0.11229762434959412,0.20477215945720673,-0.07490909099578857,0.11286976933479309,0.12850609421730042,0.11409685015678406,-0.08119294047355652,-0.07645091414451599,-0.1168946623802185,0.16243436932563782,0.13821353018283844,0.29186007380485535,0.14182449877262115,-0.018817350268363953
Cinnamaldehyde,-0.09734757244586945,0.03251083567738533,-0.13496580719947815,-0.0404939129948616,0.03838421404361725,0.032305020838975906,-0.03061433881521225,0.058194421231746674,0.07096554338932037,0.017125938087701797,-0.04394736886024475,0.005875955335795879,0.01098012924194336,0.008701130747795105,-0.030510922893881798,-0.048995472490787506,-0.024127397686243057,0.05402036011219025,-0.02434524893760681,-0.07178522646427155,-0.03953631594777107,-0.044259048998355865,0.007541075348854065,-0.06046942621469498,-0.06002109497785568,0.06726845353841782,0.04960373416543007,0.03868403285741806,0.0708790048956871,-0.01184968650341034,-0.15989208221435547,0.07118682563304901,0.0740070641040802,0.06156802177429199,-0.07346630096435547,0.00325717031955719,0.08290739357471466,-0.06935058534145355,0.04100392013788223,-0.004399960860610008,0.00896361842751503,-0.036854878067970276,-0.05936328321695328,0.12401892244815826,0.10083641111850739,0.006919682025909424,0.05838169902563095,-0.030912384390830994,-0.03482244163751602,-0.1307511031627655,0.06727155297994614,0.04363778233528137,-0.04511801153421402,-0.0014439933001995087,0.04661409556865692,-0.01387084648013115,-0.1344527155160904,-0.04574304819107056,-0.014662858098745346,0.014309154823422432,0.04303082451224327,0.06728903949260712,-0.05133041739463806,0.034195903688669205
Cinnamic_acid,-0.12486569583415985,0.04251423850655556,-0.13500112295150757,-0.05340635031461716,0.05168444663286209,-0.001542725134640932,-0.028925947844982147,0.06015807390213013,0.04810096696019173,0.016200635582208633,-0.033348288387060165,0.013110092841088772,0.027610410004854202,-0.003367774188518524,-0.050418075174093246,-0.05354176461696625,0.011335156857967377,0.03572411462664604,-0.025319784879684448,-0.09858214855194092,-0.0015320628881454468,-0.06867697089910507,-0.003960814327001572,-0.05666201934218407,-0.07781636714935303,0.058744944632053375,0.074726402759552,0.051866814494132996,0.11646635085344315,-0.028456974774599075,-0.1618872582912445,0.11342048645019531,0.04471035674214363,0.046218179166316986,-0.10044662654399872,-0.03557847440242767,0.07173692435026169,-0.055577684193849564,0.06601759791374207,-0.014889197424054146,-0.015167836099863052,-0.022960737347602844,-0.03957437723875046,0.1314963698387146,0.12283994257450104,-0.025858215987682343,0.04956904053688049,-0.06139760836958885,-0.039128921926021576,-0.12286827713251114,0.04228261113166809,0.059828996658325195,-0.030514845624566078,-0.017360877245664597,0.049701713025569916,-0.01124955341219902,-0.1183253675699234,-0.020400505512952805,-0.04201952740550041,-0.004642839543521404,0.013678651303052902,0.11586933583021164,-0.06679515540599823,0.048365429043769836
Quercetin,0.20562168955802917,0.176323801279068,-0.053473860025405884,0.021816322579979897,0.4063374698162079,-0.39345070719718933,0.4832497835159302,0.20892760157585144,0.08976574242115021,-0.13503047823905945,0.233328714966774,0.15784107148647308,0.15869274735450745,-0.0786910355091095,0.08241791278123856,0.09091650694608688,0.44882190227508545,0.0033660857006907463,0.17939868569374084,-0.24077031016349792,0.14514079689979553,-0.08160295337438583,-0.10575839877128601,-0.22557133436203003,-0.04316617175936699,-0.10915934294462204,-0.12912331521511078,-0.10489857196807861,0.14493951201438904,-0.2254589945077896,0.045938313007354736,0.12307827174663544,0.24822290241718292,0.053641222417354584,-0.42815127968788147,0.1607615351676941,0.14584830403327942,-0.06102536991238594,0.08253630995750427,-0.035510554909706116,-0.02218722179532051,-0.22749191522598267,-0.012394377961754799,-0.17599469423294067,-0.13273179531097412,0.0041159987449646,0.11732123047113419,-0.41031506657600403,-0.38436681032180786,-0.3093818128108978,0.09459223598241806,-0.04077402874827385,-0.05858264118432999,-0.12852048873901367,0.0976681262254715,0.31916889548301697,-0.29640334844589233,0.17261232435703278,0.044721078127622604,-0.288641095161438,-0.1173122227191925,-0.030607931315898895,-0.3841384947299957,0.24892008304595947
Naringenin,0.10644208639860153,0.13393639028072357,0.06776228547096252,0.15518857538700104,0.3698174059391022,-0.09549087285995483,0.19590160250663757,0.33047720789909363,0.18741177022457123,-0.05630747228860855,0.15109191834926605,0.27377381920814514,0.06208975613117218,0.004156149923801422,0.16681918501853943,-0.08067522197961807,0.3256325125694275,0.19039437174797058,0.23968280851840973,-0.008108384907245636,0.003268050029873848,-0.0459466427564621,-0.09366831183433533,-0.12175911664962769,-0.058640312403440475,-0.15507514774799347,-0.06134955957531929,0.03337794542312622,-0.01362476497888565,-0.039900388568639755,-0.04851129651069641,0.11632022261619568,0.21867211163043976,0.16090047359466553,-0.21545645594596863,0.015290960669517517,0.0560794398188591,-0.106031134724617,-0.04676031321287155,-0.17375804483890533,0.05686112120747566,-0.23581504821777344,-0.04488340765237808,-0.08777990937232971,-0.20405498147010803,-0.0039962828159332275,0.08524848520755768,-0.19939887523651123,-0.12664854526519775,-0.21889933943748474,0.17894354462623596,0.02702978625893593,-0.056231893599033356,-0.06339838355779648,0.13918334245681763,0.06549637019634247,-0.30176424980163574,0.1655241698026657,0.014522857964038849,-0.20125646889209747,-0.0692749097943306,-0.02597454935312271,-0.2655980885028839,0.10586261749267578
Eucalyptol,-0.20279169082641602,0.301441490650177,-0.14174360036849976,-0.00745866633951664,-0.34072524309158325,-0.1394999921321869,-0.1785883903503418,-0.20939326286315918,0.0030414536595344543,-0.012514067813754082,0.22051095962524414,-0.11727041751146317,0.014358848333358765,0.22257587313652039,0.06235278397798538,-0.10311663895845413,-7.069483399391174e-05,0.07665598392486572,-0.004791133105754852,-0.22974500060081482,0.031052490696310997,0.024727439507842064,0.12126962840557098,-0.0451437346637249,0.2302567958831787,0.2979758381843567,0.05650128051638603,-0.02268379181623459,-0.23676139116287231,0.04180362820625305,-0.2189440280199051,-0.30941450595855713,-0.037842895835638046,0.01723330467939377,0.4929346442222595,-0.21214702725410461,0.1599937379360199,-0.048014309257268906,0.01261446438729763,0.023613739758729935,0.08639556169509888,0.16511377692222595,0.11226836591959,-0.15995660424232483,-0.27949002385139465,0.4258159399032593,0.03717369586229324,0.057274047285318375,0.1911195069551468,-0.0025891438126564026,0.06386493891477585,0.06189664080739021,0.0604737251996994,0.3144373595714569,0.04696674644947052,0.0555490143597126,0.07581445574760437,0.06692792475223541,0.2966817617416382,0.1536893993616104,0.14577965438365936,-0.07217133790254593,-0.12060731649398804,-0.14981399476528168
Borneol,-0.17586621642112732,0.4252268970012665,-0.16706973314285278,-0.026220833882689476,-0.34018540382385254,-0.26033908128738403,-0.21844995021820068,-0.2688850462436676,-0.020664196461439133,-0.07131455838680267,0.20014570653438568,-0.15448619425296783,-0.029733724892139435,0.19587859511375427,0.1818491518497467,-0.15209738910198212,0.005170334130525589,-0.004901793785393238,0.04549872875213623,-0.2786394953727722,0.05440809577703476,0.08403606712818146,0.15047065913677216,-0.07165679335594177,0.3329392373561859,0.3914071321487427,0.15847338736057281,0.027425028383731842,-0.24434629082679749,-0.013774100691080093,-0.2830446660518646,-0.2618545889854431,0.01605967804789543,0.013042733073234558,0.5315697193145752,-0.24189046025276184,0.1679597944021225,-0.035392168909311295,0.0641370564699173,0.07226336002349854,0.11695528030395508,0.1610681414604187,0.13640211522579193,-0.21984213590621948,-0.33770638704299927,0.3199993968009949,0.025221817195415497,0.05643643066287041,0.22995378077030182,0.05540838837623596,0.10087037086486816,0.08862656354904175,0.04425889998674393,0.3971867561340332,0.10122913122177124,0.016500938683748245,0.09866365790367126,0.09714005887508392,0.20635740458965302,0.1887023150920868,0.15639521181583405,-0.035938553512096405,-0.204672172665596,-0.1280231773853302
Baicalein,0.12462262064218521,0.11677195131778717,-0.027474209666252136,0.009368160739541054,0.2844671905040741,-0.17926862835884094,0.326982319355011,0.155720055103302,0.04542239382863045,-0.06500783562660217,0.16887731850147247,0.10442931950092316,0.10631605237722397,-0.06901699304580688,0.01991831511259079,0.09968150407075882,0.28967538475990295,0.032547611743211746,0.1295424997806549,-0.13459154963493347,0.06429686397314072,-0.0637265220284462,-0.06322717666625977,-0.14915335178375244,-0.09892891347408295,-0.06887982040643692,-0.07634741067886353,-0.050190187990665436,0.07727953046560287,-0.1824032962322235,0.055162057280540466,0.03321213275194168,0.15180954337120056,-0.011245939880609512,-0.26715150475502014,0.10316181927919388,0.1229490265250206,-0.09178946912288666,0.047649361193180084,-0.05602382868528366,-0.020944666117429733,-0.1857474446296692,-0.0026475582271814346,-0.060753874480724335,-0.051776062697172165,-0.0010647960007190704,0.08745782822370529,-0.26225706934928894,-0.24876368045806885,-0.2311525046825409,0.06734473258256912,-0.0022022323682904243,-0.014832889661192894,-0.05534879490733147,0.04842459037899971,0.18289895355701447,-0.2300747036933899,0.10713507235050201,0.05145839974284172,-0.20893320441246033,-0.09850037097930908,-0.013397283852100372,-0.2230447232723236,0.1802675873041153
Wogonin,0.04701671749353409,0.07919339835643768,-0.0019289404153823853,0.05583285540342331,0.20468497276306152,-0.09107023477554321,0.24404633045196533,0.20689275860786438,0.10592615604400635,0.013807455077767372,0.1421046257019043,0.04977738857269287,0.10116267949342728,-0.08687978982925415,-0.03572247549891472,0.09755658358335495,0.2716021239757538,0.0590425468981266,0.0295720212161541,-0.10681132972240448,0.017928367480635643,-0.09786707162857056,-0.026985079050064087,-0.17664259672164917,-0.05440821871161461,-0.019284414127469063,-0.1833111047744751,-0.04812825098633766,0.039640940725803375,-0.19434429705142975,0.08589884638786316,-0.04619947075843811,0.13389021158218384,0.01459675282239914,-0.21216288208961487,0.10534168034791946,0.1565251499414444,-0.08854822814464569,0.014402085915207863,-0.10000193864107132,-0.0013143792748451233,-0.08644469827413559,0.005881322547793388,-0.021646980196237564,-0.06043083593249321,0.13304978609085083,0.10368998348712921,-0.24074457585811615,-0.23238325119018555,-0.1793532371520996,0.06538131833076477,-0.01643187925219536,-0.06442819535732269,-0.04241112247109413,0.059467948973178864,0.21719059348106384,-0.2786858081817627,0.07717956602573395,0.10055407881736755,-0.1644432246685028,-0.08937118947505951,-0.05155573785305023,-0.17714498937129974,0.11055433005094528
Luteolin,0.16114437580108643,0.1266595870256424,-0.05071769654750824,0.010083990171551704,0.3399052321910858,-0.28007858991622925,0.39874833822250366,0.19040367007255554,0.07326745986938477,-0.10112597793340683,0.19626563787460327,0.12770351767539978,0.13377347588539124,-0.06443797051906586,0.04841575771570206,0.08566882461309433,0.37487298250198364,0.03023948147892952,0.1608341634273529,-0.19560500979423523,0.10138045996427536,-0.0743565708398819,-0.0864505022764206,-0.19385957717895508,-0.06888091564178467,-0.0940033420920372,-0.11676095426082611,-0.07840891927480698,0.12352403253316879,-0.19075435400009155,0.03887587785720825,0.08872396498918533,0.20581845939159393,0.038202717900276184,-0.3602469861507416,0.12965422868728638,0.12669241428375244,-0.07237270474433899,0.06628968566656113,-0.05263765901327133,-0.019930139183998108,-0.20307889580726624,-0.016285622492432594,-0.11797565966844559,-0.09379863739013672,0.016835279762744904,0.09523887932300568,-0.32309070229530334,-0.31062108278274536,-0.2734612226486206,0.07840271294116974,-0.012032491154968739,-0.04291493073105812,-0.09072987735271454,0.08027099817991257,0.25897568464279175,-0.2642742991447449,0.1395793855190277,0.05707024782896042,-0.24805091321468353,-0.0952523946762085,-0.00928456336259842,-0.31561896204948425,0.2069014459848404
Kaempferol,0.16271328926086426,0.13200916349887848,-0.04640679061412811,0.012096444144845009,0.337792307138443,-0.2859104573726654,0.40475454926490784,0.18762648105621338,0.07364994287490845,-0.1024824008345604,0.20125983655452728,0.12824630737304688,0.1345144510269165,-0.06639285385608673,0.05297635495662689,0.08270677179098129,0.3756318986415863,0.022539924830198288,0.1602751761674881,-0.19055473804473877,0.10532768815755844,-0.07356677204370499,-0.08581557869911194,-0.18783511221408844,-0.06940761208534241,-0.09940507262945175,-0.10989420115947723,-0.0816478356719017,0.11638852208852768,-0.19574777781963348,0.04658064246177673,0.08310578763484955,0.2066720873117447,0.029836416244506836,-0.3582724630832672,0.12735599279403687,0.1270832121372223,-0.06729951500892639,0.06552864611148834,-0.045681968331336975,-0.017953474074602127,-0.20240509510040283,-0.013966092839837074,-0.12314804643392563,-0.09421522915363312,0.010333649814128876,0.09642929583787918,-0.3277808725833893,-0.31403547525405884,-0.2694895267486572,0.07902322709560394,-0.015967998653650284,-0.04259950667619705,-0.09082093089818954,0.07544932514429092,0.25918465852737427,-0.2602979242801666,0.14117030799388885,0.05580306425690651,-0.24878951907157898,-0.10087326169013977,-0.013111390173435211,-0.3118719756603241,0.2096150517463684
Hesperetin,0.07515456527471542,0.17169077694416046,0.1279366910457611,0.13099223375320435,0.29471203684806824,-0.020662132650613785,0.16097843647003174,0.18643057346343994,0.16592757403850555,-0.07763052731752396,0.1878272294998169,0.22230839729309082,0.12262281030416489,-0.07366985082626343,0.18098857998847961,-0.05751483142375946,0.3527895212173462,0.12448098510503769,0.1917392462491989,-0.04747088998556137,0.0655975490808487,-0.12572768330574036,0.07257767021656036,-0.1546652466058731,-0.06457814574241638,-0.1176934689283371,-0.10323290526866913,-0.11198922991752625,0.002435527741909027,-0.08051833510398865,-0.02952650375664234,0.10822974145412445,0.22229303419589996,0.17501498758792877,-0.2221997082233429,-0.054625339806079865,0.13493531942367554,-0.0047613345086574554,-0.026523960754275322,-0.17026543617248535,0.19778290390968323,-0.09281105548143387,-0.06567385047674179,-0.07505159080028534,-0.15563927590847015,0.06430362910032272,-0.015476323664188385,-0.2766019403934479,-0.1786939650774002,-0.16174179315567017,0.14006377756595612,-0.032496292144060135,-0.10839319974184036,-0.09007200598716736,0.19164419174194336,0.21964311599731445,-0.33519619703292847,0.18153654038906097,-0.030932385474443436,-0.136926531791687,-0.020334504544734955,-0.05042601376771927,-0.17020738124847412,-0.0033695041202008724
Resveratrol,0.015229709446430206,0.08778788149356842,-0.14402836561203003,-0.025134777650237083,0.21309944987297058,-0.08375698328018188,0.17979517579078674,0.1386805772781372,0.02849450334906578,-0.05202830582857132,0.0743354856967926,0.058141935616731644,0.06574748456478119,0.0534520149230957,0.02828115224838257,0.001708783209323883,0.1870967000722885,0.06460320949554443,0.18712034821510315,-0.18022480607032776,0.05051274597644806,-0.06546761095523834,-0.06247466057538986,-0.12405744194984436,-0.09769098460674286,0.021482881158590317,-0.01935248076915741,-0.009478972293436527,0.1538853943347931,-0.051377009600400925,-0.0978100523352623,0.15743906795978546,0.15180867910385132,0.09255146980285645,-0.2899891138076782,0.054655127227306366,0.031055839732289314,-0.08078068494796753,0.050000689923763275,0.010537935420870781,-0.04122517257928848,-0.17628347873687744,-0.0200654286891222,0.03770522028207779,0.008743548765778542,-0.017603129148483276,0.04813027009367943,-0.1620364934206009,-0.14110493659973145,-0.28527870774269104,0.10026220977306366,0.03726455941796303,-0.03972572833299637,-0.05388447642326355,0.09689564257860184,0.12330999970436096,-0.17903445661067963,0.054676640778779984,0.005694415420293808,-0.08589037507772446,0.019124068319797516,0.06939157843589783,-0.23328272998332977,0.12162128835916519
Curcumin,-0.24409762024879456,0.1078471690416336,-0.2476404458284378,-0.0382048636674881,0.10495086759328842,-0.10849650204181671,-0.014195330440998077,0.30518949031829834,0.34429675340652466,0.04893819987773895,-0.02491244301199913,0.05131800100207329,0.18948441743850708,-0.09556958079338074,-0.08799196779727936,-0.027869053184986115,0.21747319400310516,0.1369861215353012,-0.1602116972208023,-0.2600729167461395,0.029555192217230797,-0.26709213852882385,0.002852499485015869,-0.241452157497406,0.08475083112716675,0.1320759654045105,-0.2015160173177719,-0.025895889848470688,0.29752182960510254,-0.12253585457801819,-0.20512816309928894,0.15503185987472534,0.2056911289691925,0.2748207449913025,-0.377707302570343,0.08705242723226547,0.18479645252227783,-0.08153760433197021,0.13356830179691315,-0.03305891901254654,-0.02921527624130249,0.06476209312677383,-0.05579818785190582,0.15592071413993835,0.09616746008396149,0.3302574157714844,0.1519501805305481,-0.24580161273479462,-0.23641274869441986,-0.2731563150882721,0.11991575360298157,0.05773807689547539,-0.27520450949668884,-0.1809183955192566,0.15023145079612732,0.2953455150127411,-0.43668797612190247,0.012447018176317215,0.059049539268016815,-0.10595297813415527,0.09238117188215256,0.07371100038290024,-0.29440608620643616,0.12514685094356537
Ferulic acid,-0.1311420351266861,0.0436457134783268,-0.11835189163684845,-0.003267349675297737,0.060993365943431854,-0.09010190516710281,0.0220339335501194,0.155244380235672,0.1338557004928589,0.015266580507159233,0.011510911397635937,0.020530004054307938,0.08253341168165207,-0.03459551930427551,-0.025590408593416214,-0.053429435938596725,0.14363349974155426,0.04084277153015137,-0.05740375816822052,-0.17568127810955048,0.022851845249533653,-0.1307738721370697,-0.018595129251480103,-0.1564936637878418,0.04769864305853844,0.05751969665288925,-0.09272190928459167,-0.009876099415123463,0.14570346474647522,-0.06554953753948212,-0.11292149126529694,0.10658794641494751,0.11291030049324036,0.1387053281068802,-0.20118096470832825,0.02398693561553955,0.09690902382135391,-0.014198869466781616,0.07821433991193771,-0.03029523603618145,-0.006469503045082092,0.04171837121248245,-0.021305708214640617,0.05243941769003868,0.00785982608795166,0.1319240778684616,0.06911399960517883,-0.14757560193538666,-0.13163986802101135,-0.1284908652305603,0.060771822929382324,0.004377908073365688,-0.12743118405342102,-0.08883415162563324,0.09525185078382492,0.17529815435409546,-0.2108142375946045,0.004628188908100128,0.004859346896409988,-0.04518832266330719,0.017602957785129547,0.06158069893717766,-0.18474844098091125,0.03389909490942955
Pinocembrin,0.0525040477514267,0.11686345934867859,0.08831064403057098,0.15152741968631744,0.3171200454235077,-0.006782681215554476,0.1309264600276947,0.30598393082618713,0.16020575165748596,-0.017809873446822166,0.12364835292100906,0.25127318501472473,0.019680045545101166,0.010361388325691223,0.12784260511398315,-0.08787056058645248,0.25765225291252136,0.19030922651290894,0.2081310749053955,0.031693339347839355,-0.036424096673727036,-0.03185715526342392,-0.06214669346809387,-0.08465686440467834,-0.10817210376262665,-0.13007166981697083,-0.009776223450899124,0.07228472828865051,-0.0543721541762352,-0.026084627956151962,-0.05445212125778198,0.07390589267015457,0.1815033257007599,0.1226188987493515,-0.11854279786348343,-0.03297845646739006,0.06332851946353912,-0.12574653327465057,-0.07314437627792358,-0.19307741522789001,0.05343521758913994,-0.22649019956588745,-0.04787318408489227,-0.023878879845142365,-0.14619968831539154,-0.02020125836133957,0.07712040096521378,-0.1376904398202896,-0.07749320566654205,-0.18395406007766724,0.1745566427707672,0.043000537902116776,-0.010058347135782242,-0.01766311377286911,0.11351575702428818,-0.021950002759695053,-0.27450302243232727,0.1313028633594513,0.011463917791843414,-0.17378893494606018,-0.06067435443401337,-0.002382121980190277,-0.18687494099140167,0.08546920865774155
Chrysin,0.08833130449056625,0.07319195568561554,-0.03177887946367264,-0.00606456957757473,0.2283656895160675,-0.07232446223497391,0.24080663919448853,0.1351013481616974,0.026277776807546616,-0.023237159475684166,0.12136657536029816,0.06819166243076324,0.06826149672269821,-0.06310471892356873,-0.01323692500591278,0.0962643101811409,0.19496746361255646,0.05890919268131256,0.1034477949142456,-0.08828239142894745,0.02899111621081829,-0.05569031834602356,-0.055876582860946655,-0.11423194408416748,-0.12213587760925293,-0.03440501168370247,-0.07558047771453857,-0.01730165258049965,0.05591624230146408,-0.14558649063110352,0.03341236710548401,0.01036098599433899,0.10130974650382996,-0.02281896024942398,-0.19449034333229065,0.0832565501332283,0.10603240132331848,-0.11044055223464966,0.02976144291460514,-0.07296527922153473,-0.020532388240098953,-0.15732631087303162,0.000441206619143486,0.0011746138334274292,-0.012695372104644775,-0.0010928437113761902,0.06873675435781479,-0.18531200289726257,-0.17386668920516968,-0.1960628479719162,0.04667114466428757,0.025866631418466568,-0.0010753595270216465,-0.009411424398422241,0.040827684104442596,0.12026713788509369,-0.20412376523017883,0.06892350316047668,0.055951669812202454,-0.1629471480846405,-0.08496652543544769,-0.0025625601410865784,-0.13575057685375214,0.1287568211555481
Apigenin,0.12468477338552475,0.088934525847435,-0.04448942840099335,-0.004068223759531975,0.27788227796554565,-0.1676558256149292,0.31524908542633057,0.1674826443195343,0.05227452889084816,-0.06062869727611542,0.1568223536014557,0.09279710799455643,0.10262739658355713,-0.06026579439640045,0.018510006368160248,0.08751926571130753,0.28210416436195374,0.05395863577723503,0.13707858324050903,-0.14329203963279724,0.060647569596767426,-0.07068335264921188,-0.07756440341472626,-0.15449795126914978,-0.08860506117343903,-0.06712686270475388,-0.10750061273574829,-0.050865571945905685,0.09526146948337555,-0.16251982748508453,0.03293582797050476,0.05496692657470703,0.1572108119726181,0.01919468492269516,-0.28522786498069763,0.110757015645504,0.1088511273264885,-0.09181338548660278,0.04934072494506836,-0.062432751059532166,-0.021806664764881134,-0.17428410053253174,-0.006860101595520973,-0.06177643686532974,-0.06083532050251961,0.02092273160815239,0.07643760740756989,-0.2447897046804428,-0.23784539103507996,-0.23645442724227905,0.05744517222046852,0.010794567875564098,-0.029723526909947395,-0.049112122505903244,0.0674540102481842,0.20155125856399536,-0.23579442501068115,0.1018446832895279,0.06419898569583893,-0.19837820529937744,-0.0817466527223587,-0.0026075169444084167,-0.23060312867164612,0.159681037068367
Genistein,0.12849101424217224,0.09130574762821198,-0.04245941340923309,-0.002418769523501396,0.2736605703830719,-0.17633789777755737,0.3157288432121277,0.1598442792892456,0.04734942689538002,-0.061415016651153564,0.15933968126773834,0.09054740518331528,0.10063393414020538,-0.06121091544628143,0.020158134400844574,0.0863938257098198,0.2823932468891144,0.04288267716765404,0.1373310089111328,-0.14399519562721252,0.0649227723479271,-0.0700935572385788,-0.07487630844116211,-0.1516289860010147,-0.08583100140094757,-0.06966718286275864,-0.10494901239871979,-0.052967846393585205,0.09443861246109009,-0.16723991930484772,0.04142764210700989,0.05231736600399017,0.15326575934886932,0.013357505202293396,-0.28320494294166565,0.11012882739305496,0.10694251209497452,-0.0836314707994461,0.05027471482753754,-0.05511072278022766,-0.018401440232992172,-0.17160779237747192,-0.0033676940947771072,-0.0697643980383873,-0.06316320598125458,0.01573978364467621,0.0766691341996193,-0.24799244105815887,-0.23739051818847656,-0.22996802628040314,0.05441293120384216,0.007479752413928509,-0.030505090951919556,-0.05110158398747444,0.06392168253660202,0.2025376558303833,-0.2292720079421997,0.10342396795749664,0.05819391831755638,-0.19602084159851074,-0.08765795081853867,-0.0033833682537078857,-0.22918739914894104,0.15774713456630707
Daidzein,0.09241493791341782,0.05323159322142601,-0.04065033793449402,-0.014218287542462349,0.21759986877441406,-0.07128215581178665,0.23283284902572632,0.13598543405532837,0.026229996234178543,-0.02090582065284252,0.11762113124132156,0.058811042457818985,0.06572137773036957,-0.05815182626247406,-0.012910675257444382,0.08728422969579697,0.18960629403591156,0.06412920355796814,0.10702233016490936,-0.09250328689813614,0.03174826502799988,-0.05860191583633423,-0.06358330696821213,-0.11557872593402863,-0.11101941764354706,-0.03961523622274399,-0.0939866155385971,-0.020895566791296005,0.0667605996131897,-0.13581542670726776,0.02897000126540661,0.02360817790031433,0.10017509758472443,-0.007960766553878784,-0.20327240228652954,0.08645779639482498,0.09348157793283463,-0.10180915892124176,0.030373426154255867,-0.06972654163837433,-0.017536494880914688,-0.1463308036327362,0.004188379272818565,-0.010071177035570145,-0.022113267332315445,0.010325118899345398,0.05795180797576904,-0.1746484935283661,-0.1657482534646988,-0.19171780347824097,0.035949137061834335,0.029550205916166306,-0.008948860689997673,-0.007574472576379776,0.04799308627843857,0.13496865332126617,-0.19996991753578186,0.06682832539081573,0.062170203775167465,-0.15209315717220306,-0.07983081042766571,0.0027460381388664246,-0.1398724913597107,0.11283623427152634
Formononetin,0.011520765721797943,0.020109515637159348,-0.016537107527256012,0.03186735510826111,0.141026109457016,0.01843586191534996,0.1482742428779602,0.1866823434829712,0.08533710241317749,0.06023764610290527,0.08834720402956009,0.007199716288596392,0.06524663418531418,-0.08023306727409363,-0.07667817920446396,0.08878820389509201,0.17243877053260803,0.0960308164358139,0.0027043893933296204,-0.064291812479496,-0.011201152577996254,-0.09285400062799454,-0.028572335839271545,-0.14651720225811005,-0.06867922842502594,0.010995256714522839,-0.19864638149738312,-0.017652738839387894,0.03382372856140137,-0.1473621279001236,0.06075631082057953,-0.05127362161874771,0.07575799524784088,0.017055049538612366,-0.15002650022506714,0.08445022255182266,0.12764808535575867,-0.10520046949386597,-0.002214541658759117,-0.11576969921588898,-0.00110563263297081,-0.04935736209154129,0.014654157683253288,0.035858381539583206,-0.025356698781251907,0.14276504516601562,0.07466396689414978,-0.1541331708431244,-0.1501973271369934,-0.14476582407951355,0.032659828662872314,0.013670171611011028,-0.05590561777353287,0.002189282327890396,0.05495831370353699,0.16180503368377686,-0.24998492002487183,0.03514416888356209,0.11491598188877106,-0.11110163480043411,-0.0723845511674881,-0.03744492679834366,-0.09123359620571136,0.04652882367372513
Oroxylin A,0.0457342267036438,0.07859884202480316,-0.0016063079237937927,0.0557912215590477,0.20402702689170837,-0.08771173655986786,0.2427659034729004,0.20754876732826233,0.1069800853729248,0.015132365748286247,0.1417427510023117,0.05017605051398277,0.10271156579256058,-0.08667519688606262,-0.038061149418354034,0.09893526881933212,0.27039435505867004,0.06168272718787193,0.028276000171899796,-0.10528036952018738,0.01789870299398899,-0.09754465520381927,-0.02709917724132538,-0.17699426412582397,-0.05438569560647011,-0.0195544995367527,-0.1834603250026703,-0.047896549105644226,0.0389067605137825,-0.19423367083072662,0.08649080991744995,-0.047119930386543274,0.1326683908700943,0.014782197773456573,-0.21070945262908936,0.10448656231164932,0.15720656514167786,-0.08944414556026459,0.013988399878144264,-0.09990158677101135,-0.0008741468191146851,-0.08762228488922119,0.0068662818521261215,-0.021034449338912964,-0.05939507111907005,0.13447198271751404,0.10274350643157959,-0.23978017270565033,-0.23213279247283936,-0.17944981157779694,0.06462957710027695,-0.017175856977701187,-0.06350629031658173,-0.04268485680222511,0.05766074359416962,0.21548913419246674,-0.27890831232070923,0.07754610478878021,0.10329081118106842,-0.16459259390830994,-0.08971133828163147,-0.052874721586704254,-0.17683041095733643,0.11106175184249878
Scutellarein,0.16200658679008484,0.1336069107055664,-0.04456281661987305,0.013032527640461922,0.3388296365737915,-0.28329065442085266,0.40384775400161743,0.18842557072639465,0.07358619570732117,-0.10331925004720688,0.20228533446788788,0.13049232959747314,0.13694310188293457,-0.06599782407283783,0.05118034780025482,0.08777240663766861,0.3767264783382416,0.026159990578889847,0.15838955342769623,-0.19147604703903198,0.10333762317895889,-0.07325918972492218,-0.0852394700050354,-0.19038835167884827,-0.06937478482723236,-0.09778951108455658,-0.1108541190624237,-0.08152247220277786,0.11718446761369705,-0.19553585350513458,0.04736584424972534,0.080477274954319,0.2055595964193344,0.0299372598528862,-0.3564542531967163,0.12868762016296387,0.1292227804660797,-0.07042866945266724,0.06516148149967194,-0.04750736057758331,-0.017603334039449692,-0.20485106110572815,-0.0124665517359972,-0.12243925780057907,-0.09401047229766846,0.013736225664615631,0.09632137417793274,-0.3282257914543152,-0.3142661452293396,-0.2705848813056946,0.07994614541530609,-0.017823446542024612,-0.0403379388153553,-0.09272740036249161,0.07430659234523773,0.2573559582233429,-0.262218177318573,0.1417817920446396,0.0581715852022171,-0.2506536543369293,-0.10026288032531738,-0.015335701406002045,-0.31359991431236267,0.21185126900672913
Tangeretin,-0.22201064229011536,0.011395435780286789,0.047447383403778076,0.26798108220100403,-0.00048233941197395325,0.05292801931500435,0.04971656948328018,0.4567836821079254,0.41389724612236023,0.2804131805896759,0.08266556262969971,-0.08480916917324066,0.18601307272911072,-0.21386036276817322,-0.2108641266822815,0.12351673096418381,0.39226505160331726,0.16792288422584534,-0.3484395146369934,-0.09271513670682907,-0.09480132907629013,-0.2624816298484802,0.09734383225440979,-0.39209556579589844,0.22158381342887878,0.14270660281181335,-0.6493051052093506,-0.09432268887758255,-0.047346331179142,-0.3003782629966736,0.23082801699638367,-0.305231511592865,0.15387436747550964,0.17841212451457977,-0.17493155598640442,0.17332136631011963,0.34292712807655334,-0.046463605016469955,-0.06554296612739563,-0.24962854385375977,0.09337973594665527,0.26165860891342163,0.05573505908250809,0.06344269961118698,-0.15580417215824127,0.7137911319732666,0.20625466108322144,-0.2999236583709717,-0.3123409152030945,-0.058605268597602844,0.10638751089572906,-0.12486398220062256,-0.31828203797340393,-0.07942888140678406,0.1344033181667328,0.45362022519111633,-0.590318500995636,0.020172934979200363,0.3277270197868347,-0.12751202285289764,-0.060601234436035156,-0.2494412064552307,-0.17396928369998932,-0.04823572561144829
Nobiletin,-0.2640620470046997,0.014766063541173935,0.045391231775283813,0.33381563425064087,-0.01879230886697769,0.032533299177885056,0.03764653950929642,0.5280497074127197,0.4980696439743042,0.3258378505706787,0.08448927104473114,-0.09678594022989273,0.22614368796348572,-0.26314178109169006,-0.22693970799446106,0.1438302993774414,0.4622819125652313,0.19124113023281097,-0.4366251230239868,-0.105555959045887,-0.10281097888946533,-0.2969799339771271,0.12170115113258362,-0.47015127539634705,0.31814074516296387,0.17952822148799896,-0.7697316408157349,-0.11408621817827225,-0.06275821477174759,-0.34416663646698,0.2703886926174164,-0.3694484829902649,0.1798718422651291,0.22658981382846832,-0.19218286871910095,0.21729663014411926,0.40751659870147705,-0.03407970443367958,-0.07363130152225494,-0.28432148694992065,0.12892252206802368,0.3282424807548523,0.0766911581158638,0.05773225799202919,-0.20136435329914093,0.8561862111091614,0.23824945092201233,-0.3487638533115387,-0.36353883147239685,-0.03632199764251709,0.1271422654390335,-0.16461129486560822,-0.3889658749103546,-0.10406142473220825,0.15434662997722626,0.5295510292053223,-0.6918555498123169,0.029010530561208725,0.38260364532470703,-0.1619434505701065,-0.06369656324386597,-0.3166479170322418,-0.21466943621635437,-0.060963839292526245
Fisetin,0.16213074326515198,0.13117745518684387,-0.046306461095809937,0.011029327288269997,0.33776533603668213,-0.2843351662158966,0.4035780429840088,0.18731170892715454,0.07213683426380157,-0.10266878455877304,0.20148979127407074,0.12905630469322205,0.1347985714673996,-0.06614121794700623,0.05277542769908905,0.08415799587965012,0.3752491772174835,0.023613158613443375,0.15999957919120789,-0.19048964977264404,0.10466491430997849,-0.07302114367485046,-0.085345059633255,-0.18896833062171936,-0.06928165256977081,-0.09910953789949417,-0.10909296572208405,-0.08100049197673798,0.11651688069105148,-0.19470681250095367,0.046249955892562866,0.08301608264446259,0.2065104991197586,0.030068933963775635,-0.35648787021636963,0.1269109845161438,0.1268208920955658,-0.0687658041715622,0.06536950170993805,-0.046071283519268036,-0.018821556121110916,-0.203075110912323,-0.012782225385308266,-0.12304841727018356,-0.09394969046115875,0.01096874475479126,0.09477643668651581,-0.3261503279209137,-0.31268763542175293,-0.2687709331512451,0.07959190011024475,-0.01637425646185875,-0.04040595144033432,-0.09036136418581009,0.074844591319561,0.2588100731372833,-0.25947022438049316,0.1409127563238144,0.05631962791085243,-0.2480032742023468,-0.10016250610351562,-0.01289667934179306,-0.3122279942035675,0.21002241969108582
Galangin,0.12560614943504333,0.11546958982944489,-0.02931070327758789,0.00874290056526661,0.283387154340744,-0.18155990540981293,0.32834774255752563,0.1555148959159851,0.04635925963521004,-0.06454219669103622,0.16774263978004456,0.10206444561481476,0.10443177074193954,-0.06905591487884521,0.021526329219341278,0.09504785388708115,0.2889198064804077,0.029636282473802567,0.13144847750663757,-0.1333770453929901,0.06581227481365204,-0.06398430466651917,-0.06386144459247589,-0.14701296389102936,-0.09899908304214478,-0.07060068100690842,-0.07625998556613922,-0.05035741999745369,0.07688388973474503,-0.1825636774301529,0.054440319538116455,0.03544352203607559,0.15349243581295013,-0.011872339993715286,-0.26969972252845764,0.10261551290750504,0.12066326290369034,-0.08849810063838959,0.048197127878665924,-0.05376778542995453,-0.021034955978393555,-0.1829688847064972,-0.003956997767090797,-0.06169839948415756,-0.051886800676584244,-0.00397539883852005,0.08767794072628021,-0.2621598243713379,-0.24856644868850708,-0.23001989722251892,0.06697624921798706,-0.0001934068277478218,-0.01752755418419838,-0.05362784489989281,0.04956619441509247,0.18491920828819275,-0.22865933179855347,0.10673865675926208,0.04941229894757271,-0.20669901371002197,-0.09892633557319641,-0.011803776025772095,-0.2214844822883606,0.1780710369348526
Phloretin,0.07420890778303146,0.15423980355262756,-0.008013561367988586,-0.10469185560941696,0.29810431599617004,-0.2856915593147278,0.25781509280204773,0.10102429240942001,0.06211109086871147,-0.1382599174976349,0.09405003488063812,0.19104979932308197,0.04982839524745941,-0.054162561893463135,0.028710536658763885,0.10334549099206924,0.31447798013687134,0.015952322632074356,0.14224973320960999,-0.21760177612304688,0.09006037563085556,-0.0961802527308464,-0.02985486388206482,-0.09683963656425476,-0.130680114030838,-0.07172299176454544,0.0008727200329303741,0.00034405943006277084,0.24363279342651367,-0.08463943004608154,-0.019457818940281868,0.19833935797214508,0.18613626062870026,0.045417383313179016,-0.2998465299606323,0.043720543384552,0.030545415356755257,-0.038755375891923904,0.08111821860074997,0.02200215868651867,-0.15414881706237793,-0.20370987057685852,-0.03026566095650196,-0.04341186583042145,0.0022383909672498703,0.017164375633001328,0.06035582721233368,-0.20224229991436005,-0.23299583792686462,-0.23644791543483734,0.10381752252578735,0.05401678755879402,0.04406585171818733,-0.14977945387363434,0.07639114558696747,0.15738332271575928,-0.14653927087783813,0.05254189297556877,-0.056534383445978165,-0.14335191249847412,0.024079743772745132,0.10652193427085876,-0.2218247354030609,0.23130355775356293
Catechin,0.23964551091194153,0.05842418596148491,-0.008826807141304016,0.260282039642334,0.44068947434425354,-0.2811737358570099,0.32138270139694214,0.5215502977371216,0.19300079345703125,-0.047735534608364105,0.13498404622077942,0.25128522515296936,0.042152225971221924,0.022438548505306244,0.14189410209655762,-0.05034380406141281,0.38140153884887695,0.2612948417663574,0.24302446842193604,-0.0793784111738205,-0.016532069072127342,-0.003686433658003807,-0.3317437469959259,-0.17288875579833984,0.1424153447151184,-0.18092548847198486,-0.2063150852918625,0.10050942748785019,0.05614819377660751,-0.08523347973823547,-0.00020060129463672638,0.04823468625545502,0.21534980833530426,0.16229525208473206,-0.2820855975151062,0.2403090000152588,0.04971563071012497,-0.15962982177734375,-0.026482632383704185,-0.15269502997398376,-0.06128596514463425,-0.3399412930011749,0.042870648205280304,-0.20920124650001526,-0.32574528455734253,0.047247495502233505,0.1948118805885315,-0.2348102182149887,-0.15629258751869202,-0.2349817454814911,0.17951416969299316,-0.013487634249031544,-0.025095444172620773,-0.13213470578193665,0.0508764311671257,-0.013686906546354294,-0.3191089332103729,0.21703483164310455,0.04183610901236534,-0.37348222732543945,-0.12043412029743195,-0.059429965913295746,-0.4676668643951416,0.2497996985912323
Epicatechin,0.22410321235656738,0.06894740462303162,-0.0005725622177124023,0.2558944523334503,0.43587133288383484,-0.26703131198883057,0.32201606035232544,0.5218667984008789,0.1932177096605301,-0.04875315725803375,0.1302574723958969,0.25216802954673767,0.02876744419336319,0.02585698291659355,0.13520324230194092,-0.04960276931524277,0.3916770815849304,0.2615453600883484,0.24721236526966095,-0.09181780368089676,-0.0060353707522153854,0.00905114971101284,-0.32133862376213074,-0.1876278519630432,0.12372860312461853,-0.16428640484809875,-0.21725521981716156,0.10491587966680527,0.05800127238035202,-0.09559637308120728,0.0015768688172101974,0.03816783428192139,0.22521865367889404,0.15666300058364868,-0.26896557211875916,0.23660951852798462,0.058605000376701355,-0.15234993398189545,-0.016308145597577095,-0.15244819223880768,-0.056214019656181335,-0.33786463737487793,0.04992356896400452,-0.20741146802902222,-0.3180878162384033,0.04318297654390335,0.18657395243644714,-0.2376360446214676,-0.16305527091026306,-0.2363235503435135,0.18700259923934937,-0.004763376899063587,-0.02368488907814026,-0.12139593064785004,0.06598535180091858,-0.0010390393435955048,-0.3170280158519745,0.22521375119686127,0.038238395005464554,-0.3655480146408081,-0.1235344260931015,-0.05344400554895401,-0.4717949330806732,0.2570034861564636
Tetramethylpyrazine,-0.0702228844165802,0.14926894009113312,0.04801591485738754,0.16534967720508575,-0.16903942823410034,-0.04070654138922691,-0.0477440282702446,-0.11269067972898483,-0.13509905338287354,0.05764240026473999,0.08766627311706543,-0.2008301019668579,0.0025536194443702698,0.01919472962617874,0.005888946354389191,0.06567702442407608,0.1450556367635727,-0.2842700779438019,-0.0070573799312114716,-0.07529367506504059,0.06426143646240234,0.03613162040710449,0.1431649923324585,-0.13221286237239838,0.1437920182943344,0.2205832153558731,-0.20737379789352417,0.04323207587003708,-0.10964054614305496,-0.2162807434797287,0.2801458537578583,-0.22136081755161285,-0.13229931890964508,-0.07951841503381729,0.1345386505126953,0.04104442894458771,-0.045769646763801575,0.031000353395938873,0.01583014987409115,0.06500330567359924,-0.015531424432992935,0.1549232304096222,0.11862196773290634,-0.13099616765975952,-0.09790270030498505,0.11711859703063965,0.07788815349340439,-0.008347619324922562,0.030608242377638817,0.1957082450389862,-0.027074608951807022,-0.09617164731025696,-0.0728139579296112,0.12910109758377075,-0.05734744295477867,0.14514847099781036,0.08709980547428131,0.07064400613307953,0.03700638934969902,0.08717148005962372,-0.1406412124633789,-0.09284033626317978,-0.026357855647802353,-0.1194886788725853
Tanshinone IIA,-0.0729447528719902,0.4228452444076538,0.10152772068977356,0.08792892843484879,-0.002303861081600189,-0.018987026065587997,-0.0035661309957504272,-0.10986479371786118,0.18503884971141815,-0.008350184187293053,0.3031795620918274,0.11433359235525131,0.20306354761123657,0.10929827392101288,0.19437023997306824,-0.039829008281230927,0.19757139682769775,-0.057844918221235275,0.1266660988330841,0.06565944105386734,0.06278714537620544,-0.04004182666540146,0.2606508135795593,-0.10833455622196198,0.0139242522418499,0.05238032341003418,-0.10204869508743286,-0.11419748514890671,-0.33986860513687134,-0.10472753643989563,0.09689988195896149,-0.25258898735046387,0.05185451731085777,-0.05518576130270958,0.18801143765449524,-0.24015647172927856,0.07032056152820587,0.020790264010429382,-0.08843632787466049,0.018063748255372047,0.23076844215393066,0.021086938679218292,0.029085135087370872,-0.2632550597190857,-0.25148844718933105,0.206297367811203,0.11831451952457428,-0.10339367389678955,0.025756724178791046,-0.018712788820266724,0.12765423953533173,-0.011238249950110912,-0.11416130512952805,0.20740123093128204,0.12893782556056976,0.2766534984111786,-0.14948670566082,0.157507061958313,0.3094974160194397,0.07480908930301666,-0.12515638768672943,-0.27711763978004456,-0.03942669555544853,-0.19306680560112
Danshensu,-0.030758023262023926,0.054874952882528305,0.04942215979099274,-0.027363477274775505,0.1875511109828949,-0.2531086504459381,0.05917719006538391,0.20891651511192322,0.05755371227860451,-0.0021813716739416122,-0.027121063321828842,0.13067418336868286,-0.02106095850467682,-0.06649088859558105,-0.0064531005918979645,-0.02921319007873535,0.2428455799818039,-0.008455962873995304,0.07431235909461975,-0.11281074583530426,0.06996361911296844,-0.02058464102447033,-0.10425397753715515,-0.04834931716322899,0.023553844541311264,-0.10126743465662003,0.07712744176387787,0.18338632583618164,0.18284638226032257,-0.14670464396476746,-0.031073203310370445,0.2673153281211853,0.09735731780529022,0.11084035038948059,-0.2096167504787445,-0.014401905238628387,-0.048180706799030304,-0.06698283553123474,0.07741449773311615,-0.10025254637002945,-0.21774739027023315,-0.11454098671674728,0.002370266243815422,-0.04932538419961929,-0.056332703679800034,-0.0993657037615776,0.07069768011569977,-0.07307887077331543,-0.09106042981147766,-0.05548955500125885,-0.000726018100976944,0.10912008583545685,0.005372952204197645,-0.06507755815982819,0.0702459067106247,-0.008468065410852432,-0.04504423215985298,0.12328658998012543,-0.11303539574146271,-0.11854087561368942,-0.09341022372245789,0.20763343572616577,-0.2642972767353058,0.20234905183315277
Honokiol,0.003613770008087158,0.14511708915233612,-0.0644364058971405,-0.12343116849660873,0.18122875690460205,-0.1851397305727005,0.16202163696289062,0.09753254801034927,0.14564013481140137,-0.09391061961650848,0.07361976057291031,0.16011816263198853,0.03804013878107071,-0.012157708406448364,-0.009013991802930832,0.1116846427321434,0.20940452814102173,0.06056588888168335,0.08288721740245819,-0.17376446723937988,0.046295009553432465,-0.08780037611722946,0.009776175022125244,-0.05632833018898964,-0.1068749874830246,-0.018766477704048157,-0.034772586077451706,0.003606393001973629,0.2065480649471283,-0.04608919844031334,-0.042131341993808746,0.1267864853143692,0.16835571825504303,0.047653116285800934,-0.2411397397518158,0.04610968381166458,0.03847617655992508,-0.03558880090713501,0.04081043601036072,0.08840292692184448,-0.12428131699562073,-0.1588839888572693,0.0024910923093557358,0.009960424154996872,0.034794799983501434,0.107546366751194,0.07562302052974701,-0.14839977025985718,-0.17194195091724396,-0.2581377625465393,0.13406234979629517,0.0676598995923996,0.007265802007168531,-0.1492123156785965,0.06330897659063339,0.134740948677063,-0.1732890009880066,0.003370087593793869,-0.0023564286530017853,-0.07396309822797775,0.058734796941280365,0.0646171048283577,-0.18994170427322388,0.22946813702583313
Magnolol,0.003940597176551819,0.14477625489234924,-0.06473720073699951,-0.12255900353193283,0.18109479546546936,-0.1868860125541687,0.1626916229724884,0.09874774515628815,0.14649511873722076,-0.09398434311151505,0.07368423789739609,0.1601555496454239,0.03790435194969177,-0.012692645192146301,-0.009109124541282654,0.11097612231969833,0.20975004136562347,0.06038818508386612,0.08197727799415588,-0.1746423840522766,0.046329788863658905,-0.08842308074235916,0.008603695780038834,-0.057067278772592545,-0.10677385330200195,-0.018354151397943497,-0.03589138016104698,0.003810717724263668,0.2073812186717987,-0.0465349443256855,-0.04173383116722107,0.12689177691936493,0.16810084879398346,0.047488436102867126,-0.24241656064987183,0.04684402048587799,0.03892423212528229,-0.03460288792848587,0.04116882383823395,0.08819946646690369,-0.12358041107654572,-0.15792599320411682,0.002145184203982353,0.010026980191469193,0.03385809436440468,0.10784409195184708,0.07763001322746277,-0.14954538643360138,-0.17257867753505707,-0.2585498094558716,0.13407568633556366,0.06750109046697617,0.004956110846251249,-0.15038858354091644,0.06416252255439758,0.13573183119297028,-0.17400884628295898,0.00260794535279274,-0.002793349325656891,-0.07457879930734634,0.057386040687561035,0.06499790400266647,-0.18965645134449005,0.22870688140392303
Schisandrin,-0.06917662173509598,0.3580724000930786,-0.3322109580039978,0.6086410284042358,-0.12558630108833313,-0.44056275486946106,-0.05054774135351181,0.5573293566703796,0.7949389815330505,0.0661580041050911,-0.06259484589099884,-0.17225222289562225,0.29098376631736755,-0.10311856865882874,-0.05063100904226303,0.1579117774963379,0.36176419258117676,0.31521737575531006,-0.43676555156707764,-0.2306826114654541,-0.18879663944244385,-0.21598173677921295,0.009893625974655151,-0.2426866590976715,0.7555480003356934,0.3980729877948761,-0.853473424911499,-0.2032431662082672,-0.2613392770290375,-0.17662914097309113,0.24643203616142273,-0.7985451221466064,0.1373191922903061,0.10030825436115265,0.06629116088151932,0.27310383319854736,0.35869547724723816,0.11637216806411743,-0.08552594482898712,-0.1007097065448761,0.3706763982772827,0.2674543261528015,0.26170551776885986,-0.11490222066640854,-0.4794962406158447,1.0120595693588257,0.3908965289592743,-0.5736339688301086,-0.2385503649711609,-0.06259500980377197,0.23736481368541718,-0.12751269340515137,-0.5525861978530884,-0.03489094600081444,-0.010217070579528809,0.34433111548423767,-0.5726168751716614,0.08154179155826569,0.6550435423851013,-0.25179433822631836,-0.05565570294857025,-0.7690107226371765,-0.4422283470630646,0.14128422737121582
Schisandrin B,-0.1743912398815155,0.054149191826581955,0.23411139845848083,0.3988969922065735,-0.13287386298179626,0.21870878338813782,-0.04854028671979904,0.22608411312103271,0.28069931268692017,0.2525320053100586,0.2317541390657425,-0.08711471408605576,0.2121986746788025,-0.1917288601398468,-0.0326276570558548,-0.03415717929601669,0.4674597978591919,0.2170092761516571,-0.18095611035823822,-0.032588861882686615,0.024250810965895653,-0.3255101144313812,0.2529957592487335,-0.2906332314014435,0.3204813003540039,0.06267354637384415,-0.6090097427368164,-0.24147233366966248,-0.1868354082107544,-0.27646252512931824,0.24873223900794983,-0.4753376245498657,0.092683345079422,0.18911780416965485,0.04703859984874725,-0.045514561235904694,0.3656475245952606,0.12206882238388062,-0.09211838245391846,-0.2265540510416031,0.3616926074028015,0.31626468896865845,0.0842074528336525,-0.07100220769643784,-0.22791297733783722,0.7910323143005371,0.027524322271347046,-0.28570786118507385,-0.13102030754089355,0.15354003012180328,0.07994326204061508,-0.22235606610774994,-0.2576005458831787,-0.04888531193137169,0.10271479189395905,0.3878222703933716,-0.4692973494529724,0.2810825705528259,0.22605594992637634,-0.1602059155702591,0.03542105853557587,-0.22272616624832153,-0.08756159245967865,-0.21559423208236694
Dihydroartemisinin,0.9143099188804626,0.25269460678100586,-1.4497567415237427,0.9440008997917175,-0.0064894333481788635,-1.567873239517212,-0.3557155132293701,0.6636821031570435,1.085645318031311,-0.6676914095878601,-1.2981314659118652,-0.1618412882089615,-0.2718368470668793,-0.3017331659793854,0.38413169980049133,0.11903683096170425,-0.6979339122772217,0.7596232891082764,-0.7465860843658447,-0.8016397953033447,-0.9395843744277954,-0.042494997382164,-0.9480545520782471,0.687637984752655,1.7715505361557007,0.6967350840568542,-0.15177665650844574,-0.10812405496835709,-0.19091588258743286,0.5977641940116882,-0.997328519821167,-0.6605002880096436,0.31960681080818176,-0.1201704889535904,0.5619280934333801,0.7791726589202881,0.39858293533325195,0.2902703583240509,0.3383505642414093,-0.29010552167892456,0.7423655986785889,0.14995434880256653,0.11157812923192978,0.10099007934331894,-0.7778717875480652,0.3987669348716736,0.3496007025241852,-0.8304634690284729,0.4073171019554138,-0.13799268007278442,0.5726942420005798,0.2408769577741623,-0.46104466915130615,0.2048388570547104,-0.15027832984924316,-0.8418890833854675,-0.6709896326065063,-0.3853312134742737,0.14604248106479645,-0.5672734975814819,0.4849715828895569,-0.9559566974639893,-0.5376808643341064,0.9864742755889893
Artemisinin,0.8029044270515442,0.3610973358154297,-1.320745825767517,0.9071826338768005,-0.029227711260318756,-1.5050853490829468,-0.47212356328964233,0.5278564691543579,1.158047080039978,-0.7038291692733765,-1.2196171283721924,-0.06595420092344284,-0.18366628885269165,-0.3888230621814728,0.5495684742927551,0.08146046847105026,-0.6818967461585999,0.6429754495620728,-0.7900051474571228,-0.6557194590568542,-0.948824942111969,-0.11489073932170868,-0.7234877347946167,0.776802122592926,1.746690273284912,0.6746547818183899,-0.03324667736887932,-0.14560028910636902,-0.327175110578537,0.616424560546875,-1.0347729921340942,-0.5137355327606201,0.3602289855480194,-0.0007326453924179077,0.5601235628128052,0.522075891494751,0.3594006597995758,0.29731836915016174,0.2777378559112549,-0.3216853141784668,0.8528254628181458,0.25519606471061707,0.02146533690392971,0.11872751265764236,-0.8432637453079224,0.3600787818431854,0.2973420321941376,-0.8370290398597717,0.43190860748291016,-0.08707359433174133,0.5811734795570374,0.20053336024284363,-0.5962437987327576,0.22153322398662567,-0.006050474941730499,-0.6268168091773987,-0.7153519988059998,-0.41871166229248047,0.12385000288486481,-0.40779975056648254,0.47636157274246216,-0.9718945026397705,-0.4626953899860382,0.8324699997901917
Shikonin,-0.10695125162601471,0.44838666915893555,0.1451227366924286,0.02601245976984501,0.29683825373649597,-0.34542131423950195,-0.1366133689880371,0.1523275077342987,0.3974437117576599,-0.15725462138652802,-0.018186230212450027,0.43562063574790955,0.07257251441478729,-0.1799624115228653,0.3902464210987091,-0.11089742183685303,0.27794450521469116,-0.09828813374042511,0.019611168652772903,0.043749935925006866,0.021920220926404,-0.04636518657207489,0.17291396856307983,0.04378252848982811,0.09239889681339264,-0.08162910491228104,0.23987658321857452,0.15086384117603302,-0.015384979546070099,-0.1383906453847885,-0.22382494807243347,0.4179166555404663,0.29463455080986023,0.30026429891586304,-0.1608143150806427,-0.2106427252292633,0.017105022445321083,-0.050618719309568405,0.053606316447257996,-0.15798141062259674,0.0864662230014801,-0.03968638926744461,-0.09712184965610504,-0.12857943773269653,-0.22239874303340912,-0.19879472255706787,0.07715095579624176,-0.24181370437145233,-0.05216206982731819,-0.04700438678264618,0.23681527376174927,0.0963883325457573,-0.2388104945421219,0.003919154405593872,0.3882730305194855,0.19032177329063416,-0.3460133671760559,0.1618649810552597,-0.21481068432331085,0.051701851189136505,-0.12551145255565643,0.011048935353755951,-0.2511601746082306,0.14024920761585236
Plumbagin,-0.038472674787044525,0.37431806325912476,0.1431766152381897,0.05233486741781235,0.22923719882965088,-0.05308949947357178,-0.03663072735071182,-0.006570316851139069,0.2729718089103699,-0.1816151887178421,0.08070968091487885,0.3663721978664398,0.060884445905685425,-0.07720683515071869,0.35028398036956787,-0.08934502303600311,0.1744096577167511,-0.029920313507318497,0.10404270887374878,0.08291950076818466,-0.034430861473083496,-0.02570352517068386,0.2623593807220459,0.022495422512292862,-0.13756079971790314,-0.06382577121257782,0.16283372044563293,-0.03143715485930443,-0.15263858437538147,0.020262490957975388,-0.17091253399848938,0.22174948453903198,0.25761234760284424,0.1509353220462799,-0.024951115250587463,-0.23104044795036316,0.08741406351327896,0.007475703954696655,-0.03864620625972748,-0.14474347233772278,0.27902156114578247,-0.03791124373674393,-0.1366148740053177,-0.04745078831911087,-0.14069965481758118,-0.150790274143219,-0.011390864849090576,-0.20084592700004578,-0.06756633520126343,-0.09935127198696136,0.24778686463832855,0.018094781786203384,-0.13052032887935638,0.050691742449998856,0.3204377293586731,0.1878664344549179,-0.30946671962738037,0.0429619736969471,-0.10796092450618744,0.10557406395673752,-0.033966176211833954,-0.11369007080793381,-0.022250458598136902,-0.02986019290983677
Emodin,0.11974608153104782,0.3830210566520691,0.12283115088939667,0.0771898701786995,0.3746103346347809,-0.1576729565858841,0.23895326256752014,0.062148384749889374,0.17878694832324982,-0.1774946004152298,0.2042815238237381,0.27716824412345886,0.1624591052532196,-0.04335446655750275,0.26682648062705994,-0.009556718170642853,0.3846321105957031,-0.04762366786599159,0.2930814027786255,-0.05032815784215927,0.1451101154088974,-0.07339058071374893,0.13482257723808289,-0.140258327126503,-0.1395791620016098,-0.08014784008264542,-0.037520866841077805,-0.09537357836961746,-0.013423718512058258,-0.1507721096277237,0.0396723598241806,0.1517634391784668,0.2645646631717682,0.06636925041675568,-0.2519737482070923,-0.07152115553617477,0.052601270377635956,0.03785436227917671,0.039413630962371826,-0.030231302604079247,0.16304701566696167,-0.1860097050666809,-0.06352413445711136,-0.17577975988388062,-0.1298845261335373,-0.12215705960988998,0.03617639094591141,-0.3188972473144531,-0.2244584858417511,-0.19853952527046204,0.19172672927379608,0.004105421714484692,-0.11340276896953583,-0.028271645307540894,0.20853354036808014,0.28602054715156555,-0.28750818967819214,0.1952197402715683,-0.03293262794613838,-0.09803048521280289,-0.10383191704750061,-0.0951179638504982,-0.17647625505924225,0.05097261816263199
Aloe emodin,0.13793662190437317,0.2921634614467621,0.17779836058616638,0.0034597907215356827,0.38749468326568604,-0.10214587301015854,0.21900469064712524,0.0888240709900856,0.1886426955461502,-0.16986483335494995,0.14183050394058228,0.33825019001960754,0.07387209683656693,-0.05956420302391052,0.21437549591064453,0.019574284553527832,0.31964579224586487,0.029684625566005707,0.2801159620285034,0.01655719429254532,0.09394025802612305,-0.0392296239733696,0.10192219913005829,-0.04863317683339119,-0.22284281253814697,-0.17282795906066895,0.023833002895116806,-0.052396420389413834,0.01661432534456253,-0.06478860974311829,0.01540265791118145,0.22309540212154388,0.2641914486885071,0.061934277415275574,-0.2396075427532196,-0.08491138368844986,0.03095296211540699,0.023437228053808212,-0.014520829543471336,-0.05603838711977005,0.1049637496471405,-0.23249763250350952,-0.07448381930589676,-0.11599751561880112,-0.08276182413101196,-0.1532033085823059,-0.01536349207162857,-0.2349361628293991,-0.21194563806056976,-0.20710085332393646,0.18034282326698303,0.04618826135993004,-0.016458280384540558,-0.06878957152366638,0.19001084566116333,0.16604116559028625,-0.2555405795574188,0.12773312628269196,-0.059887681156396866,-0.08317040652036667,-0.052093446254730225,-0.04588796943426132,-0.10827144980430603,0.11493077129125595
Physcion,0.03998235613107681,0.34959399700164795,0.14036136865615845,0.11729096621274948,0.29285597801208496,-0.07391674816608429,0.1524803191423416,0.10624267905950546,0.24852749705314636,-0.11085665971040726,0.18360735476016998,0.23941847681999207,0.16195428371429443,-0.05534929782152176,0.22068965435028076,-0.01592392474412918,0.37379008531570435,-0.01798943057656288,0.19349823892116547,-0.023063965141773224,0.10051170736551285,-0.09887147694826126,0.17955918610095978,-0.16838502883911133,-0.09933091700077057,-0.0431797169148922,-0.12959913909435272,-0.10146743804216385,-0.054954446852207184,-0.15750756859779358,0.05987970530986786,0.06663813441991806,0.2564121186733246,0.09758009016513824,-0.19249024987220764,-0.07655277848243713,0.0884186178445816,0.04650682583451271,0.008472742512822151,-0.07152234762907028,0.2036755383014679,-0.1082400307059288,-0.06382305175065994,-0.14416539669036865,-0.1341998130083084,0.009990178048610687,0.04370696842670441,-0.2931493818759918,-0.21061821281909943,-0.14899535477161407,0.19281317293643951,-0.00821163970977068,-0.15775379538536072,-0.017045918852090836,0.21575959026813507,0.31346115469932556,-0.33482539653778076,0.17840701341629028,0.02276933565735817,-0.07019395381212234,-0.08816550672054291,-0.1354721486568451,-0.14921362698078156,-0.002802667673677206
Chrysophanol,0.0689120963215828,0.35245993733406067,0.13408803939819336,0.0626758560538292,0.3148292601108551,-0.06377537548542023,0.17385226488113403,0.042124487459659576,0.1659160703420639,-0.1419491320848465,0.18015973269939423,0.2465500831604004,0.1279584765434265,-0.02516089379787445,0.2307952642440796,-0.02506086975336075,0.3188243508338928,-0.04404116049408913,0.2666282057762146,-0.016456998884677887,0.10865262895822525,-0.06611233204603195,0.16292545199394226,-0.10616423189640045,-0.1876954585313797,-0.0684436783194542,-0.010548632591962814,-0.08147784322500229,-0.040844134986400604,-0.1268431395292282,0.03409275412559509,0.11372910439968109,0.2312411516904831,0.03412392735481262,-0.18386852741241455,-0.11338327080011368,0.04509569704532623,0.03352721408009529,0.01737695373594761,-0.040004752576351166,0.17216086387634277,-0.16724315285682678,-0.07691743969917297,-0.11958544701337814,-0.07442289590835571,-0.12091732770204544,0.023689374327659607,-0.2586342990398407,-0.17348065972328186,-0.167649507522583,0.18375952541828156,0.02165403589606285,-0.08663175255060196,0.011774126440286636,0.18988895416259766,0.2228219211101532,-0.259865403175354,0.16565190255641937,-0.02129826322197914,-0.06117396801710129,-0.08759952336549759,-0.07665849477052689,-0.10919058322906494,0.02768690325319767
Salidroside,0.5470271110534668,-0.17085890471935272,-0.11411003768444061,0.3399636745452881,0.4087815582752228,-0.683020830154419,0.1402774155139923,0.8231930136680603,0.5106565356254578,-0.13762488961219788,-0.43892866373062134,0.3567812740802765,-0.32260534167289734,-0.14798906445503235,0.08192441612482071,0.05060649663209915,0.1052837073802948,0.4934160113334656,-0.04903961718082428,-0.19545811414718628,-0.4345403015613556,0.15338082611560822,-0.6623904705047607,0.04118233546614647,0.49340057373046875,-0.1595178246498108,-0.2011406570672989,0.39417698979377747,0.21269530057907104,0.12447011470794678,-0.08347726613283157,-0.009221285581588745,0.3094797730445862,0.07192878425121307,-0.04419324919581413,0.6118696331977844,0.04918617755174637,-0.11198683083057404,0.024975182488560677,-0.26599475741386414,-0.2939229905605316,-0.4146985709667206,0.008284440264105797,-0.148570716381073,-0.3651261627674103,0.11891359835863113,0.3352411091327667,-0.023026373237371445,-0.028621554374694824,-0.07087236642837524,0.376154363155365,0.18828171491622925,0.12183006852865219,-0.198299840092659,-0.060914281755685806,-0.570123016834259,-0.32851874828338623,-0.06427250802516937,-0.12708869576454163,-0.4807260036468506,0.0498308427631855,-0.04603555053472519,-0.43526536226272583,0.64129638671875
Tyrosol,0.03051113337278366,0.007720746099948883,0.06898445636034012,-0.07257674634456635,0.09925001859664917,-0.07363134622573853,0.06058651953935623,0.03599965199828148,0.013043556362390518,-0.04428473114967346,0.009657460264861584,0.10137726366519928,-0.07978250086307526,-0.02326766401529312,-0.013177592307329178,0.06970345228910446,0.10286958515644073,0.019532620906829834,0.06340256333351135,-0.05318882688879967,-0.0015518181025981903,0.010525694116950035,-3.8526952266693115e-05,-0.0059027038514614105,-0.09131377190351486,-0.0536845400929451,0.00807146355509758,0.06832219660282135,0.09356550872325897,0.015250084921717644,0.01449087169021368,0.08367587625980377,0.07435863465070724,0.015850253403186798,-0.04973778873682022,0.008299395442008972,-0.021204868331551552,-0.004469487816095352,-0.0105457603931427,0.005957389250397682,-0.11960898339748383,-0.1135481521487236,-0.006584940478205681,-0.004052169620990753,-0.00011365488171577454,0.014590874314308167,-0.016543790698051453,0.020548630505800247,-0.050165191292762756,-0.04808123782277107,0.05547371879220009,0.04652497172355652,0.10610353946685791,-0.05903127044439316,0.013148767873644829,-0.02858727052807808,-0.005153384059667587,-0.03148795664310455,-0.05266321077942848,-0.0276478361338377,0.03886713087558746,0.07701438665390015,-0.036506008356809616,0.10430634021759033
Hydroxytyrosol,0.06430565565824509,0.036441151052713394,0.07620032876729965,-0.0640389695763588,0.15311887860298157,-0.171113520860672,0.13547566533088684,0.05497000366449356,0.01752331852912903,-0.08028153330087662,0.03774232044816017,0.12632755935192108,-0.054981596767902374,-0.03115740418434143,0.018402300775051117,0.07487555593252182,0.1930282711982727,-0.007372655905783176,0.09288638830184937,-0.10097913444042206,0.028194906190037727,-0.002645319327712059,-0.01130671426653862,-0.033860135823488235,-0.06168678030371666,-0.07908639311790466,-0.011516012251377106,0.043894585222005844,0.11465456336736679,-0.01391180232167244,0.0378933846950531,0.11445844173431396,0.11017617583274841,0.030250266194343567,-0.11776524782180786,0.027512915432453156,-0.021799534559249878,0.011923059821128845,0.006308160722255707,0.00944499485194683,-0.13203226029872894,-0.13152873516082764,-0.007537102326750755,-0.05786880850791931,-0.04691915586590767,0.015105854719877243,-0.0017314329743385315,-0.04099782183766365,-0.1127985417842865,-0.06389796733856201,0.06410160660743713,0.018251236528158188,0.09064780920743942,-0.09455002844333649,0.023981831967830658,0.03923814743757248,-0.021141503006219864,0.0013950802385807037,-0.06064822897315025,-0.06208061799407005,0.022957805544137955,0.07478944957256317,-0.11140632629394531,0.137894868850708
Sulforaphane,0.01080290973186493,-0.14789561927318573,-0.004658397287130356,-0.2568003833293915,0.022599942982196808,-0.043619897216558456,0.03635784238576889,-0.08462443202733994,0.10464216768741608,-0.05663270503282547,-0.1645256131887436,0.0517154335975647,0.01669909991323948,-0.17134402692317963,-0.048268742859363556,-0.01767122372984886,-0.10887251794338226,-0.1280880719423294,-0.20282496511936188,-0.014443233609199524,-0.07631272077560425,-0.025947876274585724,0.05417795479297638,-0.16143980622291565,-0.04041034355759621,-0.03330378234386444,0.041984762996435165,-0.024951431900262833,0.14923563599586487,0.056474823504686356,0.011055374518036842,0.03716382384300232,0.20909751951694489,-0.0996202826499939,0.03235871344804764,0.0913882628083229,-0.009721910580992699,0.11682724952697754,0.1888999491930008,0.09485830366611481,-0.16858713328838348,0.11066807061433792,-0.22289811074733734,0.04133175313472748,0.1794167160987854,0.06512783467769623,0.024299785494804382,0.21640489995479584,-0.039886459708213806,0.16607017815113068,0.09796717762947083,0.05989522859454155,-0.0139431431889534,0.010830927640199661,-0.03596730902791023,0.10419128835201263,0.06924609839916229,-0.2462531477212906,-0.020017851144075394,0.05779246985912323,0.13882878422737122,0.10233823955059052,0.1871759444475174,-0.0032349745742976665
Dimethyl fumarate,-0.24461212754249573,0.04487239941954613,-0.15640459954738617,-0.007660048082470894,-0.10122717171907425,-0.17244338989257812,-0.20074528455734253,0.1049405038356781,0.29317545890808105,0.011625261977314949,-0.1217566654086113,0.003275345079600811,0.10751528292894363,-0.13382768630981445,-0.021328620612621307,-0.05496469512581825,-0.0067152418196201324,0.01460087951272726,-0.3466457724571228,-0.13858038187026978,-0.04976300150156021,-0.1569914072751999,0.04685083031654358,-0.05116838589310646,0.26759350299835205,0.12685875594615936,-0.04572105035185814,0.036396969109773636,0.13024362921714783,-0.04966634139418602,-0.2387871891260147,0.07207290083169937,0.07403334975242615,0.20578475296497345,-0.07955780625343323,0.00621458888053894,0.13675643503665924,0.012518931180238724,0.14243723452091217,-0.06176114082336426,0.04047449305653572,0.2360459864139557,-0.05366843193769455,0.09334636479616165,0.01606477051973343,0.19782856106758118,0.09947331249713898,-0.11220450699329376,-0.023381531238555908,0.015346504747867584,0.061038583517074585,-0.001326187513768673,-0.2296014428138733,-0.07947958260774612,0.12079672515392303,0.12794966995716095,-0.2666330337524414,-0.06783861666917801,-0.022479865700006485,-0.020333297550678253,0.03706281632184982,0.04587813839316368,-0.13232886791229248,0.030192535370588303
Edaravone,-0.22885489463806152,0.17734622955322266,0.1533697545528412,0.09832463413476944,0.09087953716516495,0.14806382358074188,-0.0973375216126442,0.007694356143474579,0.06936106085777283,0.029207585379481316,0.0739336907863617,0.2212110161781311,0.02590673789381981,0.06386537849903107,0.07062772661447525,-0.12067292630672455,0.03145218640565872,-0.007691902108490467,0.01535109430551529,0.1064225509762764,0.0013317745178937912,-0.04388284683227539,0.15246975421905518,0.02622319385409355,-0.3179379403591156,-0.010980593971908092,0.17802773416042328,0.013133393600583076,-0.1344577968120575,0.0763399600982666,-0.0960632935166359,0.07159987837076187,-0.015210006386041641,0.012624859809875488,0.10149886459112167,-0.32887083292007446,0.05006491392850876,0.018206458538770676,-0.09466086328029633,-0.17757990956306458,0.19267767667770386,-0.011024001985788345,-0.10070645809173584,0.10183065384626389,0.01121651753783226,-0.13509255647659302,0.03234761580824852,-0.12091915309429169,0.04802824556827545,-0.044951729476451874,0.07832758128643036,0.01953066512942314,-0.01175323873758316,0.08299247920513153,0.1881616860628128,-0.005454476922750473,-0.07508453726768494,0.021620143204927444,-0.020125169306993484,0.08374745398759842,-0.12336720526218414,-0.054057829082012177,0.1775771975517273,-0.1795782595872879
Idebenone,-0.039878882467746735,0.6191985607147217,0.3205864429473877,-0.24028564989566803,0.08173016458749771,-0.7279758453369141,-0.43503546714782715,-0.16163456439971924,1.0340999364852905,-0.5420129895210266,-0.24664832651615143,0.9773868322372437,-0.05091669410467148,-0.556587815284729,0.5742247700691223,0.2328256070613861,0.08430616557598114,-0.04153558984398842,-0.6743854880332947,0.10778207331895828,-0.2600714862346649,-0.07494489848613739,0.48629024624824524,0.5390990376472473,0.25923851132392883,-0.13941265642642975,0.3950480818748474,0.10071561485528946,-0.005874715745449066,0.3575775623321533,-0.46522757411003113,0.5452659130096436,0.5445088744163513,0.4010522961616516,0.21916696429252625,-0.2962273061275482,0.11041528731584549,0.2903517186641693,-0.0585787296295166,-0.03755274415016174,0.15429823100566864,0.25945183634757996,-0.24542424082756042,-0.054173000156879425,-0.31698644161224365,0.25108662247657776,-0.028346382081508636,-0.1450030654668808,-0.035687755793333054,0.14707249402999878,0.5034608244895935,0.12339682877063751,-0.19370493292808533,-0.2781006097793579,0.5054106712341309,0.16486582159996033,-0.4085688591003418,-0.3546368479728699,-0.373747855424881,0.17881184816360474,0.34461474418640137,-0.18301668763160706,0.1909835934638977,0.3878818154335022
Alpha-lipoic acid,0.022356487810611725,-0.14823608100414276,0.06924128532409668,-0.29923713207244873,0.11206581443548203,-0.12333911657333374,0.03306616097688675,-0.09079746156930923,0.16773858666419983,-0.11753208190202713,-0.12481016665697098,0.16299773752689362,0.14387944340705872,-0.21239256858825684,-0.01260540634393692,-0.10605664551258087,-0.09822872281074524,-0.0689220055937767,-0.2726548910140991,0.05006321519613266,-0.08764327317476273,-0.0710989311337471,0.04120899736881256,-0.12604033946990967,-0.04936565086245537,-0.21400795876979828,0.19256602227687836,-0.06784692406654358,0.09790211915969849,0.09288322925567627,-0.09993977099657059,0.057320669293403625,0.2193644493818283,-0.10251931846141815,0.09460767358541489,-0.04704432934522629,0.0327836275100708,0.12013646960258484,0.21111957728862762,-0.0551161989569664,-0.10100728273391724,0.10543092340230942,-0.3790823221206665,-0.024578101933002472,0.16979829967021942,-0.010336615145206451,0.014154143631458282,0.2427978664636612,-0.012440956197679043,0.24152779579162598,0.009617909789085388,0.09223885834217072,0.052517812699079514,0.018275517970323563,-0.0678621158003807,-0.021099146455526352,0.057428017258644104,-0.1883721500635147,-0.010912451893091202,-0.11450091749429703,0.11014333367347717,0.15866610407829285,0.23657861351966858,-0.046440884470939636
Melatonin,-0.10952108353376389,0.04671194776892662,-0.030048377811908722,-0.005028830841183662,-0.03907100111246109,0.040053751319646835,-0.029548928141593933,-0.02745828777551651,-0.00887056440114975,-0.048405446112155914,-0.01981246843934059,-0.022063497453927994,0.02959612011909485,0.07963471859693527,-0.021033868193626404,0.13037526607513428,0.07426168024539948,-0.074309341609478,0.004085958003997803,-0.04379699379205704,-0.039250344038009644,-0.037049420177936554,0.13335205614566803,-0.04122917726635933,-0.013277273625135422,0.12500961124897003,-0.054958682507276535,-0.0020767496898770332,0.05904943495988846,0.020358700305223465,0.0888976901769638,0.0008721873164176941,0.03323857858777046,0.05297442525625229,-0.08884988725185394,0.058592915534973145,-0.09076201915740967,-0.031212426722049713,0.0065377019345760345,0.12613685429096222,-0.11603692173957825,0.015175074338912964,-0.019179249182343483,0.09049820899963379,0.07442276179790497,0.10835150629281998,0.033824048936367035,0.019410576671361923,-0.03586471080780029,-0.055045049637556076,0.07889868319034576,-0.027181845158338547,-0.0676373615860939,-0.11144399642944336,-0.016075745224952698,0.1476767212152481,0.00986861065030098,-0.04645538330078125,-0.04345167055726051,0.12961719930171967,0.11501644551753998,-0.0007456019520759583,-0.06398238241672516,0.05036468803882599
Huperzine A,0.07028677314519882,0.47341179847717285,-0.3610759377479553,0.22527585923671722,-0.009460434317588806,-0.5539163947105408,-0.09251617640256882,0.14883935451507568,0.3984794616699219,-0.34422236680984497,-0.04762010648846626,0.1861986666917801,0.04226318746805191,0.1577286273241043,0.395717978477478,-0.06268466264009476,-0.011212397366762161,0.07301686704158783,-0.0366184338927269,-0.16753634810447693,-0.19368286430835724,0.1322373002767563,-0.03286498785018921,0.1532333642244339,0.45482486486434937,0.22902876138687134,0.1313847303390503,-0.027849234640598297,-0.26352161169052124,0.21565386652946472,-0.34260523319244385,-0.09227167814970016,0.22638913989067078,0.13309697806835175,0.20706668496131897,-0.03079647570848465,0.060766421258449554,-0.035878174006938934,-0.0807032585144043,0.0011067446321249008,0.26072004437446594,-0.040578946471214294,0.08295954018831253,-0.15823841094970703,-0.523686408996582,0.07745306193828583,0.17544147372245789,-0.2802141606807709,0.06228179484605789,-0.2147112637758255,0.3242032825946808,-0.004520122893154621,-0.2181178778409958,0.10097679495811462,0.1681840568780899,0.05910782888531685,-0.17232152819633484,-0.07717951387166977,0.20047424733638763,0.03151758760213852,0.05467967316508293,-0.40130358934402466,-0.42696648836135864,0.2178695946931839
N-acetylcysteine,-0.16093531250953674,0.017889637500047684,-0.037310343235731125,-0.06947875767946243,-0.018059849739074707,-0.18083012104034424,-0.1532553732395172,0.048373378813266754,0.05659370496869087,-0.0061016809195280075,-0.15245649218559265,-0.0046275826171040535,0.06330884248018265,-0.06313137710094452,-0.002026766538619995,-0.10958832502365112,0.038998816162347794,-0.14470604062080383,-0.11131362617015839,-0.07246613502502441,0.03350399434566498,-0.04752127826213837,0.008542470633983612,-0.011961203068494797,0.1629047393798828,-0.007319527678191662,0.20793496072292328,0.13723944127559662,0.16789749264717102,-0.13457781076431274,-0.1160045713186264,0.23165057599544525,0.06048663333058357,0.11785142123699188,-0.11053329706192017,-0.053442806005477905,-0.1062670350074768,-0.04520285502076149,0.19036604464054108,-0.025136953219771385,-0.1891559362411499,0.07385024428367615,-0.11747486889362335,0.01532958447933197,0.08997635543346405,-0.13256973028182983,0.06207239255309105,0.04477205127477646,0.04057902470231056,0.11440752446651459,-0.0504424013197422,0.10712124407291412,-0.12030477076768875,-0.005264803767204285,0.020990733057260513,-0.0070335231721401215,0.05535769835114479,0.10608567297458649,-0.16493387520313263,0.0010083486558869481,-0.008298089727759361,0.24309533834457397,-0.18099766969680786,0.11381840705871582
