mirna,gene,support_type,source,score,confidence,confidence_level,download_date
Hsa-miR-21-5p,KLF6,Functional MTI,miRTarBase_10.0_SE_WR,0.9,0.9,high,2026-06-21
MiR-210,EPHA2,Functional MTI,miRTarBase_10.0_SE_WR,0.9,0.9,high,2026-06-21
hsa-let-7a-5p,E2F1,Non-Functional MTI,miRTarBase_10.0_SE_WR,0.9,0.9,high,2026-06-21
hsa-let-7a-5p,EDN1,Functional MTI,miRTarBase_10.0_SE_WR,0.9,0.9,high,2026-06-21
hsa-let-7a-5p,IL6,Functional MTI,miRTarBase_10.0_SE_WR,0.9,0.9,high,2026-06-21
hsa-let-7b-5p,EDN1,Functional MTI,miRTarBase_10.0_SE_WR,0.9,0.9,high,2026-06-21
hsa-let-7b-5p,SOCS1,Functional MTI,miRTarBase_10.0_SE_WR,0.9,0.9,high,2026-06-21
hsa-let-7b-5p,STAT1,Functional MTI,miRTarBase_10.0_SE_WR,0.9,0.9,high,2026-06-21
hsa-let-7b-5p,TLR4,Functional MTI,miRTarBase_10.0_SE_WR,0.9,0.9,high,2026-06-21
hsa-let-7c-5p,IL6,Functional MTI,miRTarBase_10.0_SE_WR,0.9,0.9,high,2026-06-21
hsa-let-7f-5p,EDN1,Functional MTI,miRTarBase_10.0_SE_WR,0.9,0.9,high,2026-06-21
hsa-let-7f-5p,IL6,Functional MTI,miRTarBase_10.0_SE_WR,0.9,0.9,high,2026-06-21
hsa-let-7i-3p,STAT1,Functional MTI,miRTarBase_10.0_SE_WR,0.9,0.9,high,2026-06-21
hsa-let-7i-5p,SOCS1,Functional MTI,miRTarBase_10.0_SE_WR,0.9,0.9,high,2026-06-21
hsa-let-7i-5p,TLR4,Functional MTI,miRTarBase_10.0_SE_WR,0.9,0.9,high,2026-06-21
hsa-miR-1-3p,EDN1,Functional MTI,miRTarBase_10.0_SE_WR,0.9,0.9,high,2026-06-21
hsa-miR-1-3p,PTBP1,Functional MTI,miRTarBase_10.0_SE_WR,0.9,0.9,high,2026-06-21
hsa-miR-1-3p,SP1,Functional MTI,miRTarBase_10.0_SE_WR,0.9,0.9,high,2026-06-21
hsa-miR-101-3p,BCL6,Functional MTI,miRTarBase_10.0_SE_WR,0.9,0.9,high,2026-06-21
hsa-miR-101-3p,HIF1A,Functional MTI,miRTarBase_10.0_SE_WR,0.9,0.9,high,2026-06-21
hsa-miR-101-3p,KLF6,Functional MTI,miRTarBase_10.0_SE_WR,0.9,0.9,high,2026-06-21
hsa-miR-101-3p,PTGS2,Functional MTI,miRTarBase_10.0_SE_WR,0.9,0.9,high,2026-06-21
hsa-miR-101-3p,ZEB1,Functional MTI,miRTarBase_10.0_SE_WR,0.9,0.9,high,2026-06-21
hsa-miR-103a-2-5p,STAT1,Functional MTI,miRTarBase_10.0_SE_WR,0.9,0.9,high,2026-06-21
hsa-miR-106a-5p,E2F1,Functional MTI,miRTarBase_10.0_SE_WR,0.9,0.9,high,2026-06-21
hsa-miR-106a-5p,HIF1A,Functional MTI,miRTarBase_10.0_SE_WR,0.9,0.9,high,2026-06-21
hsa-miR-106a-5p,RUNX3,Functional MTI,miRTarBase_10.0_SE_WR,0.9,0.9,high,2026-06-21
hsa-miR-106b-5p,E2F1,Functional MTI,miRTarBase_10.0_SE_WR,0.9,0.9,high,2026-06-21
hsa-miR-106b-5p,E2F3,Non-Functional MTI,miRTarBase_10.0_SE_WR,0.9,0.9,high,2026-06-21
hsa-miR-106b-5p,HIF1A,Functional MTI,miRTarBase_10.0_SE_WR,0.9,0.9,high,2026-06-21
hsa-miR-106b-5p,IRF1,Functional MTI,miRTarBase_10.0_SE_WR,0.9,0.9,high,2026-06-21
hsa-miR-106b-5p,RUNX3,Functional MTI,miRTarBase_10.0_SE_WR,0.9,0.9,high,2026-06-21
hsa-miR-107,HIF1A,Functional MTI,miRTarBase_10.0_SE_WR,0.9,0.9,high,2026-06-21
hsa-miR-107,IL6,Functional MTI,miRTarBase_10.0_SE_WR,0.9,0.9,high,2026-06-21
hsa-miR-10a-5p,EPHA4,Functional MTI,miRTarBase_10.0_SE_WR,0.9,0.9,high,2026-06-21
hsa-miR-1178-3p,TLR4,Functional MTI,miRTarBase_10.0_SE_WR,0.9,0.9,high,2026-06-21
hsa-miR-1179,HMGB1,Functional MTI,miRTarBase_10.0_SE_WR,0.9,0.9,high,2026-06-21
hsa-miR-1205,E2F1,Functional MTI,miRTarBase_10.0_SE_WR,0.9,0.9,high,2026-06-21
hsa-miR-122-3p,SLC1A5,Functional MTI,miRTarBase_10.0_SE_WR,0.9,0.9,high,2026-06-21
hsa-miR-122-5p,HMOX1,Functional MTI,miRTarBase_10.0_SE_WR,0.9,0.9,high,2026-06-21
hsa-miR-122-5p,SOCS1,Functional MTI (Weak),miRTarBase_10.0_SE_WR,0.9,0.9,high,2026-06-21
hsa-miR-1236-3p,ZEB1,Functional MTI,miRTarBase_10.0_SE_WR,0.9,0.9,high,2026-06-21
hsa-miR-124-3p,EGR1,Functional MTI,miRTarBase_10.0_SE_WR,0.9,0.9,high,2026-06-21
hsa-miR-124-3p,IL1B,Functional MTI,miRTarBase_10.0_SE_WR,0.9,0.9,high,2026-06-21
hsa-miR-124-3p,KLF6,Functional MTI,miRTarBase_10.0_SE_WR,0.9,0.9,high,2026-06-21
hsa-miR-124-3p,MAPK14,Functional MTI,miRTarBase_10.0_SE_WR,0.9,0.9,high,2026-06-21
hsa-miR-124-3p,PTBP1,Functional MTI,miRTarBase_10.0_SE_WR,0.9,0.9,high,2026-06-21
hsa-miR-1246,DYRK1A,Functional MTI,miRTarBase_10.0_SE_WR,0.9,0.9,high,2026-06-21
hsa-miR-1247-5p,BCL6,Functional MTI,miRTarBase_10.0_SE_WR,0.9,0.9,high,2026-06-21
hsa-miR-1250-5p,MAPK1,Functional MTI,miRTarBase_10.0_SE_WR,0.9,0.9,high,2026-06-21
hsa-miR-1254,ABCC1,Functional MTI,miRTarBase_10.0_SE_WR,0.9,0.9,high,2026-06-21
hsa-miR-125a-5p,EDN1,Functional MTI,miRTarBase_10.0_SE_WR,0.9,0.9,high,2026-06-21
hsa-miR-125a-5p,IFNG,Functional MTI,miRTarBase_10.0_SE_WR,0.9,0.9,high,2026-06-21
hsa-miR-125a-5p,LIFR,Functional MTI,miRTarBase_10.0_SE_WR,0.9,0.9,high,2026-06-21
hsa-miR-125a-5p,MAPK14,Functional MTI,miRTarBase_10.0_SE_WR,0.9,0.9,high,2026-06-21
hsa-miR-125a-5p,TNFAIP3,Functional MTI,miRTarBase_10.0_SE_WR,0.9,0.9,high,2026-06-21
hsa-miR-125b-5p,E2F3,Functional MTI,miRTarBase_10.0_SE_WR,0.9,0.9,high,2026-06-21
hsa-miR-125b-5p,GSS,Functional MTI,miRTarBase_10.0_SE_WR,0.9,0.9,high,2026-06-21
hsa-miR-125b-5p,MAPK14,Functional MTI,miRTarBase_10.0_SE_WR,0.9,0.9,high,2026-06-21
hsa-miR-125b-5p,TNFAIP3,Functional MTI,miRTarBase_10.0_SE_WR,0.9,0.9,high,2026-06-21
hsa-miR-127-3p,BCL6,Functional MTI,miRTarBase_10.0_SE_WR,0.9,0.9,high,2026-06-21
hsa-miR-1270,WNT5A,Functional MTI,miRTarBase_10.0_SE_WR,0.9,0.9,high,2026-06-21
hsa-miR-128-3p,CTSB,Functional MTI,miRTarBase_10.0_SE_WR,0.9,0.9,high,2026-06-21
hsa-miR-128-3p,E2F3,Functional MTI,miRTarBase_10.0_SE_WR,0.9,0.9,high,2026-06-21
hsa-miR-128-3p,MAPK14,Functional MTI,miRTarBase_10.0_SE_WR,0.9,0.9,high,2026-06-21
hsa-miR-129-5p,HMGB1,Functional MTI,miRTarBase_10.0_SE_WR,0.9,0.9,high,2026-06-21
hsa-miR-129-5p,KEAP1,Functional MTI,miRTarBase_10.0_SE_WR,0.9,0.9,high,2026-06-21
hsa-miR-129-5p,SP1,Functional MTI,miRTarBase_10.0_SE_WR,0.9,0.9,high,2026-06-21
hsa-miR-1291,ABCC1,Functional MTI,miRTarBase_10.0_SE_WR,0.9,0.9,high,2026-06-21
hsa-miR-1291,ERN1,Functional MTI (Weak),miRTarBase_10.0_SE_WR,0.9,0.9,high,2026-06-21
hsa-miR-1296-5p,SP1,Functional MTI,miRTarBase_10.0_SE_WR,0.9,0.9,high,2026-06-21
hsa-miR-1296-5p,STAT1,Functional MTI,miRTarBase_10.0_SE_WR,0.9,0.9,high,2026-06-21
hsa-miR-130a-3p,EDN1,Functional MTI,miRTarBase_10.0_SE_WR,0.9,0.9,high,2026-06-21
hsa-miR-130a-3p,HIF1A,Functional MTI,miRTarBase_10.0_SE_WR,0.9,0.9,high,2026-06-21
hsa-miR-130a-3p,RUNX3,Functional MTI,miRTarBase_10.0_SE_WR,0.9,0.9,high,2026-06-21
hsa-miR-130b-3p,EDN1,Functional MTI,miRTarBase_10.0_SE_WR,0.9,0.9,high,2026-06-21
hsa-miR-130b-3p,IRF1,Functional MTI,miRTarBase_10.0_SE_WR,0.9,0.9,high,2026-06-21
hsa-miR-130b-3p,RUNX3,Functional MTI,miRTarBase_10.0_SE_WR,0.9,0.9,high,2026-06-21
hsa-miR-130b-3p,ZEB1,Functional MTI,miRTarBase_10.0_SE_WR,0.9,0.9,high,2026-06-21
hsa-miR-133a-3p,PTBP1,Functional MTI,miRTarBase_10.0_SE_WR,0.9,0.9,high,2026-06-21
hsa-miR-133a-3p,SP1,Functional MTI,miRTarBase_10.0_SE_WR,0.9,0.9,high,2026-06-21
hsa-miR-133a-3p,ZEB1,Functional MTI,miRTarBase_10.0_SE_WR,0.9,0.9,high,2026-06-21
hsa-miR-133b,SP1,Functional MTI,miRTarBase_10.0_SE_WR,0.9,0.9,high,2026-06-21
hsa-miR-134-5p,ABCC1,Functional MTI,miRTarBase_10.0_SE_WR,0.9,0.9,high,2026-06-21
hsa-miR-135a-3p,HMOX1,Functional MTI,miRTarBase_10.0_SE_WR,0.9,0.9,high,2026-06-21
hsa-miR-135a-5p,TXNIP,Functional MTI,miRTarBase_10.0_SE_WR,0.9,0.9,high,2026-06-21
hsa-miR-135b-3p,HMOX1,Functional MTI,miRTarBase_10.0_SE_WR,0.9,0.9,high,2026-06-21
hsa-miR-135b-5p,HIF1A,Functional MTI,miRTarBase_10.0_SE_WR,0.9,0.9,high,2026-06-21
hsa-miR-137,IL6,Functional MTI,miRTarBase_10.0_SE_WR,0.9,0.9,high,2026-06-21
hsa-miR-137,PTGS2,Functional MTI,miRTarBase_10.0_SE_WR,0.9,0.9,high,2026-06-21
hsa-miR-138-5p,FOSL1,Functional MTI,miRTarBase_10.0_SE_WR,0.9,0.9,high,2026-06-21
hsa-miR-138-5p,HIF1A,Functional MTI,miRTarBase_10.0_SE_WR,0.9,0.9,high,2026-06-21
hsa-miR-138-5p,LCN2,Functional MTI,miRTarBase_10.0_SE_WR,0.9,0.9,high,2026-06-21
hsa-miR-138-5p,NLRP3,Functional MTI,miRTarBase_10.0_SE_WR,0.9,0.9,high,2026-06-21
hsa-miR-139-3p,BCL6,Functional MTI,miRTarBase_10.0_SE_WR,0.9,0.9,high,2026-06-21
hsa-miR-139-5p,ABCC1,Functional MTI,miRTarBase_10.0_SE_WR,0.9,0.9,high,2026-06-21
hsa-miR-139-5p,ZEB1,Functional MTI,miRTarBase_10.0_SE_WR,0.9,0.9,high,2026-06-21
hsa-miR-140-5p,CTSB,Functional MTI,miRTarBase_10.0_SE_WR,0.9,0.9,high,2026-06-21
hsa-miR-140-5p,TLR4,Functional MTI,miRTarBase_10.0_SE_WR,0.9,0.9,high,2026-06-21
hsa-miR-141-3p,BAP1,Functional MTI (Weak),miRTarBase_10.0_SE_WR,0.9,0.9,high,2026-06-21
hsa-miR-141-3p,E2F3,Functional MTI,miRTarBase_10.0_SE_WR,0.9,0.9,high,2026-06-21
hsa-miR-141-3p,KEAP1,Functional MTI,miRTarBase_10.0_SE_WR,0.9,0.9,high,2026-06-21
hsa-miR-141-3p,MAPK14,Functional MTI,miRTarBase_10.0_SE_WR,0.9,0.9,high,2026-06-21
hsa-miR-141-3p,NLRP3,Functional MTI,miRTarBase_10.0_SE_WR,0.9,0.9,high,2026-06-21
hsa-miR-141-3p,TXNIP,Functional MTI,miRTarBase_10.0_SE_WR,0.9,0.9,high,2026-06-21
hsa-miR-141-3p,YAP1,Functional MTI,miRTarBase_10.0_SE_WR,0.9,0.9,high,2026-06-21
hsa-miR-141-3p,ZEB1,Functional MTI,miRTarBase_10.0_SE_WR,0.9,0.9,high,2026-06-21
hsa-miR-142-3p,HMGB1,Functional MTI,miRTarBase_10.0_SE_WR,0.9,0.9,high,2026-06-21
hsa-miR-142-3p,ZEB1,Functional MTI,miRTarBase_10.0_SE_WR,0.9,0.9,high,2026-06-21
hsa-miR-142-5p,HIF1A,Functional MTI,miRTarBase_10.0_SE_WR,0.9,0.9,high,2026-06-21
hsa-miR-142-5p,SOCS1,Functional MTI,miRTarBase_10.0_SE_WR,0.9,0.9,high,2026-06-21
hsa-miR-142-5p,ZEB1,Functional MTI,miRTarBase_10.0_SE_WR,0.9,0.9,high,2026-06-21
hsa-miR-143-3p,PTGS2,Functional MTI,miRTarBase_10.0_SE_WR,0.9,0.9,high,2026-06-21
hsa-miR-144-3p,BCL6,Functional MTI,miRTarBase_10.0_SE_WR,0.9,0.9,high,2026-06-21
hsa-miR-144-3p,PTGS2,Functional MTI,miRTarBase_10.0_SE_WR,0.9,0.9,high,2026-06-21
hsa-miR-144-3p,ZEB1,Functional MTI,miRTarBase_10.0_SE_WR,0.9,0.9,high,2026-06-21
hsa-miR-145-3p,TLR4,Functional MTI,miRTarBase_10.0_SE_WR,0.9,0.9,high,2026-06-21
hsa-miR-145-5p,ABCC1,Functional MTI,miRTarBase_10.0_SE_WR,0.9,0.9,high,2026-06-21
hsa-miR-145-5p,E2F3,Functional MTI,miRTarBase_10.0_SE_WR,0.9,0.9,high,2026-06-21
hsa-miR-145-5p,SP1,Functional MTI,miRTarBase_10.0_SE_WR,0.9,0.9,high,2026-06-21
hsa-miR-145-5p,STAT1,Functional MTI,miRTarBase_10.0_SE_WR,0.9,0.9,high,2026-06-21
hsa-miR-145-5p,TLR4,Functional MTI,miRTarBase_10.0_SE_WR,0.9,0.9,high,2026-06-21
hsa-miR-146a-3p,TLR4,Functional MTI,miRTarBase_10.0_SE_WR,0.9,0.9,high,2026-06-21
hsa-miR-146a-5p,IL6,Functional MTI,miRTarBase_10.0_SE_WR,0.9,0.9,high,2026-06-21
hsa-miR-146a-5p,STAT1,Functional MTI,miRTarBase_10.0_SE_WR,0.9,0.9,high,2026-06-21
hsa-miR-146a-5p,TLR4,Functional MTI,miRTarBase_10.0_SE_WR,0.9,0.9,high,2026-06-21
hsa-miR-146a-5p,TXNIP,Functional MTI,miRTarBase_10.0_SE_WR,0.9,0.9,high,2026-06-21
hsa-miR-146b-5p,IL6,Functional MTI,miRTarBase_10.0_SE_WR,0.9,0.9,high,2026-06-21
hsa-miR-146b-5p,TLR4,Functional MTI,miRTarBase_10.0_SE_WR,0.9,0.9,high,2026-06-21
hsa-miR-148a-3p,KLF6,Functional MTI,miRTarBase_10.0_SE_WR,0.9,0.9,high,2026-06-21
hsa-miR-148a-3p,RUNX3,Functional MTI,miRTarBase_10.0_SE_WR,0.9,0.9,high,2026-06-21
hsa-miR-149-3p,E2F1,Functional MTI,miRTarBase_10.0_SE_WR,0.9,0.9,high,2026-06-21
hsa-miR-149-5p,IL6,Functional MTI,miRTarBase_10.0_SE_WR,0.9,0.9,high,2026-06-21
hsa-miR-149-5p,SP1,Functional MTI,miRTarBase_10.0_SE_WR,0.9,0.9,high,2026-06-21
hsa-miR-150-5p,BAP1,Functional MTI,miRTarBase_10.0_SE_WR,0.9,0.9,high,2026-06-21
hsa-miR-150-5p,SP1,Functional MTI,miRTarBase_10.0_SE_WR,0.9,0.9,high,2026-06-21
hsa-miR-150-5p,ZEB1,Functional MTI,miRTarBase_10.0_SE_WR,0.9,0.9,high,2026-06-21
hsa-miR-152-3p,KLF6,Functional MTI,miRTarBase_10.0_SE_WR,0.9,0.9,high,2026-06-21
hsa-miR-152-5p,TXNIP,Functional MTI,miRTarBase_10.0_SE_WR,0.9,0.9,high,2026-06-21
hsa-miR-153-3p,HMGB1,Functional MTI,miRTarBase_10.0_SE_WR,0.9,0.9,high,2026-06-21
hsa-miR-153-3p,SNCA,Functional MTI,miRTarBase_10.0_SE_WR,0.9,0.9,high,2026-06-21
hsa-miR-153-5p,HIF1A,Functional MTI,miRTarBase_10.0_SE_WR,0.9,0.9,high,2026-06-21
hsa-miR-155-3p,NLRP3,Functional MTI,miRTarBase_10.0_SE_WR,0.9,0.9,high,2026-06-21
hsa-miR-155-5p,BCL6,Functional MTI,miRTarBase_10.0_SE_WR,0.9,0.9,high,2026-06-21
hsa-miR-155-5p,EDN1,Functional MTI,miRTarBase_10.0_SE_WR,0.9,0.9,high,2026-06-21
hsa-miR-155-5p,HIF1A,Functional MTI,miRTarBase_10.0_SE_WR,0.9,0.9,high,2026-06-21
hsa-miR-155-5p,MAP3K14,Functional MTI (Weak),miRTarBase_10.0_SE_WR,0.9,0.9,high,2026-06-21
hsa-miR-155-5p,MAPK14,Functional MTI,miRTarBase_10.0_SE_WR,0.9,0.9,high,2026-06-21
hsa-miR-155-5p,SOCS1,Functional MTI,miRTarBase_10.0_SE_WR,0.9,0.9,high,2026-06-21
hsa-miR-15a-5p,CXCL10,Functional MTI,miRTarBase_10.0_SE_WR,0.9,0.9,high,2026-06-21
hsa-miR-15a-5p,IFNG,Functional MTI,miRTarBase_10.0_SE_WR,0.9,0.9,high,2026-06-21
hsa-miR-15a-5p,YAP1,Functional MTI,miRTarBase_10.0_SE_WR,0.9,0.9,high,2026-06-21
hsa-miR-15b-5p,IFNG,Functional MTI,miRTarBase_10.0_SE_WR,0.9,0.9,high,2026-06-21
hsa-miR-16-5p,IFNG,Functional MTI,miRTarBase_10.0_SE_WR,0.9,0.9,high,2026-06-21
hsa-miR-16-5p,PTGS2,Functional MTI,miRTarBase_10.0_SE_WR,0.9,0.9,high,2026-06-21
hsa-miR-16-5p,TLR4,Functional MTI,miRTarBase_10.0_SE_WR,0.9,0.9,high,2026-06-21
hsa-miR-16-5p,YAP1,Functional MTI,miRTarBase_10.0_SE_WR,0.9,0.9,high,2026-06-21
hsa-miR-17-3p,HIF1A,Functional MTI,miRTarBase_10.0_SE_WR,0.9,0.9,high,2026-06-21
hsa-miR-17-5p,E2F1,Functional MTI,miRTarBase_10.0_SE_WR,0.9,0.9,high,2026-06-21
hsa-miR-17-5p,E2F3,Non-Functional MTI,miRTarBase_10.0_SE_WR,0.9,0.9,high,2026-06-21
hsa-miR-17-5p,HIF1A,Functional MTI,miRTarBase_10.0_SE_WR,0.9,0.9,high,2026-06-21
hsa-miR-181a-3p,KLF6,Functional MTI,miRTarBase_10.0_SE_WR,0.9,0.9,high,2026-06-21
hsa-miR-181a-5p,IFNG,Functional MTI,miRTarBase_10.0_SE_WR,0.9,0.9,high,2026-06-21
hsa-miR-181a-5p,KLF6,Functional MTI,miRTarBase_10.0_SE_WR,0.9,0.9,high,2026-06-21
hsa-miR-181a-5p,MAPK1,Functional MTI,miRTarBase_10.0_SE_WR,0.9,0.9,high,2026-06-21
hsa-miR-181b-5p,E2F1,Functional MTI,miRTarBase_10.0_SE_WR,0.9,0.9,high,2026-06-21
hsa-miR-182-5p,GPX4,Functional MTI,miRTarBase_10.0_SE_WR,0.9,0.9,high,2026-06-21
hsa-miR-182-5p,NOX4,Functional MTI,miRTarBase_10.0_SE_WR,0.9,0.9,high,2026-06-21
hsa-miR-183-5p,CXCL8,Functional MTI,miRTarBase_10.0_SE_WR,0.9,0.9,high,2026-06-21
hsa-miR-183-5p,E2F1,Functional MTI,miRTarBase_10.0_SE_WR,0.9,0.9,high,2026-06-21
hsa-miR-183-5p,EGR1,Functional MTI,miRTarBase_10.0_SE_WR,0.9,0.9,high,2026-06-21
hsa-miR-183-5p,HMOX1,Functional MTI,miRTarBase_10.0_SE_WR,0.9,0.9,high,2026-06-21
hsa-miR-183-5p,ZEB1,Functional MTI,miRTarBase_10.0_SE_WR,0.9,0.9,high,2026-06-21
hsa-miR-187-3p,BCL6,Functional MTI,miRTarBase_10.0_SE_WR,0.9,0.9,high,2026-06-21
hsa-miR-188-5p,HMGB1,Functional MTI,miRTarBase_10.0_SE_WR,0.9,0.9,high,2026-06-21
hsa-miR-18a-3p,HIF1A,Functional MTI,miRTarBase_10.0_SE_WR,0.9,0.9,high,2026-06-21
hsa-miR-18a-5p,HIF1A,Functional MTI,miRTarBase_10.0_SE_WR,0.9,0.9,high,2026-06-21
hsa-miR-18b-5p,HIF1A,Functional MTI,miRTarBase_10.0_SE_WR,0.9,0.9,high,2026-06-21
hsa-miR-191-5p,EGR1,Functional MTI,miRTarBase_10.0_SE_WR,0.9,0.9,high,2026-06-21
hsa-miR-192-5p,SMARCB1,Functional MTI,miRTarBase_10.0_SE_WR,0.9,0.9,high,2026-06-21
hsa-miR-194-5p,MAPK1,Functional MTI,miRTarBase_10.0_SE_WR,0.9,0.9,high,2026-06-21
hsa-miR-194-5p,SOCS2,Functional MTI,miRTarBase_10.0_SE_WR,0.9,0.9,high,2026-06-21
hsa-miR-195-5p,E2F3,Functional MTI,miRTarBase_10.0_SE_WR,0.9,0.9,high,2026-06-21
hsa-miR-195-5p,YAP1,Functional MTI,miRTarBase_10.0_SE_WR,0.9,0.9,high,2026-06-21
hsa-miR-196a-5p,HMOX1,Functional MTI,miRTarBase_10.0_SE_WR,0.9,0.9,high,2026-06-21
hsa-miR-197-3p,MAPK1,Functional MTI,miRTarBase_10.0_SE_WR,0.9,0.9,high,2026-06-21
hsa-miR-199a-3p,MAPK1,Functional MTI,miRTarBase_10.0_SE_WR,0.9,0.9,high,2026-06-21
hsa-miR-199a-3p,MAPK14,Non-Functional MTI,miRTarBase_10.0_SE_WR,0.9,0.9,high,2026-06-21
hsa-miR-199a-3p,PTGS2,Functional MTI,miRTarBase_10.0_SE_WR,0.9,0.9,high,2026-06-21
hsa-miR-199a-3p,SP1,Functional MTI,miRTarBase_10.0_SE_WR,0.9,0.9,high,2026-06-21
hsa-miR-199a-5p,EDN1,Functional MTI,miRTarBase_10.0_SE_WR,0.9,0.9,high,2026-06-21
hsa-miR-199a-5p,ERN1,Functional MTI,miRTarBase_10.0_SE_WR,0.9,0.9,high,2026-06-21
hsa-miR-199a-5p,HIF1A,Functional MTI,miRTarBase_10.0_SE_WR,0.9,0.9,high,2026-06-21
hsa-miR-199a-5p,PTGS2,Functional MTI,miRTarBase_10.0_SE_WR,0.9,0.9,high,2026-06-21
hsa-miR-199a-5p,S100A8,Functional MTI,miRTarBase_10.0_SE_WR,0.9,0.9,high,2026-06-21
hsa-miR-199a-5p,SP1,Functional MTI,miRTarBase_10.0_SE_WR,0.9,0.9,high,2026-06-21
hsa-miR-199b-5p,HIF1A,Functional MTI,miRTarBase_10.0_SE_WR,0.9,0.9,high,2026-06-21
hsa-miR-199b-5p,ZEB1,Functional MTI,miRTarBase_10.0_SE_WR,0.9,0.9,high,2026-06-21
hsa-miR-19a-3p,SOCS1,Functional MTI,miRTarBase_10.0_SE_WR,0.9,0.9,high,2026-06-21
hsa-miR-19a-3p,TNFAIP3,Functional MTI,miRTarBase_10.0_SE_WR,0.9,0.9,high,2026-06-21
hsa-miR-19b-3p,SOCS1,Functional MTI,miRTarBase_10.0_SE_WR,0.9,0.9,high,2026-06-21
hsa-miR-19b-3p,TNFAIP3,Functional MTI,miRTarBase_10.0_SE_WR,0.9,0.9,high,2026-06-21
hsa-miR-200a-3p,BAP1,Functional MTI (Weak),miRTarBase_10.0_SE_WR,0.9,0.9,high,2026-06-21
hsa-miR-200a-3p,KEAP1,Functional MTI,miRTarBase_10.0_SE_WR,0.9,0.9,high,2026-06-21
hsa-miR-200a-3p,KLF6,Functional MTI,miRTarBase_10.0_SE_WR,0.9,0.9,high,2026-06-21
hsa-miR-200a-3p,MAPK14,Functional MTI,miRTarBase_10.0_SE_WR,0.9,0.9,high,2026-06-21
hsa-miR-200a-3p,YAP1,Functional MTI,miRTarBase_10.0_SE_WR,0.9,0.9,high,2026-06-21
hsa-miR-200a-3p,ZEB1,Functional MTI,miRTarBase_10.0_SE_WR,0.9,0.9,high,2026-06-21
hsa-miR-200b-3p,BAP1,Functional MTI (Weak),miRTarBase_10.0_SE_WR,0.9,0.9,high,2026-06-21
hsa-miR-200b-3p,E2F3,Functional MTI,miRTarBase_10.0_SE_WR,0.9,0.9,high,2026-06-21
hsa-miR-200b-3p,LOX,Functional MTI,miRTarBase_10.0_SE_WR,0.9,0.9,high,2026-06-21
hsa-miR-200b-3p,SP1,Functional MTI,miRTarBase_10.0_SE_WR,0.9,0.9,high,2026-06-21
hsa-miR-200b-3p,ZEB1,Functional MTI,miRTarBase_10.0_SE_WR,0.9,0.9,high,2026-06-21
hsa-miR-200b-5p,KLF6,Functional MTI,miRTarBase_10.0_SE_WR,0.9,0.9,high,2026-06-21
hsa-miR-200c-3p,BAP1,Functional MTI (Weak),miRTarBase_10.0_SE_WR,0.9,0.9,high,2026-06-21
hsa-miR-200c-3p,BRD7,Functional MTI,miRTarBase_10.0_SE_WR,0.9,0.9,high,2026-06-21
hsa-miR-200c-3p,E2F3,Functional MTI,miRTarBase_10.0_SE_WR,0.9,0.9,high,2026-06-21
hsa-miR-200c-3p,HIF1A,Functional MTI,miRTarBase_10.0_SE_WR,0.9,0.9,high,2026-06-21
hsa-miR-200c-3p,SP1,Functional MTI,miRTarBase_10.0_SE_WR,0.9,0.9,high,2026-06-21
hsa-miR-200c-3p,ZEB1,Functional MTI,miRTarBase_10.0_SE_WR,0.9,0.9,high,2026-06-21
hsa-miR-203a-3p,E2F1,Functional MTI,miRTarBase_10.0_SE_WR,0.9,0.9,high,2026-06-21
hsa-miR-203a-3p,E2F3,Functional MTI,miRTarBase_10.0_SE_WR,0.9,0.9,high,2026-06-21
hsa-miR-203a-3p,LIFR,Functional MTI,miRTarBase_10.0_SE_WR,0.9,0.9,high,2026-06-21
hsa-miR-204-5p,ATG3,Functional MTI,miRTarBase_10.0_SE_WR,0.9,0.9,high,2026-06-21
hsa-miR-204-5p,TXNIP,Functional MTI,miRTarBase_10.0_SE_WR,0.9,0.9,high,2026-06-21
hsa-miR-205-5p,ACSL4,Functional MTI,miRTarBase_10.0_SE_WR,0.9,0.9,high,2026-06-21
hsa-miR-205-5p,BCL6,Functional MTI,miRTarBase_10.0_SE_WR,0.9,0.9,high,2026-06-21
hsa-miR-205-5p,E2F1,Functional MTI,miRTarBase_10.0_SE_WR,0.9,0.9,high,2026-06-21
hsa-miR-205-5p,HMGB1,Functional MTI,miRTarBase_10.0_SE_WR,0.9,0.9,high,2026-06-21
hsa-miR-205-5p,ZEB1,Functional MTI,miRTarBase_10.0_SE_WR,0.9,0.9,high,2026-06-21
hsa-miR-20a-5p,E2F1,Functional MTI,miRTarBase_10.0_SE_WR,0.9,0.9,high,2026-06-21
hsa-miR-20a-5p,E2F3,Non-Functional MTI,miRTarBase_10.0_SE_WR,0.9,0.9,high,2026-06-21
hsa-miR-20a-5p,HIF1A,Functional MTI,miRTarBase_10.0_SE_WR,0.9,0.9,high,2026-06-21
hsa-miR-20a-5p,RUNX3,Functional MTI,miRTarBase_10.0_SE_WR,0.9,0.9,high,2026-06-21
hsa-miR-20b-3p,TXNIP,Functional MTI,miRTarBase_10.0_SE_WR,0.9,0.9,high,2026-06-21
hsa-miR-20b-5p,E2F1,Functional MTI,miRTarBase_10.0_SE_WR,0.9,0.9,high,2026-06-21
hsa-miR-20b-5p,HIF1A,Functional MTI,miRTarBase_10.0_SE_WR,0.9,0.9,high,2026-06-21
hsa-miR-21-3p,EPHA4,Functional MTI,miRTarBase_10.0_SE_WR,0.9,0.9,high,2026-06-21
hsa-miR-21-5p,BCL6,Functional MTI,miRTarBase_10.0_SE_WR,0.9,0.9,high,2026-06-21
hsa-miR-21-5p,E2F1,Functional MTI,miRTarBase_10.0_SE_WR,0.9,0.9,high,2026-06-21
hsa-miR-21-5p,IL1B,Functional MTI,miRTarBase_10.0_SE_WR,0.9,0.9,high,2026-06-21
hsa-miR-21-5p,SP1,Functional MTI,miRTarBase_10.0_SE_WR,0.9,0.9,high,2026-06-21
hsa-miR-21-5p,TNFAIP3,Non-Functional MTI,miRTarBase_10.0_SE_WR,0.9,0.9,high,2026-06-21
hsa-miR-210-3p,E2F3,Functional MTI,miRTarBase_10.0_SE_WR,0.9,0.9,high,2026-06-21
hsa-miR-210-3p,HIF1A,Functional MTI,miRTarBase_10.0_SE_WR,0.9,0.9,high,2026-06-21
hsa-miR-210-3p,TFRC,Functional MTI,miRTarBase_10.0_SE_WR,0.9,0.9,high,2026-06-21
hsa-miR-211-5p,ACSL4,Functional MTI,miRTarBase_10.0_SE_WR,0.9,0.9,high,2026-06-21
hsa-miR-211-5p,DYRK1A,Functional MTI,miRTarBase_10.0_SE_WR,0.9,0.9,high,2026-06-21
hsa-miR-211-5p,E2F3,Functional MTI,miRTarBase_10.0_SE_WR,0.9,0.9,high,2026-06-21
hsa-miR-211-5p,TXNIP,Functional MTI,miRTarBase_10.0_SE_WR,0.9,0.9,high,2026-06-21
hsa-miR-212-3p,MAPK1,Functional MTI,miRTarBase_10.0_SE_WR,0.9,0.9,high,2026-06-21
hsa-miR-214-3p,CTSB,Functional MTI,miRTarBase_10.0_SE_WR,0.9,0.9,high,2026-06-21
hsa-miR-214-3p,MAPK1,Functional MTI,miRTarBase_10.0_SE_WR,0.9,0.9,high,2026-06-21
hsa-miR-214-3p,NOX4,Functional MTI,miRTarBase_10.0_SE_WR,0.9,0.9,high,2026-06-21
hsa-miR-216a-5p,TLR4,Functional MTI,miRTarBase_10.0_SE_WR,0.9,0.9,high,2026-06-21
hsa-miR-217,E2F3,Functional MTI,miRTarBase_10.0_SE_WR,0.9,0.9,high,2026-06-21
hsa-miR-218-5p,HMGB1,Functional MTI,miRTarBase_10.0_SE_WR,0.9,0.9,high,2026-06-21
hsa-miR-218-5p,SP1,Functional MTI,miRTarBase_10.0_SE_WR,0.9,0.9,high,2026-06-21
hsa-miR-22-3p,HIF1A,Functional MTI,miRTarBase_10.0_SE_WR,0.9,0.9,high,2026-06-21
hsa-miR-22-3p,HMGB1,Functional MTI,miRTarBase_10.0_SE_WR,0.9,0.9,high,2026-06-21
hsa-miR-22-3p,MAPK14,Functional MTI,miRTarBase_10.0_SE_WR,0.9,0.9,high,2026-06-21
hsa-miR-22-3p,NLRP3,Functional MTI,miRTarBase_10.0_SE_WR,0.9,0.9,high,2026-06-21
hsa-miR-22-3p,SP1,Functional MTI,miRTarBase_10.0_SE_WR,0.9,0.9,high,2026-06-21
hsa-miR-22-3p,TFRC,Functional MTI,miRTarBase_10.0_SE_WR,0.9,0.9,high,2026-06-21
hsa-miR-221-3p,HIF1A,Functional MTI,miRTarBase_10.0_SE_WR,0.9,0.9,high,2026-06-21
hsa-miR-221-3p,SOCS1,Functional MTI,miRTarBase_10.0_SE_WR,0.9,0.9,high,2026-06-21
hsa-miR-221-5p,IL1B,Functional MTI,miRTarBase_10.0_SE_WR,0.9,0.9,high,2026-06-21
hsa-miR-222-3p,SOCS1,Functional MTI,miRTarBase_10.0_SE_WR,0.9,0.9,high,2026-06-21
hsa-miR-223-3p,E2F1,Functional MTI,miRTarBase_10.0_SE_WR,0.9,0.9,high,2026-06-21
hsa-miR-223-3p,IL6,Functional MTI,miRTarBase_10.0_SE_WR,0.9,0.9,high,2026-06-21
hsa-miR-223-3p,NLRP3,Functional MTI,miRTarBase_10.0_SE_WR,0.9,0.9,high,2026-06-21
hsa-miR-223-3p,SP1,Functional MTI,miRTarBase_10.0_SE_WR,0.9,0.9,high,2026-06-21
hsa-miR-223-3p,STAT1,Functional MTI,miRTarBase_10.0_SE_WR,0.9,0.9,high,2026-06-21
hsa-miR-223-3p,TXNIP,Functional MTI,miRTarBase_10.0_SE_WR,0.9,0.9,high,2026-06-21
hsa-miR-23a-3p,CXCL8,Functional MTI,miRTarBase_10.0_SE_WR,0.9,0.9,high,2026-06-21
hsa-miR-23a-3p,IRF1,Functional MTI,miRTarBase_10.0_SE_WR,0.9,0.9,high,2026-06-21
hsa-miR-23a-3p,TNFAIP3,Functional MTI,miRTarBase_10.0_SE_WR,0.9,0.9,high,2026-06-21
hsa-miR-23b-3p,ZEB1,Functional MTI,miRTarBase_10.0_SE_WR,0.9,0.9,high,2026-06-21
hsa-miR-23b-5p,TLR4,Functional MTI,miRTarBase_10.0_SE_WR,0.9,0.9,high,2026-06-21
hsa-miR-24-3p,HMOX1,Functional MTI,miRTarBase_10.0_SE_WR,0.9,0.9,high,2026-06-21
hsa-miR-24-3p,IFNG,Functional MTI,miRTarBase_10.0_SE_WR,0.9,0.9,high,2026-06-21
hsa-miR-24-3p,MAPK14,Functional MTI,miRTarBase_10.0_SE_WR,0.9,0.9,high,2026-06-21
hsa-miR-24-3p,S100A8,Functional MTI,miRTarBase_10.0_SE_WR,0.9,0.9,high,2026-06-21
hsa-miR-24-3p,SP1,Functional MTI,miRTarBase_10.0_SE_WR,0.9,0.9,high,2026-06-21
hsa-miR-26a-1-3p,ACSL3,Functional MTI,miRTarBase_10.0_SE_WR,0.9,0.9,high,2026-06-21
hsa-miR-26a-5p,IL6,Functional MTI,miRTarBase_10.0_SE_WR,0.9,0.9,high,2026-06-21
hsa-miR-26a-5p,PTGS2,Functional MTI,miRTarBase_10.0_SE_WR,0.9,0.9,high,2026-06-21
hsa-miR-26b-3p,KEAP1,Functional MTI,miRTarBase_10.0_SE_WR,0.9,0.9,high,2026-06-21
hsa-miR-26b-5p,EPHA2,Functional MTI,miRTarBase_10.0_SE_WR,0.9,0.9,high,2026-06-21
hsa-miR-26b-5p,PTGS2,Functional MTI,miRTarBase_10.0_SE_WR,0.9,0.9,high,2026-06-21
hsa-miR-26b-5p,TLR4,Functional MTI,miRTarBase_10.0_SE_WR,0.9,0.9,high,2026-06-21
hsa-miR-27a-3p,ATF3,Functional MTI,miRTarBase_10.0_SE_WR,0.9,0.9,high,2026-06-21
hsa-miR-27a-3p,HIF1A,Functional MTI,miRTarBase_10.0_SE_WR,0.9,0.9,high,2026-06-21
hsa-miR-27a-3p,IFNG,Functional MTI,miRTarBase_10.0_SE_WR,0.9,0.9,high,2026-06-21
hsa-miR-27a-3p,MAPK14,Functional MTI (Weak),miRTarBase_10.0_SE_WR,0.9,0.9,high,2026-06-21
hsa-miR-27a-3p,SP1,Functional MTI,miRTarBase_10.0_SE_WR,0.9,0.9,high,2026-06-21
hsa-miR-27a-3p,YAP1,Functional MTI,miRTarBase_10.0_SE_WR,0.9,0.9,high,2026-06-21
hsa-miR-27b-3p,NR2F2,Functional MTI,miRTarBase_10.0_SE_WR,0.9,0.9,high,2026-06-21
hsa-miR-28-5p,MAPK1,Functional MTI,miRTarBase_10.0_SE_WR,0.9,0.9,high,2026-06-21
hsa-miR-298,IL6,Functional MTI,miRTarBase_10.0_SE_WR,0.9,0.9,high,2026-06-21
hsa-miR-29a-3p,LOX,Functional MTI,miRTarBase_10.0_SE_WR,0.9,0.9,high,2026-06-21
hsa-miR-29a-3p,TNFAIP3,Functional MTI,miRTarBase_10.0_SE_WR,0.9,0.9,high,2026-06-21
hsa-miR-29b-3p,HMGB1,Functional MTI,miRTarBase_10.0_SE_WR,0.9,0.9,high,2026-06-21
hsa-miR-29b-3p,IFNG,Functional MTI,miRTarBase_10.0_SE_WR,0.9,0.9,high,2026-06-21
hsa-miR-29b-3p,LOX,Functional MTI,miRTarBase_10.0_SE_WR,0.9,0.9,high,2026-06-21
hsa-miR-29b-3p,SP1,Functional MTI,miRTarBase_10.0_SE_WR,0.9,0.9,high,2026-06-21
hsa-miR-29c-3p,LOX,Functional MTI,miRTarBase_10.0_SE_WR,0.9,0.9,high,2026-06-21
hsa-miR-300,BRD7,Functional MTI,miRTarBase_10.0_SE_WR,0.9,0.9,high,2026-06-21
hsa-miR-300,HMGB1,Functional MTI,miRTarBase_10.0_SE_WR,0.9,0.9,high,2026-06-21
hsa-miR-301a-3p,RUNX3,Functional MTI,miRTarBase_10.0_SE_WR,0.9,0.9,high,2026-06-21
hsa-miR-302a-3p,NR2F2,Functional MTI,miRTarBase_10.0_SE_WR,0.9,0.9,high,2026-06-21
hsa-miR-302c-3p,CXCL8,Functional MTI,miRTarBase_10.0_SE_WR,0.9,0.9,high,2026-06-21
hsa-miR-302d-3p,CXCL8,Functional MTI,miRTarBase_10.0_SE_WR,0.9,0.9,high,2026-06-21
hsa-miR-30a-5p,HIF1A,Functional MTI,miRTarBase_10.0_SE_WR,0.9,0.9,high,2026-06-21
hsa-miR-30a-5p,LOX,Functional MTI,miRTarBase_10.0_SE_WR,0.9,0.9,high,2026-06-21
hsa-miR-30b-5p,BCL6,Functional MTI,miRTarBase_10.0_SE_WR,0.9,0.9,high,2026-06-21
hsa-miR-30b-5p,SOCS1,Functional MTI,miRTarBase_10.0_SE_WR,0.9,0.9,high,2026-06-21
hsa-miR-30d-5p,SOCS1,Functional MTI,miRTarBase_10.0_SE_WR,0.9,0.9,high,2026-06-21
hsa-miR-30e-5p,SOCS1,Functional MTI,miRTarBase_10.0_SE_WR,0.9,0.9,high,2026-06-21
hsa-miR-31-3p,HIF1A,Functional MTI,miRTarBase_10.0_SE_WR,0.9,0.9,high,2026-06-21
hsa-miR-31-5p,HIF1A,Functional MTI,miRTarBase_10.0_SE_WR,0.9,0.9,high,2026-06-21
hsa-miR-320a,MAPK1,Functional MTI,miRTarBase_10.0_SE_WR,0.9,0.9,high,2026-06-21
hsa-miR-320a,TFRC,Functional MTI,miRTarBase_10.0_SE_WR,0.9,0.9,high,2026-06-21
hsa-miR-324-3p,GPX4,Functional MTI,miRTarBase_10.0_SE_WR,0.9,0.9,high,2026-06-21
hsa-miR-324-5p,SP1,Functional MTI,miRTarBase_10.0_SE_WR,0.9,0.9,high,2026-06-21
hsa-miR-326,ZEB1,Functional MTI,miRTarBase_10.0_SE_WR,0.9,0.9,high,2026-06-21
hsa-miR-329-3p,E2F1,Functional MTI,miRTarBase_10.0_SE_WR,0.9,0.9,high,2026-06-21
hsa-miR-329-3p,TLR4,Functional MTI,miRTarBase_10.0_SE_WR,0.9,0.9,high,2026-06-21
hsa-miR-330-3p,E2F1,Functional MTI,miRTarBase_10.0_SE_WR,0.9,0.9,high,2026-06-21
hsa-miR-330-3p,SP1,Functional MTI,miRTarBase_10.0_SE_WR,0.9,0.9,high,2026-06-21
hsa-miR-331-3p,E2F1,Functional MTI,miRTarBase_10.0_SE_WR,0.9,0.9,high,2026-06-21
hsa-miR-331-3p,SOCS1,Functional MTI,miRTarBase_10.0_SE_WR,0.9,0.9,high,2026-06-21
hsa-miR-331-3p,SP1,Functional MTI,miRTarBase_10.0_SE_WR,0.9,0.9,high,2026-06-21
hsa-miR-335-3p,YAP1,Functional MTI,miRTarBase_10.0_SE_WR,0.9,0.9,high,2026-06-21
hsa-miR-335-5p,MAPK1,Functional MTI,miRTarBase_10.0_SE_WR,0.9,0.9,high,2026-06-21
hsa-miR-335-5p,SP1,Functional MTI,miRTarBase_10.0_SE_WR,0.9,0.9,high,2026-06-21
hsa-miR-338-3p,STAT1,Functional MTI,miRTarBase_10.0_SE_WR,0.9,0.9,high,2026-06-21
hsa-miR-339-5p,BCL6,Functional MTI,miRTarBase_10.0_SE_WR,0.9,0.9,high,2026-06-21
hsa-miR-33a-5p,FOSL1,Functional MTI,miRTarBase_10.0_SE_WR,0.9,0.9,high,2026-06-21
hsa-miR-33a-5p,HIF1A,Functional MTI,miRTarBase_10.0_SE_WR,0.9,0.9,high,2026-06-21
hsa-miR-33a-5p,SP1,Functional MTI,miRTarBase_10.0_SE_WR,0.9,0.9,high,2026-06-21
hsa-miR-340-5p,IL1B,Functional MTI,miRTarBase_10.0_SE_WR,0.9,0.9,high,2026-06-21
hsa-miR-340-5p,IL6,Functional MTI,miRTarBase_10.0_SE_WR,0.9,0.9,high,2026-06-21
hsa-miR-340-5p,PTBP1,Functional MTI,miRTarBase_10.0_SE_WR,0.9,0.9,high,2026-06-21
hsa-miR-342-3p,MAPK1,Functional MTI,miRTarBase_10.0_SE_WR,0.9,0.9,high,2026-06-21
hsa-miR-345-5p,ABCC1,Functional MTI,miRTarBase_10.0_SE_WR,0.9,0.9,high,2026-06-21
hsa-miR-346,HIF1A,Functional MTI,miRTarBase_10.0_SE_WR,0.9,0.9,high,2026-06-21
hsa-miR-34a-3p,E2F3,Functional MTI,miRTarBase_10.0_SE_WR,0.9,0.9,high,2026-06-21
hsa-miR-34a-3p,FOSL1,Functional MTI,miRTarBase_10.0_SE_WR,0.9,0.9,high,2026-06-21
hsa-miR-34a-3p,ZEB1,Functional MTI,miRTarBase_10.0_SE_WR,0.9,0.9,high,2026-06-21
hsa-miR-34a-5p,ACSL4,Functional MTI (Weak),miRTarBase_10.0_SE_WR,0.9,0.9,high,2026-06-21
hsa-miR-34a-5p,CXCL10,Functional MTI,miRTarBase_10.0_SE_WR,0.9,0.9,high,2026-06-21
hsa-miR-34a-5p,E2F1,Non-Functional MTI,miRTarBase_10.0_SE_WR,0.9,0.9,high,2026-06-21
hsa-miR-34a-5p,E2F3,Functional MTI,miRTarBase_10.0_SE_WR,0.9,0.9,high,2026-06-21
hsa-miR-34a-5p,FOSL1,Functional MTI,miRTarBase_10.0_SE_WR,0.9,0.9,high,2026-06-21
hsa-miR-34c-5p,E2F3,Functional MTI,miRTarBase_10.0_SE_WR,0.9,0.9,high,2026-06-21
hsa-miR-34c-5p,FOSL1,Functional MTI,miRTarBase_10.0_SE_WR,0.9,0.9,high,2026-06-21
hsa-miR-34c-5p,HMGB1,Functional MTI,miRTarBase_10.0_SE_WR,0.9,0.9,high,2026-06-21
hsa-miR-362-3p,E2F1,Functional MTI,miRTarBase_10.0_SE_WR,0.9,0.9,high,2026-06-21
hsa-miR-362-3p,IL1B,Functional MTI,miRTarBase_10.0_SE_WR,0.9,0.9,high,2026-06-21
hsa-miR-362-3p,MAPK1,Functional MTI,miRTarBase_10.0_SE_WR,0.9,0.9,high,2026-06-21
hsa-miR-363-3p,E2F3,Functional MTI,miRTarBase_10.0_SE_WR,0.9,0.9,high,2026-06-21
hsa-miR-365a-3p,IL6,Functional MTI (Weak),miRTarBase_10.0_SE_WR,0.9,0.9,high,2026-06-21
hsa-miR-3662,HIF1A,Functional MTI,miRTarBase_10.0_SE_WR,0.9,0.9,high,2026-06-21
hsa-miR-370-3p,HERPUD1,Functional MTI,miRTarBase_10.0_SE_WR,0.9,0.9,high,2026-06-21
hsa-miR-372-3p,TNFAIP1,Functional MTI,miRTarBase_10.0_SE_WR,0.9,0.9,high,2026-06-21
hsa-miR-373-3p,IRF9,Functional MTI,miRTarBase_10.0_SE_WR,0.9,0.9,high,2026-06-21
hsa-miR-373-3p,TNFAIP1,Functional MTI,miRTarBase_10.0_SE_WR,0.9,0.9,high,2026-06-21
hsa-miR-373-3p,TXNIP,Functional MTI,miRTarBase_10.0_SE_WR,0.9,0.9,high,2026-06-21
hsa-miR-374a-5p,WNT5A,Functional MTI,miRTarBase_10.0_SE_WR,0.9,0.9,high,2026-06-21
hsa-miR-375,HIF1A,Functional MTI,miRTarBase_10.0_SE_WR,0.9,0.9,high,2026-06-21
hsa-miR-375,IL6,Functional MTI,miRTarBase_10.0_SE_WR,0.9,0.9,high,2026-06-21
hsa-miR-375,SP1,Functional MTI,miRTarBase_10.0_SE_WR,0.9,0.9,high,2026-06-21
hsa-miR-375,YAP1,Functional MTI,miRTarBase_10.0_SE_WR,0.9,0.9,high,2026-06-21
hsa-miR-377-3p,MAPK1,Functional MTI,miRTarBase_10.0_SE_WR,0.9,0.9,high,2026-06-21
hsa-miR-377-3p,SOD1,Functional MTI,miRTarBase_10.0_SE_WR,0.9,0.9,high,2026-06-21
hsa-miR-378a-3p,MAPK1,Functional MTI,miRTarBase_10.0_SE_WR,0.9,0.9,high,2026-06-21
hsa-miR-383-5p,IRF1,Functional MTI,miRTarBase_10.0_SE_WR,0.9,0.9,high,2026-06-21
hsa-miR-383-5p,RBM3,Functional MTI,miRTarBase_10.0_SE_WR,0.9,0.9,high,2026-06-21
hsa-miR-409-3p,IFNG,Functional MTI,miRTarBase_10.0_SE_WR,0.9,0.9,high,2026-06-21
hsa-miR-423-3p,STAT1,Functional MTI,miRTarBase_10.0_SE_WR,0.9,0.9,high,2026-06-21
hsa-miR-424-5p,HIF1A,Functional MTI,miRTarBase_10.0_SE_WR,0.9,0.9,high,2026-06-21
hsa-miR-424-5p,SOCS2,Functional MTI,miRTarBase_10.0_SE_WR,0.9,0.9,high,2026-06-21
hsa-miR-4268,TLR4,Functional MTI,miRTarBase_10.0_SE_WR,0.9,0.9,high,2026-06-21
hsa-miR-429,BAP1,Functional MTI (Weak),miRTarBase_10.0_SE_WR,0.9,0.9,high,2026-06-21
hsa-miR-429,HIF1A,Functional MTI,miRTarBase_10.0_SE_WR,0.9,0.9,high,2026-06-21
hsa-miR-429,ZEB1,Functional MTI,miRTarBase_10.0_SE_WR,0.9,0.9,high,2026-06-21
hsa-miR-432-3p,E2F3,Functional MTI,miRTarBase_10.0_SE_WR,0.9,0.9,high,2026-06-21
hsa-miR-433-3p,HIF1A,Functional MTI,miRTarBase_10.0_SE_WR,0.9,0.9,high,2026-06-21
hsa-miR-449a,E2F3,Functional MTI,miRTarBase_10.0_SE_WR,0.9,0.9,high,2026-06-21
hsa-miR-4512,TLR4,Functional MTI,miRTarBase_10.0_SE_WR,0.9,0.9,high,2026-06-21
hsa-miR-455-3p,KDM6B,Functional MTI,miRTarBase_10.0_SE_WR,0.9,0.9,high,2026-06-21
hsa-miR-455-3p,STAT1,Functional MTI,miRTarBase_10.0_SE_WR,0.9,0.9,high,2026-06-21
hsa-miR-4646-5p,HIF1A,Functional MTI,miRTarBase_10.0_SE_WR,0.9,0.9,high,2026-06-21
hsa-miR-4693-5p,HIF1A,Functional MTI,miRTarBase_10.0_SE_WR,0.9,0.9,high,2026-06-21
hsa-miR-4757-3p,WNT5A,Functional MTI,miRTarBase_10.0_SE_WR,0.9,0.9,high,2026-06-21
hsa-miR-483-5p,MAPK1,Functional MTI,miRTarBase_10.0_SE_WR,0.9,0.9,high,2026-06-21
hsa-miR-484,YAP1,Functional MTI,miRTarBase_10.0_SE_WR,0.9,0.9,high,2026-06-21
hsa-miR-485-3p,TLR4,Functional MTI,miRTarBase_10.0_SE_WR,0.9,0.9,high,2026-06-21
hsa-miR-486-5p,SOCS2,Functional MTI,miRTarBase_10.0_SE_WR,0.9,0.9,high,2026-06-21
hsa-miR-487b-3p,WNT5A,Functional MTI,miRTarBase_10.0_SE_WR,0.9,0.9,high,2026-06-21
hsa-miR-488-3p,SLC39A8,Functional MTI,miRTarBase_10.0_SE_WR,0.9,0.9,high,2026-06-21
hsa-miR-490-3p,MAPK1,Functional MTI,miRTarBase_10.0_SE_WR,0.9,0.9,high,2026-06-21
hsa-miR-492,SOCS2,Functional MTI,miRTarBase_10.0_SE_WR,0.9,0.9,high,2026-06-21
hsa-miR-493-3p,WNT5A,Functional MTI,miRTarBase_10.0_SE_WR,0.9,0.9,high,2026-06-21
hsa-miR-493-5p,E2F3,Functional MTI,miRTarBase_10.0_SE_WR,0.9,0.9,high,2026-06-21
hsa-miR-494-3p,ATF3,Functional MTI,miRTarBase_10.0_SE_WR,0.9,0.9,high,2026-06-21
hsa-miR-494-3p,ZEB1,Functional MTI,miRTarBase_10.0_SE_WR,0.9,0.9,high,2026-06-21
hsa-miR-495-3p,RUNX3,Functional MTI,miRTarBase_10.0_SE_WR,0.9,0.9,high,2026-06-21
hsa-miR-497-5p,E2F3,Functional MTI,miRTarBase_10.0_SE_WR,0.9,0.9,high,2026-06-21
hsa-miR-497-5p,SMURF2,Functional MTI,miRTarBase_10.0_SE_WR,0.9,0.9,high,2026-06-21
hsa-miR-503-5p,SMURF2,Functional MTI,miRTarBase_10.0_SE_WR,0.9,0.9,high,2026-06-21
hsa-miR-506-3p,YAP1,Functional MTI,miRTarBase_10.0_SE_WR,0.9,0.9,high,2026-06-21
hsa-miR-509-3p,YAP1,Functional MTI,miRTarBase_10.0_SE_WR,0.9,0.9,high,2026-06-21
hsa-miR-509-5p,YAP1,Functional MTI,miRTarBase_10.0_SE_WR,0.9,0.9,high,2026-06-21
hsa-miR-516a-3p,WNT5A,Functional MTI,miRTarBase_10.0_SE_WR,0.9,0.9,high,2026-06-21
hsa-miR-519c-3p,HIF1A,Functional MTI,miRTarBase_10.0_SE_WR,0.9,0.9,high,2026-06-21
hsa-miR-519d-3p,E2F1,Functional MTI,miRTarBase_10.0_SE_WR,0.9,0.9,high,2026-06-21
hsa-miR-519d-3p,HIF1A,Functional MTI,miRTarBase_10.0_SE_WR,0.9,0.9,high,2026-06-21
hsa-miR-519d-3p,HMGB1,Functional MTI,miRTarBase_10.0_SE_WR,0.9,0.9,high,2026-06-21
hsa-miR-520d-3p,EPHA2,Functional MTI,miRTarBase_10.0_SE_WR,0.9,0.9,high,2026-06-21
hsa-miR-527,SP1,Functional MTI,miRTarBase_10.0_SE_WR,0.9,0.9,high,2026-06-21
hsa-miR-532-5p,RUNX3,Functional MTI,miRTarBase_10.0_SE_WR,0.9,0.9,high,2026-06-21
hsa-miR-539-5p,ZEB1,Functional MTI,miRTarBase_10.0_SE_WR,0.9,0.9,high,2026-06-21
hsa-miR-543,KLF6,Functional MTI,miRTarBase_10.0_SE_WR,0.9,0.9,high,2026-06-21
hsa-miR-543,MAPK1,Functional MTI,miRTarBase_10.0_SE_WR,0.9,0.9,high,2026-06-21
hsa-miR-544a,BCL6,Functional MTI,miRTarBase_10.0_SE_WR,0.9,0.9,high,2026-06-21
hsa-miR-545-3p,WNT5A,Functional MTI,miRTarBase_10.0_SE_WR,0.9,0.9,high,2026-06-21
hsa-miR-548b-3p,HMGB1,Functional MTI,miRTarBase_10.0_SE_WR,0.9,0.9,high,2026-06-21
hsa-miR-548b-3p,SP1,Functional MTI,miRTarBase_10.0_SE_WR,0.9,0.9,high,2026-06-21
hsa-miR-548ba,LIFR,Functional MTI,miRTarBase_10.0_SE_WR,0.9,0.9,high,2026-06-21
hsa-miR-550a-3p,MAPK1,Functional MTI,miRTarBase_10.0_SE_WR,0.9,0.9,high,2026-06-21
hsa-miR-558,PTGS2,Functional MTI,miRTarBase_10.0_SE_WR,0.9,0.9,high,2026-06-21
hsa-miR-574-5p,HMGB1,Functional MTI,miRTarBase_10.0_SE_WR,0.9,0.9,high,2026-06-21
hsa-miR-5787,TLR4,Functional MTI,miRTarBase_10.0_SE_WR,0.9,0.9,high,2026-06-21
hsa-miR-584-5p,YAP1,Functional MTI,miRTarBase_10.0_SE_WR,0.9,0.9,high,2026-06-21
hsa-miR-589-5p,PTGS2,Functional MTI,miRTarBase_10.0_SE_WR,0.9,0.9,high,2026-06-21
hsa-miR-590-3p,ZEB1,Functional MTI,miRTarBase_10.0_SE_WR,0.9,0.9,high,2026-06-21
hsa-miR-591,ZEB1,Functional MTI,miRTarBase_10.0_SE_WR,0.9,0.9,high,2026-06-21
hsa-miR-596,YAP1,Functional MTI,miRTarBase_10.0_SE_WR,0.9,0.9,high,2026-06-21
hsa-miR-603,IL6,Functional MTI,miRTarBase_10.0_SE_WR,0.9,0.9,high,2026-06-21
hsa-miR-605-5p,TNFAIP3,Functional MTI,miRTarBase_10.0_SE_WR,0.9,0.9,high,2026-06-21
hsa-miR-630,TLR4,Functional MTI,miRTarBase_10.0_SE_WR,0.9,0.9,high,2026-06-21
hsa-miR-630,YAP1,Functional MTI,miRTarBase_10.0_SE_WR,0.9,0.9,high,2026-06-21
hsa-miR-633,MAPK1,Functional MTI,miRTarBase_10.0_SE_WR,0.9,0.9,high,2026-06-21
hsa-miR-634,SLC1A5,Functional MTI,miRTarBase_10.0_SE_WR,0.9,0.9,high,2026-06-21
hsa-miR-639,ZEB1,Functional MTI,miRTarBase_10.0_SE_WR,0.9,0.9,high,2026-06-21
hsa-miR-644a,PTBP1,Functional MTI,miRTarBase_10.0_SE_WR,0.9,0.9,high,2026-06-21
hsa-miR-646,HIF1A,Functional MTI,miRTarBase_10.0_SE_WR,0.9,0.9,high,2026-06-21
hsa-miR-653-5p,KLF6,Functional MTI,miRTarBase_10.0_SE_WR,0.9,0.9,high,2026-06-21
hsa-miR-655-3p,ZEB1,Functional MTI,miRTarBase_10.0_SE_WR,0.9,0.9,high,2026-06-21
hsa-miR-660-5p,ALOX15,Functional MTI,miRTarBase_10.0_SE_WR,0.9,0.9,high,2026-06-21
hsa-miR-6794-5p,SOCS1,Functional MTI,miRTarBase_10.0_SE_WR,0.9,0.9,high,2026-06-21
hsa-miR-6823-5p,SOD1,Functional MTI,miRTarBase_10.0_SE_WR,0.9,0.9,high,2026-06-21
hsa-miR-7-5p,ABCC1,Functional MTI,miRTarBase_10.0_SE_WR,0.9,0.9,high,2026-06-21
hsa-miR-7-5p,KEAP1,Functional MTI,miRTarBase_10.0_SE_WR,0.9,0.9,high,2026-06-21
hsa-miR-7-5p,SNCA,Functional MTI,miRTarBase_10.0_SE_WR,0.9,0.9,high,2026-06-21
hsa-miR-7-5p,SP1,Functional MTI,miRTarBase_10.0_SE_WR,0.9,0.9,high,2026-06-21
hsa-miR-711,SP1,Functional MTI,miRTarBase_10.0_SE_WR,0.9,0.9,high,2026-06-21
hsa-miR-711,TLR4,Functional MTI,miRTarBase_10.0_SE_WR,0.9,0.9,high,2026-06-21
hsa-miR-761,SOCS2,Functional MTI,miRTarBase_10.0_SE_WR,0.9,0.9,high,2026-06-21
hsa-miR-7641,HIF1A,Functional MTI,miRTarBase_10.0_SE_WR,0.9,0.9,high,2026-06-21
hsa-miR-766-5p,E2F3,Functional MTI,miRTarBase_10.0_SE_WR,0.9,0.9,high,2026-06-21
hsa-miR-767-5p,LOX,Functional MTI,miRTarBase_10.0_SE_WR,0.9,0.9,high,2026-06-21
hsa-miR-885-3p,TLR4,Functional MTI,miRTarBase_10.0_SE_WR,0.9,0.9,high,2026-06-21
hsa-miR-9-5p,ABCC1,Functional MTI,miRTarBase_10.0_SE_WR,0.9,0.9,high,2026-06-21
hsa-miR-9-5p,BCL6,Non-Functional MTI,miRTarBase_10.0_SE_WR,0.9,0.9,high,2026-06-21
hsa-miR-9-5p,IL6,Functional MTI,miRTarBase_10.0_SE_WR,0.9,0.9,high,2026-06-21
hsa-miR-92a-1-5p,MAPK1,Functional MTI,miRTarBase_10.0_SE_WR,0.9,0.9,high,2026-06-21
hsa-miR-92a-3p,E2F1,Functional MTI,miRTarBase_10.0_SE_WR,0.9,0.9,high,2026-06-21
hsa-miR-92a-3p,EGR1,Functional MTI,miRTarBase_10.0_SE_WR,0.9,0.9,high,2026-06-21
hsa-miR-92a-3p,HIF1A,Functional MTI,miRTarBase_10.0_SE_WR,0.9,0.9,high,2026-06-21
hsa-miR-92a-3p,SP1,Functional MTI,miRTarBase_10.0_SE_WR,0.9,0.9,high,2026-06-21
hsa-miR-93-5p,CXCL8,Functional MTI,miRTarBase_10.0_SE_WR,0.9,0.9,high,2026-06-21
hsa-miR-93-5p,E2F1,Functional MTI,miRTarBase_10.0_SE_WR,0.9,0.9,high,2026-06-21
hsa-miR-93-5p,HIF1A,Functional MTI,miRTarBase_10.0_SE_WR,0.9,0.9,high,2026-06-21
hsa-miR-93-5p,KDM6B,Functional MTI,miRTarBase_10.0_SE_WR,0.9,0.9,high,2026-06-21
hsa-miR-941,KDM6B,Functional MTI,miRTarBase_10.0_SE_WR,0.9,0.9,high,2026-06-21
hsa-miR-941,KEAP1,Functional MTI,miRTarBase_10.0_SE_WR,0.9,0.9,high,2026-06-21
hsa-miR-96-5p,ZEB1,Functional MTI,miRTarBase_10.0_SE_WR,0.9,0.9,high,2026-06-21
hsa-miR-98-5p,E2F1,Non-Functional MTI,miRTarBase_10.0_SE_WR,0.9,0.9,high,2026-06-21
hsa-miR-98-5p,EDN1,Functional MTI,miRTarBase_10.0_SE_WR,0.9,0.9,high,2026-06-21
hsa-miR-98-5p,IL6,Non-Functional MTI,miRTarBase_10.0_SE_WR,0.9,0.9,high,2026-06-21
hsa-miR-99a-5p,NOX4,Functional MTI,miRTarBase_10.0_SE_WR,0.9,0.9,high,2026-06-21
hsa-miR‑15a,GPX4,Functional MTI,miRTarBase_10.0_SE_WR,0.9,0.9,high,2026-06-21
hsa-mir-506-3p,PTBP1,Functional MTI,miRTarBase_10.0_SE_WR,0.9,0.9,high,2026-06-21
miR-30d,SOCS1,Functional MTI,miRTarBase_10.0_SE_WR,0.9,0.9,high,2026-06-21
miR-370,TFRC,Functional MTI,miRTarBase_10.0_SE_WR,0.9,0.9,high,2026-06-21
miR-374c-5p,IL6,Functional MTI,miRTarBase_10.0_SE_WR,0.9,0.9,high,2026-06-21
miR‑144‑3p,BCL6,Functional MTI,miRTarBase_10.0_SE_WR,0.9,0.9,high,2026-06-21
mmu-miR-153-3p,SNCA,Functional MTI,miRTarBase_10.0_SE_WR,0.9,0.9,high,2026-06-21
rno-miR-25-3p,NOX4,Functional MTI,miRTarBase_10.0_SE_WR,0.9,0.9,high,2026-06-21
