,dim_0,dim_1,dim_2,dim_3,dim_4,dim_5,dim_6,dim_7,dim_8,dim_9,dim_10,dim_11,dim_12,dim_13,dim_14,dim_15
BCP,0.17562772,0.15216991,0.019720964,-0.056528226,0.5110154,-0.091749966,-0.0725795,0.1752572,0.056359656,0.037324607,0.24879451,-0.15792759,0.35054478,0.35993987,-0.09573385,0.2189451
VC,0.32559085,-0.008839667,-0.031621285,-0.10631114,0.38248855,-0.1439119,-0.019826114,0.1807953,0.027512114,0.08757503,0.394168,-0.10360868,0.3948729,0.26248947,-0.16356683,0.30695274
Fer-1,0.2500258,0.12196602,-0.045741647,-0.20120224,0.49450415,-0.008972436,-0.010659993,0.17391708,0.061995026,0.11011859,0.28887016,-0.20413943,0.373769,0.31462976,-0.07415813,0.250692
DFO,-0.18002519,0.4588815,0.28202453,0.10149476,0.77635324,0.049357906,-0.012509733,0.2167999,0.082975894,-0.12572981,-0.03974843,-0.21476015,0.2671145,0.60620606,0.18101555,0.10064311
Lip-1,0.45689154,0.016905263,-0.09064058,-0.35746562,0.4893375,0.091361135,0.25140822,0.1565592,0.040111486,0.22304942,0.44020587,-0.2577084,0.414788,0.25901324,0.010418475,0.4434518
Erastin,0.66410905,-0.20106308,-0.39156595,-0.542431,0.009219348,-0.15424143,-0.09502368,0.19111088,0.11794712,0.40475422,0.6653249,-0.17695704,0.5161217,-0.06751385,-0.382861,0.394675
RSL3,1.0013071,-0.49190867,-0.68498033,-0.769014,-0.30115268,-0.27415133,-0.1893287,0.15329693,0.120422766,0.6082304,0.9455483,-0.15697353,0.62927604,-0.33238477,-0.6415557,0.48041373
ML162,0.84576356,-0.37492424,-0.4924692,-0.673573,-0.012280196,-0.10412815,-0.0029202402,0.15243715,0.060677815,0.47764838,0.788797,-0.17875703,0.5571307,-0.13630706,-0.4229965,0.47073472
Cinnamaldehyde,0.11097464,0.18687502,0.0625994,-0.03419909,0.4863482,-0.06677352,-0.1399329,0.19402957,0.0012166975,0.02785024,0.20779094,-0.10018404,0.3356731,0.41253138,-0.06977868,0.1487643
Cinnamic_acid,0.12107164,0.1716848,0.053953134,-0.041182637,0.45454714,-0.07769122,-0.1597153,0.19849814,-0.005220388,0.039814696,0.22327518,-0.08434868,0.33859354,0.40114293,-0.09048176,0.14515041
Quercetin,-0.060402423,0.48886758,0.3778287,0.19102797,-0.12637278,-0.17933483,-0.5170501,0.3694743,-0.29098052,0.33231586,0.32507586,0.35030413,0.22422108,0.68284637,-0.013866425,0.07587963
Naringenin,0.19440122,-0.18020158,-0.107655585,-0.12179561,-0.049611002,-0.45952475,-0.44491577,0.28535792,0.20392776,0.12238618,0.47527868,-0.00039095432,0.4612106,0.038484335,-0.57821316,0.12869054
Eucalyptol,0.20861928,0.12131026,0.025950618,-0.046563357,0.50249267,-0.10873744,-0.017429382,0.17691024,0.06160527,0.024010822,0.2765402,-0.1576941,0.3676964,0.33733538,-0.076382995,0.26082185
Borneol,0.17706302,0.15713829,0.04033483,-0.033997685,0.5238646,-0.09340523,-0.034898132,0.17679922,0.05422947,0.016323507,0.24608026,-0.15793122,0.35601065,0.36511344,-0.058433503,0.23746917
Baicalein,-0.07367569,0.50436217,0.34217736,0.170003,-0.07244387,-0.15444392,-0.54555887,0.35521287,-0.2818618,0.30947882,0.28091264,0.32175592,0.21914507,0.679716,-0.022705436,0.03484992
Wogonin,0.17800732,0.3032737,0.077145495,-0.06473237,-0.18611786,-0.19520186,-0.5426136,0.31165168,-0.19627717,0.43087858,0.44564128,0.22682263,0.30552438,0.44456053,-0.20495534,0.11407347
Luteolin,-0.12847835,0.5333452,0.412052,0.23982248,-0.08983287,-0.17729598,-0.55898,0.37354675,-0.3002067,0.28867102,0.26618168,0.36396283,0.20536344,0.72356707,0.00048422813,0.024726972
Kaempferol,-0.09687629,0.5208335,0.4038429,0.21443388,-0.09690738,-0.16501418,-0.5218403,0.37230158,-0.29952967,0.31024817,0.29117137,0.35432893,0.21203169,0.71262646,0.011500269,0.05549349
Hesperetin,0.30497307,-0.28165615,-0.22713743,-0.2268225,-0.11494002,-0.48972288,-0.4527286,0.26857227,0.24839257,0.1790382,0.5561094,-0.039593454,0.50296235,-0.07436988,-0.67503583,0.16262124
Resveratrol,0.1351467,0.10371513,0.057354115,-0.040294707,0.33657598,-0.13863386,-0.20830631,0.22569233,-0.00989733,0.06665093,0.28503495,-0.02367527,0.3501427,0.36109513,-0.16747306,0.1471884
Curcumin,0.4308314,-0.15295084,-0.24535382,-0.32596743,0.17809647,-0.1757638,-0.21780121,0.18290883,0.062726624,0.21999794,0.4897104,-0.104327604,0.4486739,0.09177464,-0.39082325,0.22857982
Ferulic acid,0.34294528,-0.06639917,-0.16407223,-0.23571768,0.24350286,-0.16387653,-0.2195189,0.18761198,0.042933878,0.16622405,0.4170157,-0.090142384,0.41883254,0.17427143,-0.31989792,0.19890094
Pinocembrin,0.2147542,-0.18649136,-0.12763333,-0.14352822,-0.038049817,-0.446439,-0.43209186,0.2778607,0.20541756,0.12905957,0.479425,-0.014771741,0.46512887,0.02902238,-0.5760999,0.13579312
Chrysin,-0.16019374,0.56989306,0.41815445,0.24320287,-0.019912064,-0.14152169,-0.5495285,0.36619604,-0.29761124,0.2565764,0.21498087,0.339654,0.19375472,0.74787754,0.033381253,0.000595063
Apigenin,-0.17260015,0.5738056,0.4403229,0.26585743,-0.047035515,-0.15781467,-0.5625205,0.37508646,-0.30680457,0.26006004,0.2219505,0.3627783,0.19078015,0.75846636,0.03208369,-8.523464e-05
Genistein,-0.25627443,0.5624054,0.48197308,0.35427567,-0.06963262,-0.23190768,-0.6433468,0.3967837,-0.29323992,0.17695457,0.17886087,0.4092026,0.19175076,0.7556883,-0.0076105595,-0.06605804
Daidzein,-0.25779435,0.53386855,0.47343513,0.36146632,-0.019998401,-0.23555116,-0.61972463,0.38615376,-0.27493685,0.13356161,0.16288513,0.3874899,0.19901617,0.74086726,-0.01323992,-0.06806201
Formononetin,-0.14488995,0.43223196,0.34962532,0.25295588,-0.072188556,-0.25653726,-0.6249844,0.3671062,-0.2356026,0.18347241,0.23699857,0.3474254,0.23882115,0.62889934,-0.10687922,-0.03852153
Oroxylin A,0.079421386,0.3734452,0.17212236,0.020771623,-0.14243588,-0.18204992,-0.55283785,0.328329,-0.22480981,0.38116366,0.38038725,0.2620124,0.27306753,0.5283556,-0.14724204,0.07636781
Scutellarein,-0.08821407,0.510289,0.3658767,0.19461384,-0.099004894,-0.17098974,-0.5597153,0.36443752,-0.29130998,0.31199956,0.28633508,0.34551647,0.215434,0.6917887,-0.02328682,0.033077985
Tangeretin,0.48243788,0.0606613,-0.22547606,-0.32826293,-0.32529756,-0.25315812,-0.5256857,0.2575353,-0.09832099,0.5799144,0.6538969,0.11813451,0.4088056,0.17282003,-0.41608053,0.22488609
Nobiletin,0.54395914,0.009278551,-0.27523696,-0.37307858,-0.3622367,-0.27017507,-0.5147556,0.2502552,-0.08151764,0.6114612,0.7033589,0.103852406,0.42964527,0.120953694,-0.45494854,0.25559342
Fisetin,-0.06675479,0.46616685,0.37663376,0.20168829,-0.09785795,-0.1868735,-0.50629014,0.36522713,-0.27980742,0.29785645,0.31333867,0.34219068,0.22930056,0.6724855,-0.020885557,0.07027224
Galangin,-0.08057809,0.51395,0.37969586,0.19037485,-0.07819703,-0.15149215,-0.51208776,0.3643178,-0.29224125,0.31050798,0.28893822,0.33489862,0.21610105,0.69935495,0.009532124,0.056995258
Phloretin,0.12456286,0.011123091,0.014039867,-0.046707124,0.17951381,-0.27247474,-0.32681176,0.25661206,0.069033735,0.0734012,0.3394342,0.0004433859,0.3891667,0.25089678,-0.32160047,0.116449334
Catechin,0.27941114,-0.27892625,-0.11415878,-0.14808105,-0.031410515,-0.45435625,-0.32674238,0.27355975,0.200602,0.13015099,0.54828095,-0.009247351,0.4770854,0.0053729415,-0.5860573,0.21626051
Epicatechin,0.27944052,-0.27886462,-0.11412014,-0.14797199,-0.030882508,-0.45423955,-0.32617074,0.2734067,0.20074248,0.12981737,0.5480874,-0.009625282,0.4772656,0.0053983927,-0.58546364,0.21643159
Tetramethylpyrazine,0.0899906,0.23567918,0.07912286,-0.01181221,0.5337095,-0.060738266,-0.10992889,0.18784739,0.02543401,0.012166396,0.1798565,-0.13488506,0.32964483,0.43146592,-0.029864818,0.16208307
Tanshinone IIA,0.58973527,-0.14274485,-0.31828675,-0.342174,-0.28919014,-0.38349143,-0.372409,0.225526,0.07000381,0.4705276,0.72543275,-0.007848065,0.5182662,-0.024395764,-0.47665805,0.33448672
Danshensu,0.25077018,-0.05287473,-0.041605897,-0.10740762,0.23477194,-0.22465844,-0.2046058,0.21758756,0.04564816,0.10042747,0.39793575,-0.03910394,0.40766662,0.22407469,-0.29118755,0.20217405
Honokiol,0.16048282,0.03630957,0.10594862,0.008278787,0.14281686,-0.23039933,-0.25947392,0.26323926,-0.060296956,0.12244872,0.38922292,0.09516236,0.36575246,0.34912735,-0.21858136,0.17508253
Magnolol,0.17642102,0.045108035,0.098154165,-0.010378718,0.19513908,-0.19501247,-0.21202697,0.25081635,-0.059134547,0.11903578,0.37974307,0.06550804,0.36348048,0.3561513,-0.1877299,0.19297579
Schisandrin,0.93531513,-0.64967626,-0.60888237,-0.6076598,-0.3201336,-0.46899313,-0.21708906,0.16487977,0.19933726,0.5054293,0.99258864,-0.11063166,0.62983215,-0.37240285,-0.82669723,0.50014323
Schisandrin B,0.86161757,-0.5708204,-0.55486387,-0.546956,-0.2686343,-0.4549773,-0.22291012,0.16481158,0.19273935,0.4639473,0.9254396,-0.11578059,0.6170858,-0.31103295,-0.7539933,0.46806562
Dihydroartemisinin,0.94985545,-0.53510433,-0.4584612,-0.5191846,0.07371716,-0.25399315,0.17235792,0.1286348,0.110505,0.35663593,0.88274026,-0.17205326,0.5581619,-0.20658082,-0.510803,0.6380917
Artemisinin,1.0450453,-0.60618466,-0.5463685,-0.59706336,-0.00439018,-0.28315252,0.16742384,0.117727324,0.1363915,0.416713,0.958915,-0.19407842,0.5965143,-0.2911588,-0.56997746,0.6747521
Shikonin,0.54001045,-0.22375785,-0.37563482,-0.32869476,-0.37199554,-0.46910056,-0.57744735,0.23501575,0.07185066,0.4220189,0.7009026,0.0547535,0.5329453,-0.08265528,-0.6323691,0.19838373
Plumbagin,0.45169872,-0.12694447,-0.29129112,-0.27094322,-0.14151639,-0.36377588,-0.45915547,0.21561903,0.06321818,0.31922156,0.5759753,-0.0032220297,0.49070546,0.024747744,-0.49143356,0.1896734
Emodin,0.6633445,-0.1290284,-0.44477388,-0.54279196,0.08175713,-0.15141253,-0.10879491,0.16893123,0.1645682,0.37241453,0.60664093,-0.2450421,0.514244,-0.085418224,-0.36390474,0.37868366
Aloe emodin,0.6184787,-0.10178192,-0.39315936,-0.5046097,0.11075434,-0.13859579,-0.092286736,0.17686227,0.15222967,0.34566438,0.57797945,-0.232988,0.5016161,-0.044614583,-0.32498056,0.37004358
Physcion,0.77561474,-0.23193316,-0.5651205,-0.6487837,0.02005811,-0.17784874,-0.11571205,0.15213883,0.20478547,0.42610595,0.6857542,-0.2816619,0.5546893,-0.19791993,-0.46007589,0.41085437
Chrysophanol,0.65007627,-0.10482435,-0.43264154,-0.5323672,0.10692188,-0.13504958,-0.102179915,0.16574904,0.15536264,0.36414993,0.587398,-0.24819393,0.50738144,-0.06366035,-0.33779213,0.37283614
Salidroside,0.5757729,-0.3093539,-0.19167654,-0.2626524,0.13567579,-0.24688376,-0.008012503,0.18654476,0.03449035,0.20282903,0.6417874,-0.05099841,0.4818493,0.041690603,-0.3712705,0.41410798
Tyrosol,0.13522829,0.0918919,0.06584635,-0.021724597,0.4153746,-0.13055801,-0.14017008,0.21002012,0.011384946,0.01714757,0.26479444,-0.061900098,0.35754785,0.36106107,-0.1337229,0.16931085
Hydroxytyrosol,0.20743337,0.009898022,-0.0010564104,-0.080658145,0.35159877,-0.164234,-0.14707571,0.20599432,0.03618534,0.054406747,0.3309145,-0.070262596,0.38570496,0.28432006,-0.2079671,0.19610867
Sulforaphane,0.0150075555,0.28462946,0.13700983,0.040519014,0.604444,-0.048166983,-0.08745009,0.19135399,0.040395837,-0.042739287,0.11878434,-0.1516622,0.31613028,0.47763363,0.021822244,0.14318603
Dimethyl fumarate,0.090351686,0.22141486,0.051324777,-0.029519856,0.5113812,-0.07635363,-0.14885323,0.1891844,0.040737204,0.015576467,0.18096194,-0.1378018,0.3363522,0.40558612,-0.06726551,0.14147972
Edaravone,0.27599406,0.12388065,-0.058952812,-0.17503673,0.41477445,-0.054021023,-0.070091605,0.16943356,0.031997614,0.14290756,0.3208511,-0.16571257,0.38555261,0.3135377,-0.08659351,0.24707417
Idebenone,0.21926232,0.14533609,-0.07411022,-0.13003938,0.38442063,-0.15289363,-0.14503925,0.17636928,0.13040131,0.1081909,0.29523352,-0.20445101,0.40252963,0.26559934,-0.14725116,0.21933869
Alpha-lipoic acid,0.051970676,0.2591737,0.11675536,0.01999566,0.5828994,-0.055455692,-0.07327908,0.18954644,0.04368927,-0.023339838,0.149833,-0.15357904,0.32423508,0.45365715,0.0058171153,0.16731298
Melatonin,0.47164655,-0.12783654,-0.27214283,-0.3639412,0.17017725,-0.154169,-0.18247227,0.17810237,0.07069899,0.25114828,0.5036878,-0.13359025,0.460774,0.07618736,-0.35091734,0.26003295
Huperzine A,0.7125975,-0.23201226,-0.4261329,-0.46727595,-0.2382957,-0.3105024,-0.31148717,0.1840045,0.04889344,0.51029515,0.77004254,-0.054547284,0.53766644,-0.07541835,-0.50059223,0.36594468
N-acetylcysteine,0.038218647,0.28166646,0.11716943,0.013677821,0.5556605,-0.04544022,-0.11675823,0.1974099,0.022093002,-0.0066352338,0.14107458,-0.13090372,0.31604972,0.46731502,0.0039156675,0.13914882
